crop,state,rainfall_mm,temperature_c,soil_moisture_pct,soil_ph,fertilizer_kg_ha,farm_size_ha,yield_tons_ha
soybean,Punjab,1455.6,28.8,38.6,6.9,90.9,1.34,4.882
cotton,MP,650.8,35.8,84.6,7.88,80.1,9.45,3.341
wheat,MP,405.7,10.3,32.6,6.79,120.0,14.62,5.366
groundnut,Maharashtra,767.7,37.8,67.4,6.2,111.6,7.03,3.685
wheat,Punjab,1153.8,18.4,42.7,6.58,81.6,3.99,7.265
soybean,Maharashtra,1418.4,23.1,58.6,6.99,101.8,8.43,5.495
groundnut,Karnataka,1178.7,35.1,62.9,6.91,113.7,13.87,4.076
tomato,AP,831.8,25.0,45.2,6.95,241.1,4.8,54.751
tomato,Telangana,412.5,23.1,30.8,6.09,194.0,3.38,43.495
cotton,Karnataka,1433.7,34.8,54.7,7.83,148.0,1.88,4.332
soybean,MP,892.7,28.8,56.0,6.96,142.1,2.23,5.084
wheat,MP,795.0,17.8,35.9,6.64,82.5,0.96,6.267
soybean,Telangana,882.9,26.1,52.6,7.36,97.5,11.46,3.869
wheat,AP,1046.5,19.5,40.3,7.31,160.4,13.44,6.846
cotton,AP,709.9,30.3,65.6,7.81,101.8,0.51,3.011
groundnut,Maharashtra,792.2,27.9,81.9,5.68,80.3,5.19,3.233
rice,Punjab,1236.4,34.6,57.3,6.94,125.2,4.86,9.375
groundnut,Karnataka,741.5,33.2,54.6,6.52,91.9,8.52,3.939
soybean,Punjab,672.8,24.4,55.9,6.36,136.2,14.76,4.974
rice,Telangana,1184.9,24.4,67.3,5.56,159.1,0.74,9.283
cotton,Maharashtra,913.8,26.4,58.5,7.88,111.8,12.65,3.612
wheat,MP,956.6,13.4,58.4,6.26,178.2,4.28,8.587
rice,MP,1876.7,33.7,49.2,6.45,133.9,11.03,11.9
cotton,Telangana,745.5,38.5,35.6,7.21,80.7,10.12,3.292
tomato,AP,528.6,24.6,42.3,6.54,247.8,10.83,52.196
maize,Maharashtra,1157.6,28.5,44.6,5.91,156.8,4.04,9.729
groundnut,MP,775.2,36.6,57.6,6.45,107.7,8.87,3.491
tomato,Maharashtra,857.6,27.2,55.8,5.57,299.2,4.55,58.692
groundnut,Maharashtra,1023.4,37.4,61.5,6.0,93.2,14.71,3.599
soybean,Telangana,885.2,22.0,68.3,6.84,145.5,8.77,5.112
wheat,MP,686.9,13.8,76.7,6.44,112.3,2.48,7.49
wheat,AP,1048.1,23.0,57.6,7.37,131.1,12.08,7.568
rice,MP,1755.0,33.6,35.2,6.01,137.6,8.89,9.971
soybean,MP,857.9,27.1,75.2,6.05,82.6,5.72,4.444
maize,Karnataka,1022.2,31.5,34.7,6.06,182.3,1.25,11.042
soybean,Punjab,719.5,31.6,51.9,7.07,82.9,6.79,4.25
wheat,AP,420.3,24.4,52.5,7.25,149.6,3.01,5.837
groundnut,MP,1000.2,33.6,70.6,5.92,117.3,8.54,3.817
groundnut,Karnataka,793.7,28.2,30.8,6.03,105.5,2.18,3.224
maize,AP,1263.4,32.1,65.7,6.22,166.5,1.2,12.495
groundnut,Karnataka,1120.7,28.4,57.6,5.52,116.0,8.32,3.767
soybean,AP,623.9,27.0,51.3,7.41,120.3,9.83,4.163
rice,Karnataka,1454.7,34.2,79.8,6.08,196.1,3.34,12.346
tomato,AP,945.3,22.1,68.1,5.89,224.4,5.55,59.181
cotton,Karnataka,635.3,31.3,53.3,7.94,123.8,8.74,3.37
maize,AP,750.0,28.7,43.1,6.84,176.2,10.36,9.925
soybean,Telangana,814.4,24.5,51.4,6.8,114.8,4.82,4.594
soybean,Punjab,1116.1,27.6,48.1,6.67,100.5,10.25,4.839
maize,Karnataka,1291.6,31.8,33.2,5.91,169.4,8.47,10.655
cotton,Maharashtra,705.4,27.1,35.6,7.52,129.5,1.72,3.233
tomato,AP,717.3,28.7,42.8,5.72,227.0,8.93,49.262
tomato,Punjab,680.2,26.5,68.8,6.22,206.7,4.11,55.776
cotton,MP,1043.4,25.2,36.5,6.94,84.5,2.2,3.879
tomato,Punjab,1169.7,22.5,42.3,5.93,280.3,14.47,64.458
maize,Karnataka,1469.9,20.6,84.6,6.87,172.8,1.57,13.866
wheat,Telangana,573.4,14.4,51.1,7.49,149.7,11.19,5.89
cotton,Punjab,1462.8,25.9,48.5,6.79,88.5,2.96,4.267
maize,AP,765.9,25.4,31.8,6.11,165.3,4.56,9.635
tomato,Punjab,882.2,21.3,81.7,5.7,161.4,6.54,53.292
wheat,MP,1092.9,10.7,74.6,6.04,117.6,14.82,7.805
rice,Maharashtra,1513.0,27.0,76.1,6.95,184.2,7.3,11.744
soybean,MP,1222.5,26.4,62.2,7.12,143.9,11.03,5.244
wheat,AP,702.3,13.6,45.1,6.31,105.1,3.5,6.396
wheat,Punjab,614.9,10.3,75.7,6.75,127.6,4.96,7.262
rice,MP,1961.6,23.1,56.4,6.69,159.0,6.6,12.852
cotton,Maharashtra,1412.8,34.3,65.0,7.96,128.6,8.54,4.284
cotton,AP,913.4,32.7,64.2,7.57,111.7,13.0,3.691
maize,Punjab,959.1,34.7,64.8,6.39,152.9,3.98,11.407
cotton,Telangana,1014.1,33.8,39.9,6.8,135.8,10.6,4.378
cotton,Karnataka,1475.8,34.0,49.0,6.45,145.7,5.54,5.245
groundnut,Karnataka,884.1,31.9,37.1,6.03,113.7,5.29,3.269
soybean,Telangana,1219.0,26.1,30.1,6.24,106.4,13.09,4.567
rice,Maharashtra,1021.4,24.7,64.0,6.06,148.5,5.85,10.13
groundnut,Maharashtra,676.7,34.3,59.3,6.84,90.7,2.05,3.288
wheat,MP,826.1,13.6,31.1,6.4,117.7,5.17,6.262
maize,Telangana,1390.5,28.9,57.4,6.61,198.9,1.76,13.055
soybean,MP,1128.2,28.9,45.6,6.65,88.9,5.76,4.904
cotton,Karnataka,897.3,39.0,50.1,6.02,98.0,7.57,4.058
groundnut,Maharashtra,561.5,35.5,32.8,5.58,110.5,0.76,2.725
cotton,Punjab,604.8,39.6,75.1,6.98,137.8,10.92,4.225
cotton,AP,852.0,36.5,53.4,6.37,105.9,7.86,3.972
wheat,MP,630.9,18.7,59.3,6.23,128.1,1.25,6.73
wheat,AP,838.9,18.2,34.8,6.3,148.5,2.51,7.71
cotton,MP,696.0,37.8,81.3,7.49,112.7,14.87,3.589
wheat,Punjab,703.4,23.9,73.0,7.08,84.8,12.51,6.602
cotton,Karnataka,767.8,28.5,47.4,7.27,152.6,9.03,3.971
wheat,MP,1119.7,19.4,61.8,6.81,123.9,5.65,8.112
tomato,Maharashtra,834.3,23.2,68.2,6.0,259.6,2.92,57.035
soybean,Karnataka,1045.9,28.9,71.4,6.86,149.8,10.75,5.514
maize,MP,1214.1,27.4,59.5,6.71,130.3,5.99,11.271
tomato,Punjab,717.8,27.6,69.7,5.72,184.4,10.94,52.817
maize,AP,751.8,25.2,62.1,6.02,210.8,6.31,11.268
soybean,AP,1452.6,21.8,63.6,6.88,115.4,0.76,5.951
tomato,AP,1017.0,22.5,35.7,5.6,161.6,12.69,45.571
cotton,Telangana,701.9,39.8,80.6,7.68,90.0,13.11,3.809
tomato,Telangana,995.4,20.5,36.3,6.68,240.6,6.51,59.249
wheat,Maharashtra,1138.4,17.0,62.3,6.72,171.8,0.98,8.833
rice,Punjab,1302.7,33.9,64.8,6.04,158.1,0.69,10.609
tomato,Telangana,542.4,29.5,34.7,5.72,212.2,14.95,48.283
tomato,MP,1000.0,20.5,40.5,6.85,180.8,1.03,51.751
groundnut,Maharashtra,546.0,35.1,54.2,6.18,91.5,6.31,2.946
rice,Karnataka,890.6,31.8,59.0,5.91,189.7,12.11,9.566
soybean,Punjab,1355.8,30.4,44.0,6.61,118.6,3.34,5.877
rice,Karnataka,1014.3,30.5,43.4,5.86,109.9,10.97,7.85
groundnut,Maharashtra,1173.9,37.3,47.8,5.71,84.4,1.76,3.561
tomato,Maharashtra,498.2,28.5,80.1,6.46,255.6,9.56,64.154
cotton,AP,1342.6,30.4,49.0,6.07,146.5,11.72,4.985
cotton,Punjab,1477.1,36.7,84.2,6.23,125.3,7.33,5.471
rice,AP,827.0,25.5,44.2,6.31,163.3,2.52,8.514
soybean,Karnataka,616.6,31.0,45.1,6.18,120.4,8.54,4.184
rice,MP,1795.7,24.7,79.5,5.52,113.7,13.17,10.995
rice,Karnataka,1010.4,33.9,58.5,6.13,138.3,1.18,9.75
maize,MP,1238.0,21.2,51.4,6.52,144.5,4.69,11.92
soybean,Maharashtra,1454.4,24.8,56.6,7.43,89.5,4.41,4.479
soybean,Punjab,745.8,30.1,38.5,7.27,146.9,9.54,3.709
rice,Telangana,1394.6,30.9,75.1,6.15,124.6,12.09,10.56
maize,Maharashtra,772.1,28.9,80.5,6.23,129.2,2.48,10.344
soybean,Punjab,1087.7,30.5,66.2,7.1,136.5,10.54,5.299
groundnut,Telangana,1132.4,33.4,66.8,6.54,63.1,1.14,3.691
soybean,MP,708.5,28.8,53.2,6.29,88.1,12.03,4.742
soybean,MP,649.4,25.5,65.8,6.78,125.1,5.79,4.479
cotton,Karnataka,1077.2,31.6,74.2,6.81,125.8,8.31,5.286
groundnut,Telangana,1016.5,31.8,53.0,6.14,112.6,7.2,3.737
cotton,Maharashtra,1498.1,30.3,56.4,7.53,112.2,9.6,4.075
maize,Telangana,1268.3,26.3,43.1,6.31,193.8,2.1,11.479
maize,AP,733.6,20.6,53.5,5.82,218.8,6.07,9.761
maize,Punjab,1456.4,32.0,84.0,6.11,178.9,13.32,14.142
wheat,Telangana,994.7,11.0,42.7,6.6,163.8,12.54,7.885
groundnut,AP,532.9,30.0,75.4,5.56,117.4,12.11,3.025
rice,Maharashtra,1516.7,28.8,57.0,5.89,151.5,14.95,10.662
cotton,Maharashtra,802.0,28.4,61.9,7.07,127.4,1.83,3.998
maize,Karnataka,1388.7,34.3,66.0,6.83,201.0,8.49,13.551
cotton,AP,967.6,30.6,57.3,6.52,137.9,1.68,4.836
tomato,Karnataka,1081.0,23.9,75.4,6.22,238.9,5.54,66.561
wheat,Maharashtra,1091.6,21.0,43.5,6.78,166.8,2.78,7.901
tomato,Telangana,1144.1,19.3,78.5,6.55,178.4,14.44,63.3
rice,Maharashtra,1854.9,22.1,80.0,6.73,122.9,0.52,12.917
maize,AP,787.0,29.3,44.3,6.98,183.2,9.69,9.897
tomato,Maharashtra,502.8,21.4,76.2,5.53,214.8,6.19,49.049
groundnut,Punjab,621.6,35.0,72.4,6.92,70.0,10.77,3.102
groundnut,Telangana,540.5,26.0,67.2,6.78,119.4,6.97,3.742
maize,Karnataka,522.1,24.9,67.6,6.39,197.0,6.97,11.357
groundnut,AP,1198.0,30.5,73.7,6.18,69.8,10.56,4.141
cotton,Maharashtra,1455.8,27.3,53.1,6.86,155.5,9.76,5.453
groundnut,Maharashtra,692.0,37.8,42.6,6.11,113.6,3.59,3.263
maize,AP,1364.4,27.1,77.8,6.96,138.6,11.76,11.966
soybean,Maharashtra,1360.3,29.1,31.8,6.94,89.2,13.85,4.765
rice,MP,940.8,23.6,41.0,6.53,143.0,7.63,9.189
soybean,MP,1123.8,23.2,55.0,7.2,101.7,0.67,4.499
groundnut,MP,704.2,34.0,32.2,6.79,106.8,7.47,3.042
rice,Telangana,923.4,29.4,41.6,5.53,148.2,5.52,7.715
rice,Karnataka,899.0,32.7,83.8,6.04,132.2,3.41,9.204
wheat,AP,1057.2,10.6,36.8,7.01,175.2,13.5,7.923
soybean,Telangana,1238.2,30.5,48.7,7.07,136.1,12.31,5.344
soybean,Maharashtra,1405.3,26.6,65.4,7.23,111.7,8.13,5.151
groundnut,Punjab,673.0,27.1,83.7,6.81,73.2,5.38,3.578
tomato,Karnataka,927.0,24.0,42.6,6.33,257.9,14.95,60.946
wheat,Maharashtra,944.2,11.1,55.4,6.05,105.8,13.09,6.773
soybean,AP,1268.4,25.1,84.3,6.52,106.0,1.08,6.064
maize,AP,1225.3,27.3,53.2,6.85,210.1,4.51,12.854
cotton,AP,1421.1,28.2,70.3,7.25,130.5,2.41,4.983
soybean,AP,813.8,31.7,57.1,6.27,139.8,4.08,4.987
maize,Karnataka,945.3,27.7,39.0,6.23,179.3,6.17,9.836
maize,Punjab,1469.8,26.8,39.3,6.08,127.3,8.04,10.975
wheat,Punjab,1063.1,16.5,68.9,6.37,141.7,2.92,8.77
tomato,Telangana,1075.3,27.7,41.3,6.38,280.2,2.12,69.152
wheat,MP,445.7,18.0,36.7,7.4,83.9,7.06,4.629
rice,Maharashtra,849.9,23.9,30.3,6.98,196.5,14.3,8.773
wheat,Karnataka,1094.3,16.8,66.7,6.77,128.9,2.52,7.804
soybean,AP,769.5,28.8,83.0,6.23,96.4,4.2,4.99
rice,AP,1249.2,22.2,77.6,5.87,183.1,11.64,11.102
maize,Telangana,1100.6,34.1,61.7,6.79,186.7,5.55,11.755
wheat,AP,884.0,14.8,71.4,7.3,179.3,1.81,7.567
wheat,Karnataka,1012.2,23.9,78.3,6.66,170.1,5.1,9.19
tomato,Maharashtra,700.5,21.6,64.7,6.47,199.3,9.34,52.699
tomato,Telangana,877.2,24.5,62.3,6.17,152.2,2.94,53.912
groundnut,AP,1031.5,31.5,76.6,6.31,117.1,13.76,4.37
soybean,Punjab,1029.0,24.7,69.4,6.82,132.3,8.06,5.114
tomato,Maharashtra,406.1,25.8,81.0,6.85,186.5,1.37,50.291
wheat,MP,788.7,13.9,74.2,6.43,110.7,8.32,7.655
wheat,Punjab,974.1,16.0,58.7,7.47,162.3,2.29,7.229
soybean,Telangana,1110.6,23.1,74.3,7.44,113.8,8.48,4.837
tomato,AP,489.8,18.0,62.6,6.46,227.3,12.01,52.486
rice,Karnataka,1887.1,32.0,46.6,6.33,125.6,11.11,11.368
maize,Punjab,1171.4,32.1,53.3,6.72,135.0,2.72,10.926
rice,Karnataka,914.9,22.3,60.1,6.46,160.7,3.86,9.834
groundnut,Karnataka,916.1,31.5,68.2,6.98,68.2,6.36,3.721
rice,Maharashtra,1989.5,23.7,61.8,5.66,172.4,4.48,11.651
groundnut,Punjab,560.0,36.6,42.5,5.79,79.4,5.65,2.714
wheat,Punjab,1040.3,13.5,65.8,6.81,168.0,8.23,8.261
tomato,AP,666.4,26.0,60.7,6.99,249.3,11.09,54.836
maize,AP,1457.6,22.6,59.5,6.63,140.1,1.9,12.151
rice,Punjab,1217.1,30.6,42.9,6.69,192.7,6.29,10.639
rice,MP,1425.1,30.1,37.0,5.63,175.5,12.48,9.666
groundnut,Punjab,996.1,25.5,49.8,5.95,75.8,1.77,3.338
cotton,Maharashtra,957.3,31.7,80.6,7.2,121.3,7.71,4.495
groundnut,Punjab,1096.0,27.7,75.0,6.9,67.0,6.02,3.896
maize,MP,580.9,26.0,49.0,6.01,189.5,14.65,9.608
wheat,Telangana,860.1,17.2,37.7,6.47,140.6,13.52,7.029
cotton,Telangana,1342.7,35.0,57.8,6.24,118.3,3.87,4.963
tomato,Punjab,1021.4,19.5,78.2,6.39,290.5,4.53,75.949
soybean,Maharashtra,947.8,26.8,56.7,6.29,94.8,11.44,4.638
soybean,Telangana,987.3,22.0,44.6,6.11,134.8,3.08,4.931
maize,Telangana,732.6,23.3,76.6,6.01,185.6,11.0,11.416
tomato,Punjab,723.8,25.8,56.5,6.03,228.8,3.06,55.461
soybean,AP,720.4,25.0,67.5,7.19,120.8,3.25,4.388
tomato,Telangana,658.8,28.0,33.6,6.44,179.8,1.12,45.183
cotton,Karnataka,1359.9,26.5,47.9,6.98,92.0,11.19,4.111
cotton,Telangana,1152.7,37.9,37.3,6.78,156.5,1.98,4.577
wheat,Punjab,461.1,14.2,73.0,7.4,105.3,12.46,5.73
soybean,AP,947.7,25.4,54.8,6.34,142.3,13.3,5.077
rice,Maharashtra,1590.8,32.4,58.0,5.66,103.6,6.12,9.13
soybean,MP,1492.4,31.6,49.5,7.41,134.9,6.48,5.329
wheat,MP,466.1,17.7,42.5,7.35,158.2,14.65,5.817
soybean,AP,609.4,23.1,82.8,6.39,84.8,7.43,4.505
maize,Punjab,974.3,21.7,58.6,6.38,212.0,9.44,12.471
wheat,Maharashtra,435.0,11.7,50.7,6.9,89.5,8.48,5.099
maize,MP,1428.3,30.1,84.6,6.4,121.3,10.24,12.707
groundnut,Telangana,680.9,32.1,83.8,6.45,73.3,11.35,3.491
cotton,MP,1277.9,29.0,35.9,7.08,138.2,10.44,4.345
maize,Maharashtra,1465.1,27.3,52.7,5.98,154.2,11.49,11.793
groundnut,Maharashtra,606.1,26.2,53.9,6.37,112.6,2.83,3.731
wheat,Telangana,993.4,23.2,78.4,6.42,99.4,10.03,8.366
groundnut,Maharashtra,631.6,29.6,30.3,6.68,93.3,11.53,2.906
groundnut,Punjab,1022.0,27.6,48.0,6.94,82.1,2.66,3.574
tomato,AP,694.6,23.4,62.6,6.58,282.9,6.18,63.893
tomato,MP,956.5,18.0,73.7,6.43,203.3,1.85,62.074
groundnut,Maharashtra,545.4,32.5,63.2,6.34,93.6,10.31,3.78
wheat,Maharashtra,615.9,22.4,33.2,6.75,87.7,5.35,5.845
soybean,Punjab,1065.5,25.3,53.9,6.22,103.0,1.78,5.011
maize,Telangana,1098.2,31.0,65.3,7.0,213.3,6.61,12.737
cotton,MP,1492.0,36.2,41.2,7.48,156.0,8.7,4.516
wheat,AP,532.2,20.5,68.4,6.88,138.6,13.98,6.748
tomato,Karnataka,769.4,23.8,68.8,6.15,290.6,9.65,66.69
groundnut,AP,1136.6,35.1,42.4,5.51,63.4,2.4,3.083
rice,Punjab,816.1,25.7,45.2,5.57,103.6,4.5,6.829
groundnut,AP,690.4,34.9,33.6,6.17,106.6,7.57,2.742
soybean,MP,1409.9,20.3,60.8,7.0,147.4,14.08,5.9
wheat,AP,735.0,13.9,44.1,7.1,178.1,9.99,6.97
cotton,Maharashtra,1474.8,34.1,38.3,6.7,89.1,3.77,4.111
wheat,Telangana,1080.5,18.4,77.3,6.79,91.5,10.98,7.763
rice,AP,898.1,28.0,82.0,6.23,116.6,12.82,9.377
wheat,AP,769.8,16.2,33.4,6.98,134.5,7.93,6.195
cotton,Telangana,781.2,28.9,71.6,6.33,106.4,8.03,4.528
tomato,MP,529.3,21.1,71.3,6.92,234.0,8.59,52.777
cotton,Punjab,1084.8,32.5,75.2,6.21,132.5,6.02,4.932
cotton,Karnataka,1468.0,28.1,73.6,7.05,103.0,8.88,5.108
soybean,MP,1079.7,21.9,47.4,7.04,135.5,12.93,4.909
cotton,Maharashtra,849.2,39.8,40.1,6.28,96.2,13.46,3.501
maize,MP,1115.3,21.3,57.8,6.86,200.4,14.52,12.051
soybean,Karnataka,1485.7,28.0,78.5,6.95,91.6,6.7,5.879
rice,Punjab,1868.3,23.0,77.2,6.6,118.7,12.38,13.394
wheat,MP,968.2,14.7,55.3,6.71,162.2,5.69,8.448
maize,MP,673.8,30.7,43.2,6.79,130.1,2.56,8.65
rice,Maharashtra,1340.4,31.7,49.4,6.48,162.1,12.7,11.05
cotton,Telangana,713.6,35.1,33.8,6.65,134.9,3.04,3.805
rice,Punjab,1072.6,32.9,68.2,5.92,164.3,7.93,9.518
cotton,Telangana,873.6,34.8,72.1,7.88,149.7,11.93,3.687
tomato,AP,920.6,28.5,51.4,5.5,175.4,6.0,45.634
groundnut,Maharashtra,788.9,35.4,53.2,6.22,61.1,0.89,2.95
groundnut,MP,1100.8,28.8,74.3,6.87,105.2,0.76,4.325
maize,Maharashtra,1372.8,21.7,35.3,6.64,174.1,4.01,11.302
rice,Punjab,1161.5,29.8,70.9,5.95,130.0,1.2,9.982
rice,Karnataka,1805.8,25.7,73.4,6.14,126.8,8.81,12.463
tomato,Karnataka,601.8,20.6,58.9,6.23,260.6,0.97,56.323
groundnut,Punjab,825.1,26.8,39.4,6.01,69.9,14.25,3.056
groundnut,Punjab,1052.2,33.3,42.9,6.51,67.9,11.91,3.483
rice,Telangana,1122.8,27.3,32.2,6.84,100.3,9.26,7.339
cotton,Maharashtra,849.1,39.6,40.8,6.66,118.6,9.36,3.752
tomato,Karnataka,404.4,18.1,35.9,5.83,155.5,5.41,35.769
tomato,Karnataka,857.6,24.2,51.8,5.94,289.8,1.76,59.047
cotton,Maharashtra,1056.7,38.1,84.6,6.99,136.2,2.41,4.892
groundnut,Karnataka,776.2,30.5,69.3,6.12,114.5,9.31,3.919
soybean,Punjab,1339.1,20.0,44.2,6.95,83.6,1.36,4.482
soybean,Punjab,1217.9,21.4,50.3,6.58,111.9,2.25,5.51
rice,Punjab,896.2,26.6,67.3,6.91,166.9,5.75,9.568
cotton,Karnataka,609.1,34.5,78.1,7.83,129.0,11.0,3.465
wheat,Telangana,955.9,18.0,52.0,6.67,88.4,13.7,6.6
groundnut,Telangana,651.2,31.1,51.3,6.73,64.0,12.85,2.961
rice,Karnataka,1834.1,29.7,54.8,5.84,138.4,8.9,10.734
rice,Maharashtra,1498.6,26.8,67.9,6.4,170.6,5.93,12.242
maize,Karnataka,1390.1,25.2,65.5,5.99,122.5,9.74,10.577
cotton,Maharashtra,968.7,29.7,50.1,7.35,128.5,3.66,3.867
maize,Telangana,640.6,27.3,83.0,5.83,170.5,6.07,10.275
cotton,MP,627.9,30.8,71.6,6.32,81.9,7.15,3.925
tomato,Karnataka,1164.7,21.8,75.5,6.83,240.4,14.77,69.033
tomato,Maharashtra,1168.9,22.7,59.8,6.08,201.1,2.74,63.837
groundnut,Karnataka,1083.6,30.7,40.7,5.95,75.6,1.34,3.64
groundnut,Punjab,664.5,35.8,62.1,6.32,69.9,15.0,3.317
maize,Maharashtra,1282.4,31.0,73.6,6.16,152.6,7.19,12.027
soybean,Karnataka,733.2,30.2,37.3,7.07,143.5,9.1,3.885
soybean,Punjab,634.2,29.0,67.4,6.82,84.0,7.27,4.451
wheat,Punjab,1175.7,24.2,71.5,6.77,89.4,7.63,7.808
cotton,Telangana,1106.4,31.6,49.9,7.21,153.5,11.02,4.012
tomato,MP,764.8,23.3,74.4,6.4,238.7,7.41,61.933
soybean,MP,830.4,20.4,70.4,7.46,95.5,11.56,3.939
groundnut,Karnataka,521.4,36.3,65.4,6.29,98.0,12.39,3.544
groundnut,Telangana,1055.4,37.9,34.9,5.8,119.7,0.53,3.234
cotton,Telangana,907.6,34.5,81.5,6.14,80.5,12.42,4.192
cotton,AP,694.0,31.0,67.8,7.45,102.4,0.86,3.54
cotton,Maharashtra,1094.2,34.5,30.3,7.15,135.8,1.96,3.938
rice,AP,1753.4,31.2,52.2,5.58,107.3,4.78,9.559
maize,AP,781.0,32.1,79.8,6.92,160.5,5.16,10.113
rice,MP,1974.8,29.8,36.8,6.04,164.8,13.39,11.303
soybean,MP,1008.6,29.9,58.9,6.83,124.6,7.22,4.882
soybean,MP,1107.0,21.4,52.1,7.38,130.4,2.8,4.37
wheat,AP,1059.0,20.8,35.7,6.41,120.2,3.24,7.435
groundnut,MP,1127.0,32.6,81.7,6.2,80.4,1.7,4.25
maize,Maharashtra,1326.7,21.9,61.4,6.48,206.7,13.65,13.687
groundnut,Punjab,972.6,26.5,81.2,5.56,93.9,12.74,3.711
soybean,AP,725.2,23.1,45.3,7.31,92.8,2.38,3.774
rice,Karnataka,1370.5,30.2,57.4,7.0,110.5,6.08,9.442
rice,Maharashtra,1349.2,24.7,32.9,6.05,137.0,11.63,9.456
soybean,AP,790.8,27.9,41.9,6.71,141.6,10.33,4.611
tomato,Karnataka,636.2,19.6,47.4,6.48,260.8,9.85,60.809
groundnut,Telangana,1123.2,28.7,36.1,6.05,63.5,7.98,3.11
maize,Karnataka,1188.0,23.6,69.0,6.89,203.8,14.26,12.99
maize,Karnataka,964.1,34.5,47.2,6.42,187.8,11.72,11.062
soybean,Telangana,1069.2,31.7,72.4,6.19,81.2,12.2,4.809
tomato,Telangana,1018.5,24.2,30.1,6.02,205.8,4.85,50.116
maize,Karnataka,1474.2,32.7,73.1,5.83,209.9,11.82,12.505
maize,Maharashtra,1210.1,34.1,33.3,6.52,167.3,10.24,10.621
maize,AP,1490.2,23.6,65.5,6.44,185.1,8.64,13.665
wheat,Punjab,895.8,23.4,45.2,7.27,111.5,14.73,6.433
maize,Punjab,1142.8,32.1,69.9,6.94,153.7,8.31,11.41
wheat,Telangana,1144.5,17.5,52.9,6.35,84.5,4.88,7.074
wheat,Karnataka,1159.3,24.4,71.8,6.93,172.9,8.43,9.036
cotton,MP,1377.6,32.2,37.5,7.8,133.9,14.93,3.573
wheat,Maharashtra,713.5,19.9,57.4,6.16,143.7,6.4,7.137
maize,Maharashtra,959.0,33.8,30.7,6.01,141.4,0.71,9.089
maize,Maharashtra,1232.1,25.3,82.4,6.64,159.5,14.52,13.441
groundnut,Punjab,673.1,33.3,61.1,6.5,69.8,11.69,3.33
groundnut,Punjab,508.5,25.1,42.6,6.04,115.6,9.7,2.954
wheat,Maharashtra,603.1,13.7,30.0,6.6,169.5,13.57,6.322
groundnut,Maharashtra,1168.4,31.4,64.9,6.27,88.9,1.82,3.767
rice,AP,1990.9,27.0,76.6,6.36,141.6,13.58,13.304
wheat,Karnataka,1179.5,10.4,42.6,7.26,155.2,14.37,7.332
rice,Karnataka,1317.7,31.3,47.9,6.34,142.8,12.68,9.822
tomato,Punjab,744.1,28.8,72.0,6.77,210.1,12.44,58.783
tomato,Karnataka,604.2,21.5,65.0,6.39,154.9,5.78,51.69
wheat,Maharashtra,805.5,16.1,48.3,7.22,163.6,10.56,7.038
cotton,AP,1388.3,33.1,32.1,6.56,114.0,2.35,4.704
groundnut,Telangana,500.0,30.4,83.5,6.28,63.3,3.78,3.127
cotton,Maharashtra,646.7,27.9,65.2,6.62,138.5,6.53,4.15
tomato,AP,642.3,21.9,40.0,6.57,272.5,5.88,59.953
rice,Maharashtra,1297.4,31.8,58.5,5.53,126.9,4.4,8.114
wheat,MP,612.3,19.0,71.7,6.44,151.4,1.99,8.354
maize,Telangana,1432.9,32.4,55.4,6.64,191.4,13.85,14.445
soybean,AP,1256.1,30.3,40.7,6.41,136.5,5.51,5.462
maize,Karnataka,1447.1,27.4,73.2,6.26,136.3,11.15,12.865
wheat,Telangana,420.2,22.6,83.4,6.02,150.4,6.85,7.279
cotton,MP,1091.8,39.5,69.5,6.1,120.4,13.01,4.364
tomato,MP,842.2,22.8,38.7,5.7,279.8,4.99,55.156
cotton,Telangana,1317.0,28.8,75.8,7.25,125.7,13.64,4.728
wheat,Punjab,939.2,10.8,46.9,6.82,108.8,5.62,6.233
rice,Punjab,1285.4,22.9,53.8,6.68,128.6,10.44,10.306
tomato,Maharashtra,445.3,22.5,66.9,6.92,246.3,9.67,52.689
groundnut,Karnataka,571.0,28.6,83.9,5.91,85.9,1.48,3.153
tomato,AP,543.5,29.6,70.6,5.67,210.5,10.72,45.393
maize,Maharashtra,1105.5,27.8,60.2,6.69,183.1,10.5,11.708
wheat,Maharashtra,876.3,12.6,53.7,7.39,86.8,10.59,5.527
wheat,MP,913.3,20.6,54.8,6.56,136.4,10.24,7.748
groundnut,Telangana,868.0,28.2,36.4,5.5,70.4,7.01,2.544
cotton,Karnataka,782.4,33.8,52.4,7.4,134.4,0.72,3.76
maize,Telangana,1042.0,34.1,63.9,6.06,192.6,11.22,11.848
wheat,AP,994.3,14.9,74.4,7.34,88.4,12.99,6.285
maize,Karnataka,1012.7,26.6,60.1,7.0,142.9,10.22,9.854
soybean,Telangana,1336.5,20.6,49.6,7.37,82.1,0.73,4.459
cotton,AP,656.3,31.9,67.0,7.47,128.5,1.68,3.735
cotton,Karnataka,1308.1,31.0,84.3,7.03,100.3,4.73,4.919
groundnut,AP,799.2,27.7,77.6,6.7,80.0,13.77,3.683
wheat,Maharashtra,910.4,22.5,37.9,6.75,133.5,11.87,7.423
wheat,AP,800.1,21.8,62.5,6.9,100.1,6.41,6.6
maize,Telangana,1264.4,26.1,38.8,6.59,146.0,2.83,10.906
tomato,Telangana,548.5,26.0,67.7,6.82,272.1,2.1,57.406
maize,Maharashtra,1015.0,28.0,75.6,6.23,155.4,11.94,11.176
soybean,MP,1422.4,31.4,57.8,6.49,104.8,14.15,5.892
cotton,MP,1069.4,36.9,55.4,7.77,107.6,6.51,3.149
soybean,MP,866.3,25.5,51.2,6.62,130.5,7.6,5.229
tomato,AP,825.5,27.5,49.0,5.95,231.2,6.51,53.409
wheat,Maharashtra,593.2,15.3,58.6,6.16,102.2,9.31,5.797
soybean,MP,1463.9,27.4,53.6,6.84,109.1,8.34,5.311
wheat,AP,537.4,17.5,64.7,6.62,167.1,8.22,7.566
tomato,Karnataka,751.3,29.8,72.1,6.27,167.1,10.34,52.486
wheat,Telangana,1161.2,21.6,67.0,6.92,165.7,6.42,8.699
wheat,Punjab,1105.3,21.0,55.6,7.05,155.3,13.18,8.008
rice,Maharashtra,952.9,25.7,75.1,6.3,151.1,6.37,10.119
groundnut,MP,953.4,25.2,32.3,5.92,72.5,7.45,3.005
soybean,Telangana,1268.8,30.2,54.8,6.82,148.7,7.94,5.481
groundnut,Maharashtra,994.6,29.9,49.2,6.05,62.7,13.97,3.257
groundnut,Maharashtra,1082.0,36.0,35.2,6.06,97.9,2.0,3.429
rice,AP,1457.6,28.8,71.7,6.03,167.7,0.71,11.324
cotton,Punjab,1268.0,27.5,71.2,6.39,151.2,13.67,5.611
wheat,Punjab,1082.1,18.1,52.8,7.14,110.7,10.84,7.331
cotton,Telangana,817.4,28.2,57.9,6.85,152.6,3.22,4.455
maize,Maharashtra,1321.8,29.9,68.1,6.76,147.2,4.33,11.934
groundnut,Maharashtra,945.5,29.2,68.2,5.9,71.5,3.67,3.21
soybean,Karnataka,1333.4,29.3,34.9,7.14,93.1,10.63,4.54
maize,Telangana,932.3,20.5,78.4,6.11,123.4,4.03,10.11
wheat,MP,743.2,13.0,54.0,6.77,153.6,10.17,7.252
wheat,AP,998.4,22.2,75.5,7.06,176.7,13.59,9.352
tomato,Karnataka,504.1,18.3,61.1,6.04,267.6,5.04,52.072
tomato,Maharashtra,412.6,18.2,47.0,6.87,255.9,2.42,49.181
cotton,Karnataka,1378.0,33.8,71.6,7.16,159.3,6.91,5.188
wheat,Karnataka,711.4,13.4,81.1,6.9,172.8,5.46,7.615
cotton,Karnataka,1483.0,34.7,62.6,7.61,137.2,1.27,4.531
cotton,Karnataka,1207.3,35.2,39.2,6.75,155.3,7.76,4.843
rice,MP,1130.3,24.0,39.9,6.45,159.9,10.72,10.191
groundnut,AP,967.4,35.9,72.9,5.75,61.1,9.34,3.443
groundnut,Punjab,1172.6,32.0,38.5,6.23,84.1,8.8,3.653
groundnut,AP,1144.9,32.6,32.9,6.39,81.3,0.96,3.398
maize,Punjab,746.3,30.4,83.7,6.52,170.2,10.41,11.729
cotton,Karnataka,1320.1,38.3,41.9,6.25,96.0,10.52,4.518
soybean,Karnataka,656.2,24.0,74.9,6.1,148.3,12.86,5.23
groundnut,Karnataka,559.6,30.0,42.6,5.61,72.6,7.3,2.53
maize,Karnataka,1029.9,34.8,30.5,6.0,131.4,2.76,8.681
cotton,MP,1167.5,28.3,50.1,6.04,146.1,5.63,4.753
groundnut,Karnataka,834.9,35.1,30.2,5.96,78.7,3.03,3.149
soybean,Telangana,997.6,31.8,45.5,6.59,130.1,5.78,4.89
wheat,Maharashtra,1193.4,20.0,36.9,6.3,84.5,8.66,6.481
rice,Punjab,819.0,28.8,60.8,6.21,165.6,10.46,9.175
wheat,Punjab,732.9,17.7,75.0,7.35,169.0,7.9,7.4
tomato,Telangana,810.3,28.4,81.3,6.1,295.5,11.25,68.716
maize,Karnataka,778.6,23.3,45.7,6.02,202.6,13.94,9.921
soybean,MP,728.7,24.5,34.8,7.2,105.7,8.57,3.82
groundnut,Punjab,970.9,27.9,43.7,5.83,112.4,4.32,3.517
tomato,Karnataka,1096.5,27.5,38.4,6.44,262.5,7.15,63.627
wheat,AP,1158.8,24.2,73.2,6.91,172.5,9.05,9.068
tomato,Telangana,1018.0,26.4,58.2,6.42,264.1,10.71,68.33
groundnut,MP,833.0,33.8,65.6,6.64,62.7,3.79,3.567
soybean,Telangana,1021.5,29.3,45.3,6.19,123.8,12.87,4.93
rice,Punjab,1669.5,23.5,39.5,6.41,128.1,6.01,10.771
wheat,MP,444.4,18.5,60.6,6.98,101.1,12.92,5.391
tomato,Maharashtra,819.8,27.3,31.7,5.85,201.8,14.44,44.883
soybean,Maharashtra,1173.4,27.2,46.3,6.98,93.5,9.48,4.602
groundnut,AP,1139.1,29.4,59.9,6.18,100.7,5.53,4.401
maize,MP,1294.5,24.2,76.7,5.97,151.3,1.79,11.894
maize,AP,1428.6,20.9,62.7,5.91,136.3,2.68,11.234
groundnut,Karnataka,812.7,31.5,66.4,5.87,88.3,11.39,3.466
cotton,Karnataka,703.3,39.1,77.6,7.57,117.0,4.12,3.892
soybean,AP,1370.5,24.3,46.4,7.14,100.7,2.05,5.079
cotton,AP,1143.4,37.9,56.7,7.64,93.9,2.2,3.516
tomato,AP,640.0,25.2,36.4,6.15,174.7,8.43,44.587
soybean,Punjab,1123.3,21.3,68.5,7.31,116.6,6.46,4.954
wheat,Telangana,1154.1,11.2,35.4,6.38,158.0,1.6,7.619
groundnut,Karnataka,658.4,36.6,63.9,6.68,102.0,13.02,3.502
maize,Punjab,1373.1,31.8,43.5,6.7,176.1,6.64,11.636
wheat,Punjab,421.8,17.9,61.6,6.33,178.9,2.5,7.439
wheat,MP,1118.2,21.2,73.7,6.11,169.6,2.8,9.022
tomato,Telangana,1067.7,22.3,40.0,6.87,234.9,2.52,56.835
soybean,MP,1285.7,29.4,30.9,6.41,94.3,10.35,4.714
wheat,AP,1149.7,14.7,64.1,6.37,145.4,5.32,8.38
rice,MP,1813.8,24.9,72.5,5.86,151.2,1.14,12.185
maize,Punjab,1181.4,34.1,54.1,5.86,152.0,13.54,10.857
wheat,Telangana,755.3,21.3,45.3,6.8,133.8,3.65,6.95
maize,MP,656.3,23.3,35.3,6.42,191.0,5.11,9.034
soybean,Maharashtra,836.1,23.8,55.6,7.25,83.5,6.0,3.721
groundnut,AP,720.4,25.6,54.4,6.67,83.9,13.46,3.227
soybean,Karnataka,607.3,31.3,72.2,6.36,87.5,7.76,4.096
wheat,Telangana,646.8,18.6,45.0,6.49,83.9,0.59,5.994
rice,Punjab,1189.2,25.0,75.1,5.82,185.7,6.89,10.655
soybean,Maharashtra,1009.0,29.4,55.3,7.5,93.4,6.75,3.894
cotton,Telangana,778.3,26.0,57.3,7.77,113.6,13.8,3.255
soybean,Telangana,1317.5,28.7,74.3,7.04,103.8,1.26,5.443
cotton,Punjab,902.1,26.2,82.2,6.47,146.4,4.92,4.998
wheat,Punjab,428.7,23.9,30.5,6.32,122.0,12.94,5.43
cotton,AP,1452.1,36.7,68.4,6.63,99.8,5.78,5.006
wheat,Maharashtra,828.3,18.5,58.2,7.13,93.2,3.32,6.282
maize,Punjab,910.5,22.5,44.3,6.07,151.8,1.77,9.577
tomato,MP,623.8,22.0,71.7,6.49,280.6,11.05,64.73
soybean,Punjab,1224.4,26.6,46.3,6.32,94.6,13.71,5.238
soybean,Punjab,966.9,21.5,62.2,6.26,137.9,5.39,5.281
wheat,Karnataka,597.2,24.6,47.2,6.52,113.7,2.27,6.674
maize,Telangana,641.1,28.2,66.1,5.93,124.5,8.26,8.526
groundnut,AP,524.5,37.9,57.8,5.55,86.7,2.2,2.68
cotton,Telangana,1056.4,34.6,53.9,7.97,141.4,6.97,3.434
wheat,Punjab,932.3,17.5,53.6,6.97,82.4,4.54,6.547
maize,Telangana,1389.9,34.9,72.1,6.15,141.0,4.17,13.028
maize,Punjab,561.0,24.3,37.4,5.91,216.4,2.7,9.406
rice,Karnataka,1593.4,30.5,41.7,5.88,165.0,2.27,10.228
wheat,Maharashtra,490.8,25.0,52.6,6.28,139.4,2.33,6.645
rice,AP,1810.4,28.3,69.8,6.67,167.3,7.64,13.109
wheat,Telangana,1172.2,10.8,61.0,7.34,137.7,7.75,6.842
wheat,Punjab,520.5,22.8,73.2,7.49,152.7,14.92,6.75
rice,Telangana,1805.0,30.0,71.6,6.37,125.4,1.68,12.131
cotton,MP,998.1,25.6,76.0,7.37,152.2,2.35,4.611
groundnut,Punjab,1147.0,31.0,79.2,6.25,79.1,9.85,3.96
cotton,Telangana,612.3,29.8,35.1,7.11,91.9,12.32,2.944
tomato,Maharashtra,1058.9,28.8,51.1,6.33,271.8,10.16,66.641
maize,Maharashtra,1329.7,34.7,33.6,6.29,128.8,13.42,9.196
cotton,Telangana,888.0,32.1,77.3,6.64,119.1,9.09,4.479
maize,Maharashtra,1166.6,21.8,74.2,6.49,145.7,6.68,12.8
cotton,MP,683.3,36.7,46.9,7.35,141.4,7.63,3.433
maize,AP,1023.6,24.2,72.4,6.16,147.8,9.95,11.399
soybean,Maharashtra,1127.0,26.5,75.1,6.35,124.6,1.1,6.116
groundnut,Punjab,715.4,33.0,62.1,6.85,108.6,11.09,3.554
soybean,Maharashtra,1417.0,32.0,48.6,7.05,133.9,14.15,5.644
rice,Karnataka,1719.8,31.1,51.8,6.0,167.6,11.47,11.388
groundnut,AP,788.6,37.2,62.1,5.88,67.2,14.56,3.019
cotton,Telangana,1055.3,27.4,54.8,7.32,159.8,5.64,4.337
tomato,Karnataka,492.1,28.6,66.3,6.12,208.1,6.91,50.417
soybean,Telangana,1446.5,27.8,56.3,7.43,90.6,9.23,4.716
tomato,AP,721.2,22.1,38.9,5.69,208.8,11.15,49.986
rice,Karnataka,1492.4,26.5,34.4,6.7,154.0,8.7,10.654
groundnut,Telangana,777.4,28.9,53.8,5.72,69.1,9.14,3.058
maize,MP,580.2,27.2,73.1,6.56,202.9,4.52,11.988
soybean,Karnataka,711.9,30.5,69.7,7.46,92.4,1.08,4.035
soybean,MP,1442.3,28.1,82.3,6.72,136.7,0.82,6.005
rice,MP,903.4,32.6,54.2,5.92,113.2,9.84,7.793
cotton,Maharashtra,1013.4,36.3,40.8,7.81,146.8,6.9,3.508
cotton,AP,838.0,32.6,81.4,6.14,97.5,7.26,4.199
cotton,MP,748.2,31.2,31.2,6.03,118.3,12.38,3.493
tomato,Karnataka,1011.0,24.3,34.4,5.84,250.0,6.91,53.759
maize,Karnataka,886.7,20.8,56.6,6.28,171.2,6.05,10.514
soybean,AP,730.8,26.1,61.6,6.09,85.0,8.71,4.234
tomato,Karnataka,439.0,19.2,59.8,5.57,177.8,9.86,43.264
rice,AP,1935.2,32.9,39.3,5.94,107.7,2.34,9.857
rice,Punjab,1229.8,34.9,37.8,6.53,194.9,6.04,10.299
groundnut,Punjab,553.7,25.1,52.6,6.51,98.5,7.6,3.32
rice,Punjab,1012.5,23.3,70.1,6.94,159.9,5.07,9.928
groundnut,Karnataka,665.8,26.3,67.3,5.77,107.9,8.43,3.473
soybean,Karnataka,852.5,24.2,43.2,7.17,149.5,13.18,4.44
groundnut,Karnataka,657.3,30.2,39.9,6.11,118.7,12.09,3.459
maize,Punjab,1078.4,32.5,33.3,6.76,206.6,10.53,10.641
wheat,Maharashtra,767.7,20.1,33.3,6.93,136.9,9.68,5.853
tomato,Telangana,727.3,22.3,68.5,5.95,259.6,9.04,62.887
tomato,Maharashtra,679.9,20.9,47.3,6.48,179.8,3.76,50.393
maize,Maharashtra,761.2,30.4,70.4,6.48,199.6,9.35,11.277
tomato,Telangana,506.5,21.1,58.3,6.13,239.9,4.68,52.508
rice,Karnataka,1681.5,22.3,39.6,6.38,194.1,7.34,11.858
cotton,AP,1243.0,30.4,65.3,6.25,100.3,4.5,4.476
wheat,Telangana,652.9,19.4,46.3,7.21,141.2,4.21,6.197
wheat,Maharashtra,531.7,12.7,54.0,7.19,118.5,9.11,5.583
rice,Maharashtra,905.3,24.2,45.6,6.28,121.4,6.3,8.45
rice,Punjab,1579.3,30.7,31.1,6.7,193.3,2.73,11.09
maize,AP,1385.9,32.2,41.5,5.82,193.6,2.43,11.638
cotton,MP,651.4,27.1,31.4,6.0,152.3,3.54,3.327
maize,Telangana,1260.0,24.7,83.7,6.29,141.0,9.86,12.098
soybean,Karnataka,873.0,29.4,83.1,7.15,128.4,6.21,5.109
tomato,AP,860.0,20.5,53.5,6.26,196.8,9.86,53.113
tomato,Maharashtra,718.6,18.1,74.7,6.29,288.2,12.47,65.219
cotton,MP,764.5,39.3,33.4,6.75,107.1,7.55,3.727
cotton,AP,885.2,37.1,77.2,7.75,104.2,12.93,3.504
wheat,MP,946.0,15.0,58.1,6.75,144.6,2.24,7.874
wheat,Punjab,1041.9,22.9,48.1,6.21,175.2,10.1,8.448
maize,MP,1358.5,22.0,67.3,6.65,194.2,4.16,13.783
cotton,Maharashtra,752.0,25.8,76.7,7.43,118.0,6.06,3.907
tomato,Telangana,551.4,26.6,55.3,6.27,240.6,12.52,54.041
cotton,Punjab,1440.5,31.0,80.7,6.94,136.5,2.56,5.311
wheat,AP,645.0,14.9,77.4,6.11,115.0,3.88,6.788
soybean,Maharashtra,1166.7,30.4,62.0,6.2,148.4,14.93,5.621
wheat,MP,604.5,17.9,55.4,6.26,96.7,0.98,6.267
tomato,Telangana,510.7,29.8,66.5,5.87,161.0,9.13,41.869
tomato,MP,556.6,27.8,55.2,6.47,212.8,4.22,50.544
wheat,Punjab,810.3,14.8,53.9,6.89,179.6,13.85,7.504
rice,Karnataka,1834.5,23.4,45.5,6.33,151.3,12.42,11.543
tomato,MP,986.3,28.5,68.8,6.58,184.8,4.96,61.307
cotton,Telangana,1246.8,26.7,42.8,6.07,159.5,1.28,4.705
wheat,Telangana,713.4,22.0,67.2,6.51,124.4,7.88,7.624
wheat,AP,849.9,14.2,51.9,7.17,168.7,13.01,7.124
tomato,Karnataka,827.7,28.3,36.7,5.99,293.1,0.76,58.083
soybean,Maharashtra,985.3,20.7,54.1,6.34,105.4,14.67,4.565
groundnut,Karnataka,1016.2,32.0,69.0,6.76,80.4,14.91,4.001
soybean,MP,1424.2,28.6,31.1,6.43,102.8,11.53,4.805
rice,Punjab,1837.6,23.5,70.6,5.76,147.7,2.52,11.17
wheat,Punjab,1015.6,24.0,78.9,7.36,162.0,3.39,7.217
soybean,Punjab,860.1,24.5,38.8,6.59,118.1,10.52,4.444
tomato,Punjab,1037.2,26.9,60.1,6.47,173.4,1.77,57.718
wheat,MP,730.8,10.6,82.4,6.41,175.6,5.61,8.763
tomato,AP,1010.8,19.3,72.6,6.97,207.2,5.47,59.969
soybean,Maharashtra,772.8,21.8,78.8,7.41,144.2,9.57,4.43
groundnut,AP,604.0,32.8,37.3,6.72,82.9,3.35,2.812
soybean,AP,1108.0,31.2,71.8,6.88,116.8,10.83,5.264
wheat,AP,702.6,17.8,52.7,6.62,99.9,1.55,6.126
wheat,Telangana,1082.9,20.9,41.1,6.54,88.7,8.41,7.05
tomato,Telangana,404.8,23.8,80.9,5.68,196.2,2.84,44.255
groundnut,AP,1019.1,32.1,59.4,6.83,93.2,3.33,3.581
rice,Karnataka,1206.6,34.4,78.4,6.61,159.7,1.22,10.92
soybean,Maharashtra,1018.5,22.7,53.3,7.12,144.3,5.46,4.849
tomato,Maharashtra,681.3,28.9,74.6,6.35,264.3,5.46,66.126
cotton,Telangana,1363.6,30.4,64.3,7.59,155.3,11.25,4.696
groundnut,Telangana,535.9,30.2,71.2,6.51,87.0,5.68,3.571
maize,Telangana,719.1,21.7,31.5,6.52,168.5,6.02,9.458
wheat,Maharashtra,890.5,22.1,59.5,6.45,176.2,9.47,8.276
groundnut,AP,966.7,31.6,31.2,6.14,63.2,5.69,2.88
maize,AP,653.1,30.9,72.3,6.52,193.1,14.64,10.821
cotton,AP,1443.1,32.7,35.9,6.99,94.3,12.71,3.838
soybean,Maharashtra,906.0,30.4,76.6,6.13,134.4,3.14,5.49
cotton,AP,1265.9,36.8,45.8,6.24,91.2,8.01,4.311
groundnut,AP,966.8,30.7,81.2,6.93,103.2,8.15,4.12
groundnut,AP,537.0,34.4,59.3,5.68,78.2,8.68,2.636
wheat,Karnataka,893.8,24.5,71.9,7.09,172.3,9.08,8.255
tomato,Maharashtra,789.8,18.3,45.4,5.87,211.2,2.48,51.104
maize,Karnataka,885.6,27.6,74.3,6.83,195.0,2.48,12.136
groundnut,Punjab,1145.9,31.5,32.0,5.99,104.2,7.38,3.562
wheat,MP,842.3,21.1,83.5,6.73,88.5,8.01,7.324
tomato,Telangana,589.3,23.8,35.8,6.14,161.2,12.64,41.494
groundnut,Telangana,1038.1,25.8,32.0,6.37,67.2,1.26,3.195
groundnut,Karnataka,1003.4,32.1,35.5,6.92,75.1,6.2,3.36
tomato,MP,923.0,22.2,42.7,6.43,282.7,6.36,64.817
rice,Maharashtra,1842.3,29.3,58.4,6.27,128.5,12.8,11.213
wheat,Maharashtra,625.5,14.8,56.7,7.39,85.6,13.74,5.724
tomato,AP,837.1,21.0,60.8,6.01,277.8,7.96,61.606
groundnut,Punjab,555.8,33.9,36.9,6.9,94.5,8.93,2.981
maize,Telangana,906.4,33.2,64.3,6.58,209.9,2.4,11.87
soybean,Punjab,1208.8,23.6,56.1,6.28,133.0,3.77,5.322
wheat,Karnataka,432.3,14.9,84.2,6.7,94.8,3.53,6.408
tomato,Punjab,1070.9,27.7,51.0,5.98,151.3,4.88,50.281
rice,Punjab,1406.4,27.2,36.6,6.45,162.1,14.67,10.47
tomato,AP,690.7,29.3,68.5,5.91,199.8,11.6,49.951
cotton,AP,629.2,28.5,43.3,6.62,111.9,3.45,3.709
soybean,Punjab,815.1,27.5,70.7,6.96,139.5,8.37,4.945
rice,AP,1707.4,27.1,70.8,6.41,144.5,3.81,12.446
wheat,Telangana,534.4,15.3,62.1,6.6,85.7,13.32,6.097
soybean,AP,1138.0,28.0,52.6,6.63,129.1,7.82,5.299
soybean,Maharashtra,1063.0,30.3,59.5,6.7,105.2,10.9,5.04
cotton,Punjab,1445.0,29.4,67.9,6.95,140.6,13.02,5.365
wheat,MP,846.2,10.8,46.0,7.46,131.3,7.31,6.166
tomato,Maharashtra,643.9,20.3,72.9,5.69,194.7,7.34,48.167
maize,Maharashtra,1439.9,25.1,39.9,6.99,168.5,13.42,11.011
wheat,AP,967.7,24.8,69.6,6.08,89.7,4.59,7.102
tomato,MP,765.6,21.5,63.5,6.34,166.8,8.74,50.778
cotton,Telangana,1488.0,28.8,73.2,7.02,152.7,7.57,5.669
tomato,Karnataka,863.9,21.4,84.9,5.92,210.7,1.3,59.865
tomato,Maharashtra,466.1,19.9,44.2,6.16,226.6,5.09,47.438
soybean,MP,901.4,26.9,74.6,7.36,80.4,14.25,4.129
soybean,MP,745.3,31.5,44.2,6.81,81.0,7.02,4.18
soybean,AP,858.8,26.5,39.3,6.8,108.4,14.67,4.495
tomato,MP,798.7,25.2,68.2,5.84,231.6,7.97,59.286
cotton,Telangana,1406.2,25.4,48.5,6.48,82.6,7.95,4.444
cotton,Maharashtra,904.2,35.6,43.0,6.38,140.0,2.58,4.183
groundnut,AP,1091.4,26.0,78.0,6.56,99.3,4.04,4.311
groundnut,MP,962.0,30.1,62.0,5.7,75.7,10.91,3.331
wheat,Karnataka,811.2,20.4,78.9,7.26,112.3,2.83,6.606
groundnut,MP,686.7,26.6,75.2,5.85,66.4,2.52,3.2
wheat,MP,1011.1,17.7,65.3,7.17,132.2,11.9,7.426
soybean,MP,602.4,30.2,30.4,6.57,114.7,7.64,4.347
groundnut,AP,792.2,29.0,36.5,6.91,100.6,1.5,3.08
tomato,Telangana,896.2,24.5,43.1,5.69,193.5,3.6,51.253
cotton,Karnataka,930.0,30.9,74.0,7.95,156.4,4.0,3.793
groundnut,Maharashtra,686.8,31.6,76.5,6.67,111.5,5.72,3.692
cotton,Telangana,1231.4,25.1,68.1,6.82,106.4,11.61,4.899
soybean,Maharashtra,1330.5,23.5,68.1,6.67,130.9,14.82,6.065
maize,Karnataka,1415.1,22.3,45.1,6.7,176.8,7.38,11.629
tomato,AP,863.5,28.7,58.5,6.35,244.8,1.24,62.751
wheat,MP,545.4,17.6,55.5,6.48,105.8,2.43,5.992
rice,Karnataka,1841.2,31.2,74.4,5.66,177.6,11.63,12.263
tomato,Karnataka,1011.8,21.2,75.3,6.71,187.8,1.74,60.017
tomato,MP,799.3,21.6,84.9,5.9,214.8,3.69,59.041
wheat,Punjab,819.4,20.0,54.0,6.4,171.1,2.37,7.748
maize,Karnataka,575.3,21.7,37.5,5.86,145.7,4.27,8.11
wheat,Karnataka,1068.0,20.7,45.1,6.17,153.6,9.77,7.71
cotton,Punjab,1017.6,36.8,84.9,7.21,132.3,1.59,4.496
groundnut,MP,515.2,26.2,58.3,6.52,112.8,8.32,3.296
maize,Telangana,1411.8,26.6,75.5,5.85,156.2,10.67,11.852
wheat,AP,775.2,23.9,58.9,6.96,111.2,1.46,6.702
groundnut,Telangana,1186.7,33.6,68.5,6.73,105.0,4.95,4.231
soybean,Maharashtra,692.3,20.1,83.5,6.21,130.1,14.75,4.933
cotton,Karnataka,1382.4,36.1,37.5,7.0,125.8,14.1,4.211
soybean,MP,691.7,30.9,32.7,7.23,133.2,12.73,3.466
soybean,AP,908.2,26.6,62.0,6.14,133.0,3.21,4.911
groundnut,Telangana,1088.2,25.2,75.1,5.57,94.4,5.24,3.578
rice,Telangana,1515.6,25.6,64.4,5.54,173.5,8.92,10.781
soybean,AP,917.2,21.5,77.2,6.19,127.3,14.46,5.483
wheat,AP,547.3,11.6,64.0,7.22,137.9,11.83,6.517
maize,MP,1247.5,32.8,47.3,6.14,184.0,14.39,11.729
maize,Karnataka,1079.8,22.5,42.9,6.65,137.6,7.67,10.327
maize,Punjab,1411.8,22.2,38.6,6.58,143.3,10.41,10.994
cotton,Telangana,1279.3,29.6,84.1,6.9,112.4,4.74,4.892
soybean,Maharashtra,1012.0,23.1,82.1,7.32,93.8,3.48,4.383
soybean,Punjab,1091.1,28.2,55.8,6.29,116.5,1.53,5.021
soybean,Telangana,1063.3,26.2,54.9,6.16,109.6,11.14,5.072
tomato,Karnataka,836.0,19.0,36.9,5.86,174.7,5.81,43.699
maize,Karnataka,539.0,26.8,75.8,6.87,176.9,14.88,9.943
tomato,AP,953.4,26.1,67.8,6.97,297.8,4.03,68.49
cotton,Maharashtra,1419.2,30.7,54.1,7.26,114.4,5.0,4.428
rice,AP,1923.4,34.2,70.6,5.76,187.5,4.17,12.578
rice,Karnataka,1559.8,31.4,31.5,5.89,171.9,5.94,9.782
wheat,AP,516.9,22.3,52.3,6.35,145.2,9.14,6.736
wheat,Telangana,1044.4,11.2,43.0,6.62,147.9,1.72,7.807
wheat,Punjab,904.1,24.8,70.4,6.52,86.2,8.07,7.666
wheat,Telangana,608.5,11.4,58.3,6.6,121.9,10.78,6.546
soybean,Punjab,724.0,20.7,66.2,6.03,90.1,11.05,4.086
tomato,MP,786.5,18.8,49.8,6.42,297.6,11.42,65.785
groundnut,MP,907.6,28.9,77.2,5.55,98.1,5.5,3.659
maize,Telangana,1215.0,23.7,64.5,6.89,135.4,0.92,10.908
maize,MP,777.1,26.7,64.2,6.21,137.3,13.29,10.296
cotton,Maharashtra,607.8,25.3,58.5,7.17,116.4,0.61,3.806
soybean,Punjab,1246.3,25.3,74.7,7.1,96.3,9.03,4.974
maize,Karnataka,1329.9,26.2,66.8,6.11,206.7,7.0,12.985
cotton,AP,783.8,34.4,56.4,6.72,159.7,7.55,4.597
groundnut,AP,815.8,34.3,40.6,6.38,89.5,7.23,3.368
tomato,AP,1131.9,22.0,64.7,6.93,230.0,8.37,63.375
wheat,Telangana,898.4,16.7,39.1,7.17,102.0,6.39,5.71
tomato,AP,968.3,23.0,84.2,6.28,162.6,10.16,61.173
cotton,AP,1469.3,27.6,69.5,7.3,99.6,11.76,4.281
cotton,Punjab,1153.0,38.4,43.7,6.16,106.5,14.83,4.357
soybean,AP,790.9,22.9,42.9,6.42,108.8,0.78,4.284
wheat,Telangana,1172.5,15.1,67.4,6.51,80.7,12.47,7.692
groundnut,Telangana,522.1,26.6,64.3,6.45,113.9,2.44,3.573
rice,Karnataka,1813.0,23.8,34.4,6.28,103.7,10.25,9.474
cotton,Punjab,1332.3,28.3,38.1,7.08,157.5,14.14,4.818
tomato,Maharashtra,854.0,22.5,52.0,6.95,191.0,14.75,52.503
rice,AP,1641.6,22.2,48.8,5.57,159.9,14.32,11.07
tomato,Karnataka,971.0,27.8,72.1,6.5,168.8,3.55,62.887
rice,Maharashtra,1831.9,24.8,65.4,6.41,108.4,11.56,11.418
wheat,MP,613.0,10.5,81.4,6.18,142.2,3.49,7.58
wheat,Punjab,837.0,11.3,77.1,6.63,165.3,1.94,8.628
groundnut,Punjab,590.2,34.4,49.6,5.65,97.4,11.94,2.983
groundnut,Telangana,1034.2,35.4,32.4,6.08,85.1,4.69,3.037
cotton,AP,1230.3,36.4,74.8,6.21,120.5,14.07,5.055
groundnut,Karnataka,775.9,36.0,57.0,6.24,88.3,12.78,3.428
soybean,AP,1129.1,31.2,80.0,7.09,144.2,9.27,6.117
wheat,AP,1018.5,11.6,54.6,7.17,97.1,3.55,6.858
soybean,Maharashtra,1089.7,26.6,83.1,6.53,111.3,5.97,5.595
cotton,Punjab,1257.9,26.1,56.9,7.33,99.0,4.65,3.927
soybean,Telangana,1450.8,31.0,75.0,6.88,112.4,10.41,5.927
soybean,Maharashtra,1415.3,21.5,34.5,6.27,114.5,3.34,4.952
tomato,MP,987.8,21.9,80.3,5.55,169.1,7.66,51.429
groundnut,AP,869.6,27.6,76.0,5.67,83.0,13.05,3.411
soybean,Punjab,1254.8,21.4,41.0,6.88,126.7,13.26,4.842
maize,Punjab,910.5,34.0,55.7,6.56,200.2,5.74,11.28
cotton,Karnataka,706.2,36.3,52.2,6.19,82.2,14.91,3.62
cotton,Karnataka,1252.3,32.6,71.0,7.36,96.2,14.94,4.037
groundnut,Karnataka,608.4,28.9,44.0,5.87,82.3,7.59,2.911
tomato,Karnataka,513.7,18.6,76.0,6.44,158.2,7.92,50.57
groundnut,MP,893.1,27.2,62.6,5.8,79.1,3.55,3.218
groundnut,Maharashtra,601.9,34.1,81.6,6.46,107.0,10.53,4.014
groundnut,Telangana,1144.4,26.2,30.1,6.93,96.7,13.46,3.161
maize,Karnataka,1426.7,27.3,67.5,6.18,198.9,13.39,13.722
tomato,Punjab,680.6,27.3,50.2,6.7,173.0,5.91,50.469
soybean,Punjab,1328.4,24.6,82.6,6.07,92.4,1.52,5.394
maize,Telangana,1078.6,33.7,50.8,6.46,137.4,12.73,11.232
cotton,Karnataka,794.0,28.3,52.8,7.46,120.0,2.95,3.804
tomato,AP,408.4,19.1,45.8,6.34,283.8,5.25,53.105
cotton,Punjab,1197.1,37.5,76.8,6.43,89.6,2.77,4.602
rice,AP,1811.0,28.5,46.7,6.97,109.7,9.75,10.342
wheat,Karnataka,839.5,18.9,50.1,6.98,105.6,12.73,6.392
maize,Karnataka,1062.7,31.4,61.3,6.66,140.8,13.08,11.178
wheat,Telangana,514.2,15.8,77.7,7.43,112.0,13.28,5.94
maize,MP,583.3,30.9,54.3,6.17,198.3,7.54,9.79
groundnut,Karnataka,763.3,29.8,49.9,6.29,108.5,8.1,3.76
maize,MP,769.4,24.2,61.7,6.92,192.4,9.89,10.671
rice,Karnataka,1454.9,26.7,82.3,5.62,119.3,6.43,9.895
maize,AP,552.7,20.6,58.0,6.66,173.8,4.03,9.492
groundnut,Punjab,1130.2,33.6,64.9,5.66,100.3,12.18,3.736
maize,MP,914.1,30.5,39.6,6.12,219.9,0.65,11.005
groundnut,AP,878.4,31.0,33.6,6.92,100.4,7.25,3.166
rice,AP,1363.8,27.9,39.0,6.37,135.7,7.8,10.034
rice,MP,1051.2,22.5,83.2,6.61,182.8,13.4,12.024
tomato,Karnataka,824.0,18.3,64.6,5.87,218.9,8.58,52.916
wheat,MP,470.5,16.2,84.5,7.13,149.3,4.53,7.203
groundnut,Maharashtra,730.7,30.7,78.5,6.79,101.1,3.45,3.74
groundnut,MP,858.5,37.2,77.1,5.57,81.1,6.24,3.403
rice,AP,1863.1,32.1,44.8,6.6,179.7,13.37,12.345
groundnut,Telangana,609.8,37.3,62.5,6.65,76.1,10.96,3.129
cotton,AP,1393.5,32.7,60.4,7.55,125.0,2.16,4.333
groundnut,MP,514.7,34.4,59.7,5.55,95.7,14.55,2.675
rice,Maharashtra,1462.0,32.9,47.6,7.0,143.0,13.65,10.045
cotton,Maharashtra,637.0,30.2,82.2,6.53,134.9,4.39,4.405
maize,AP,1352.0,25.3,69.9,6.11,214.7,3.69,14.261
rice,MP,1579.9,31.8,71.2,6.43,154.0,11.05,12.248
cotton,AP,923.8,31.1,44.8,7.94,89.0,7.64,2.965
rice,Punjab,879.0,31.2,54.4,5.86,138.9,13.42,8.433
soybean,Telangana,730.7,26.3,84.1,7.44,122.5,12.7,4.516
maize,Punjab,1059.6,24.2,41.4,6.22,212.3,13.17,11.306
wheat,Maharashtra,806.8,13.5,83.9,7.27,152.7,2.76,7.319
wheat,Karnataka,549.5,11.0,75.9,7.5,82.5,5.8,5.266
tomato,Karnataka,843.7,28.8,34.1,6.89,151.4,4.13,46.937
soybean,AP,1146.3,22.3,44.8,7.21,147.7,7.67,4.888
rice,Telangana,1471.0,28.5,48.4,5.72,144.2,8.07,9.49
wheat,Telangana,970.4,15.5,82.5,6.08,155.5,3.98,8.494
groundnut,Karnataka,628.7,32.5,68.3,5.73,81.4,8.62,2.868
soybean,Punjab,1007.1,22.0,75.4,6.96,148.2,1.37,5.091
tomato,Punjab,1140.5,24.0,78.1,6.49,286.9,7.78,76.293
tomato,Telangana,629.6,21.0,68.2,6.03,176.6,9.44,48.259
rice,MP,1268.4,33.8,79.6,5.54,176.9,6.97,10.613
cotton,Telangana,1071.0,26.8,81.5,6.26,122.9,4.97,4.986
soybean,Maharashtra,1287.7,23.0,70.1,6.05,87.1,3.4,5.093
cotton,MP,965.7,32.3,39.4,7.08,145.5,12.21,3.613
cotton,Punjab,1100.3,35.5,66.6,6.82,91.1,8.11,4.055
soybean,Karnataka,676.9,25.4,57.2,7.13,135.6,13.47,4.601
soybean,Maharashtra,969.5,30.8,77.2,7.34,128.0,1.79,4.793
wheat,Punjab,734.4,13.8,46.3,6.48,93.5,8.8,6.657
rice,Maharashtra,1216.1,31.7,48.3,6.84,175.7,11.29,10.598
tomato,Maharashtra,450.6,19.6,43.9,6.79,245.1,8.55,48.533
groundnut,MP,1113.0,34.8,59.1,5.53,91.0,6.31,3.549
cotton,Punjab,1319.1,37.0,45.6,6.83,102.7,7.49,4.107
wheat,Maharashtra,687.1,19.2,31.4,6.57,110.5,0.56,6.028
groundnut,Telangana,1058.9,28.5,48.7,5.87,73.6,7.72,3.089
groundnut,AP,1076.6,36.1,54.1,6.12,65.4,3.85,3.595
tomato,Maharashtra,996.6,18.4,31.0,6.36,268.0,8.47,58.338
wheat,MP,779.3,10.1,38.5,6.02,121.7,10.13,5.882
tomato,Maharashtra,753.5,19.7,65.2,6.65,268.5,12.88,64.923
wheat,Telangana,1105.8,16.5,69.9,7.12,180.0,2.16,9.343
soybean,Punjab,1004.6,30.0,45.8,6.86,149.9,4.57,5.12
cotton,Punjab,747.7,29.3,83.6,7.59,152.5,3.87,4.059
tomato,Punjab,1045.3,18.6,38.6,6.41,271.0,0.72,65.064
soybean,AP,1129.3,21.7,62.9,6.64,118.7,4.48,5.631
wheat,Punjab,1089.5,18.5,36.9,6.62,113.3,2.04,7.0
tomato,Telangana,603.7,30.0,35.4,5.78,172.2,8.91,38.491
tomato,Maharashtra,1030.7,27.8,61.1,6.94,273.6,3.11,69.439
groundnut,MP,538.2,33.7,33.0,6.71,90.5,8.26,2.945
groundnut,Punjab,864.2,37.7,74.6,6.95,72.9,3.36,3.601
wheat,Punjab,1169.8,14.3,47.8,7.28,118.8,14.06,6.425
groundnut,Maharashtra,969.3,28.8,69.6,6.38,95.5,11.31,3.778
groundnut,Telangana,731.7,35.9,52.1,5.96,90.5,12.9,2.854
cotton,Karnataka,1142.2,26.6,84.6,7.02,138.8,9.62,4.848
soybean,AP,803.5,30.5,41.0,7.22,96.4,10.87,3.611
rice,Punjab,1116.8,27.6,48.1,6.6,133.6,4.63,9.15
wheat,MP,552.9,21.5,41.3,6.4,156.7,5.16,7.004
cotton,MP,786.2,30.4,55.3,6.3,120.8,13.56,4.124
wheat,Punjab,706.9,17.4,30.2,7.34,160.7,5.14,5.524
cotton,Punjab,1166.0,36.4,45.1,7.53,108.5,12.12,3.591
rice,MP,1884.0,22.9,65.7,5.59,192.7,6.0,12.3
maize,MP,911.9,34.0,61.1,5.86,141.0,9.43,10.038
tomato,Karnataka,722.4,25.8,47.6,6.55,245.7,1.86,56.357
cotton,Telangana,1027.7,29.8,47.1,7.53,119.8,12.27,3.652
rice,MP,1607.6,22.6,37.5,6.35,176.3,3.82,11.118
maize,Maharashtra,968.1,33.3,46.1,6.57,161.4,5.94,11.268
rice,Maharashtra,1182.9,34.6,53.2,6.9,187.1,10.52,10.032
wheat,MP,861.7,19.6,39.2,7.27,109.3,6.0,5.881
maize,MP,632.5,30.1,49.4,6.41,192.1,5.22,10.715
tomato,Telangana,1043.9,22.4,49.2,6.78,270.3,10.56,64.477
groundnut,MP,1127.4,30.3,75.1,6.18,102.3,3.93,4.052
tomato,Maharashtra,680.5,22.5,43.3,6.3,150.0,3.52,48.977
cotton,Telangana,1325.3,29.2,77.6,6.38,120.3,4.0,5.316
maize,Telangana,1050.7,32.3,63.2,6.95,199.3,7.65,11.486
cotton,Punjab,1485.9,30.8,45.6,6.3,133.3,8.99,4.769
maize,MP,765.0,26.7,73.1,6.45,186.4,6.22,12.59
rice,MP,1919.3,23.0,73.7,6.53,178.5,2.46,14.71
rice,Maharashtra,1361.3,25.5,55.0,6.2,188.8,8.56,11.22
wheat,AP,768.1,10.2,64.9,6.43,123.7,7.03,7.004
wheat,Maharashtra,1139.6,17.8,83.5,6.02,81.9,3.71,7.079
tomato,Telangana,446.6,29.1,30.5,6.81,235.7,4.24,44.575
wheat,Punjab,426.4,18.9,32.1,6.79,108.3,14.92,4.72
rice,Punjab,1707.2,27.9,47.6,5.56,131.0,12.66,9.063
groundnut,Punjab,641.0,37.5,33.7,6.42,75.7,0.91,3.113
wheat,AP,1105.2,16.2,52.4,7.08,171.8,3.27,8.209
maize,Telangana,510.8,30.5,57.1,5.94,197.3,11.87,9.457
cotton,AP,674.2,36.5,39.5,6.14,118.3,11.41,3.59
groundnut,MP,1017.0,36.3,36.9,6.44,100.1,14.21,3.755
rice,Karnataka,1729.6,25.4,71.5,6.9,172.0,3.68,13.325
maize,Maharashtra,604.0,34.4,75.3,6.87,147.0,8.02,9.313
soybean,MP,883.0,27.0,64.6,7.09,108.8,10.64,4.531
cotton,MP,1280.6,29.1,49.0,7.81,145.4,12.21,4.007
wheat,Maharashtra,480.8,24.4,51.9,6.98,125.6,5.21,6.051
rice,Maharashtra,1511.1,26.9,60.8,6.25,160.5,7.55,10.797
groundnut,Telangana,623.5,35.6,72.1,6.31,67.9,14.02,3.303
wheat,AP,466.2,23.7,54.1,6.44,129.1,11.52,6.78
maize,AP,1443.6,33.5,77.0,6.85,127.1,11.83,12.296
tomato,Maharashtra,832.6,29.6,60.1,5.88,278.8,8.76,60.928
wheat,Maharashtra,407.4,16.6,48.6,6.07,134.4,7.36,6.228
wheat,Telangana,747.2,22.3,59.3,7.36,92.0,4.63,5.996
groundnut,MP,968.0,36.2,76.9,5.74,108.7,13.76,3.825
wheat,Maharashtra,841.9,10.8,54.4,6.07,152.0,4.22,7.127
groundnut,Telangana,969.0,25.0,40.5,6.71,64.8,6.1,2.923
tomato,AP,1171.1,25.7,78.1,5.54,214.5,4.87,59.756
maize,Karnataka,1258.4,29.1,37.7,6.48,125.4,9.53,10.532
rice,Telangana,1938.1,33.0,35.8,6.58,107.8,7.65,10.015
wheat,AP,1116.6,19.8,74.1,6.52,176.6,9.64,9.425
rice,Punjab,886.4,25.3,52.1,6.57,148.0,2.7,8.81
wheat,Telangana,642.6,15.4,32.2,6.1,178.9,10.0,6.798
groundnut,Punjab,872.5,31.3,40.7,6.55,64.1,3.61,3.247
wheat,Maharashtra,478.3,18.6,33.1,6.83,98.8,1.67,5.781
soybean,Telangana,1061.3,23.2,68.9,6.68,113.0,14.14,5.288
tomato,MP,433.8,24.0,71.8,6.32,175.3,14.78,50.419
rice,Punjab,1448.7,33.0,57.1,6.22,137.3,8.9,10.747
tomato,Maharashtra,939.3,25.6,36.7,5.65,240.6,1.64,46.384
cotton,Telangana,1215.5,32.5,61.9,7.56,147.3,9.47,4.454
soybean,Telangana,1405.4,20.3,34.4,6.52,130.5,3.16,5.659
tomato,Maharashtra,1050.1,19.5,46.6,5.53,253.4,9.58,58.555
maize,MP,904.5,25.5,83.4,6.06,187.0,3.05,11.302
soybean,Karnataka,828.7,29.9,46.8,6.73,118.0,3.14,4.93
maize,AP,1116.3,26.7,38.2,6.03,185.3,8.54,11.256
wheat,AP,932.6,14.3,41.6,6.69,99.3,0.83,6.658
cotton,Maharashtra,789.6,28.4,65.2,6.56,90.2,1.59,4.185
groundnut,Maharashtra,1089.7,34.9,40.7,5.75,110.0,13.44,3.261
wheat,Maharashtra,941.6,17.5,84.1,6.14,109.1,14.43,7.879
cotton,MP,1411.3,33.4,75.8,7.74,146.8,10.62,4.816
rice,Karnataka,1203.4,26.0,68.4,5.53,158.3,12.88,9.52
tomato,Maharashtra,476.1,18.7,69.4,6.59,162.2,4.12,46.7
wheat,Telangana,1050.5,24.4,77.2,7.33,173.3,10.55,8.188
tomato,Telangana,1080.3,20.6,75.8,6.5,231.4,2.31,69.133
tomato,MP,845.5,29.4,63.4,6.12,199.0,13.99,58.593
maize,AP,739.2,31.8,57.8,5.87,156.9,8.63,9.471
wheat,MP,1031.5,20.9,53.5,6.41,164.6,4.45,8.8
groundnut,Maharashtra,819.3,31.4,75.5,5.55,71.7,12.55,3.118
rice,Telangana,1849.9,32.0,82.9,6.13,174.8,7.16,13.279
wheat,AP,800.5,22.8,67.2,6.8,105.5,8.37,7.163
maize,MP,1073.6,32.3,49.2,5.83,183.1,4.74,9.786
rice,MP,1679.8,23.2,68.9,6.93,162.2,4.82,11.556
groundnut,Punjab,906.6,34.3,66.9,6.87,102.3,6.22,4.086
wheat,Karnataka,817.5,11.1,69.9,6.29,164.0,13.47,8.208
wheat,Telangana,1192.2,13.1,45.5,6.02,179.7,10.19,8.223
rice,AP,1808.8,33.0,74.3,6.66,188.1,9.24,13.433
tomato,Telangana,1072.5,23.7,32.8,5.56,245.8,13.93,50.543
cotton,Maharashtra,912.6,35.2,52.3,6.75,91.6,2.13,3.957
cotton,Punjab,636.9,32.9,78.6,7.77,147.0,13.87,3.85
tomato,Telangana,750.6,21.2,58.3,5.75,253.4,3.4,54.695
rice,Punjab,1510.2,22.9,74.7,5.72,107.3,11.41,10.036
tomato,Karnataka,525.1,28.2,46.4,6.59,276.3,5.09,59.028
groundnut,Telangana,522.0,34.4,72.1,6.75,84.9,3.03,3.319
wheat,Telangana,1171.8,11.1,59.1,6.08,173.8,9.42,8.594
cotton,Karnataka,1049.3,29.1,69.5,6.34,129.7,8.76,4.756
cotton,Punjab,1124.2,26.9,79.4,6.92,147.6,4.34,5.193
tomato,Telangana,480.0,18.4,73.8,6.34,254.2,5.43,58.309
soybean,Telangana,630.1,24.4,34.0,6.36,111.3,14.33,3.988
cotton,MP,1430.1,31.4,81.2,7.97,124.3,0.58,4.384
groundnut,Maharashtra,995.3,31.0,82.8,6.71,70.8,6.08,3.98
wheat,MP,851.1,17.7,38.9,7.09,138.0,10.28,6.582
cotton,AP,1139.5,27.6,66.4,7.48,104.2,2.8,3.96
rice,Punjab,953.8,27.5,44.4,5.87,174.8,13.28,8.831
soybean,Karnataka,952.4,28.6,45.5,6.99,123.7,5.98,4.597
rice,Karnataka,1662.8,28.6,47.8,6.56,124.9,5.35,10.91
tomato,AP,764.4,18.4,82.0,6.82,152.0,7.59,53.182
cotton,MP,1431.8,25.4,42.1,7.16,123.9,6.72,4.608
cotton,Punjab,1443.2,27.5,32.1,6.47,101.1,2.28,4.646
rice,AP,1178.3,23.5,77.0,5.66,171.9,4.23,9.646
tomato,Maharashtra,602.8,29.3,49.5,6.86,235.0,6.03,51.956
soybean,AP,1101.1,30.3,54.0,7.39,92.9,6.19,4.055
soybean,Punjab,632.2,26.3,79.8,6.99,94.5,12.66,4.335
groundnut,MP,787.8,28.1,67.4,6.59,67.9,12.72,3.637
wheat,Karnataka,410.9,14.5,46.3,7.05,159.0,7.69,5.929
wheat,AP,728.4,13.5,33.0,6.2,99.7,3.37,5.685
soybean,Telangana,607.6,30.1,79.1,6.05,145.8,8.27,4.669
groundnut,Karnataka,957.6,30.0,33.0,6.47,62.7,7.13,3.407
soybean,Karnataka,1340.4,22.5,52.0,6.59,102.2,2.68,5.327
rice,Maharashtra,1762.0,27.7,68.8,6.24,184.9,7.61,13.434
wheat,Telangana,576.9,14.0,84.6,7.2,84.4,2.39,5.991
rice,Punjab,1390.7,33.4,32.7,6.12,153.7,0.53,9.787
soybean,Karnataka,702.4,24.9,39.8,6.97,129.8,1.65,3.945
cotton,Telangana,834.6,37.8,39.3,7.73,141.8,12.42,3.426
soybean,MP,1000.6,21.4,78.9,6.53,149.9,1.2,6.239
wheat,MP,1121.0,12.5,64.4,6.57,94.1,11.07,7.619
maize,Maharashtra,563.3,29.0,59.1,5.87,209.4,10.21,9.944
maize,MP,744.1,31.4,84.0,6.5,146.1,13.52,11.585
cotton,AP,810.6,26.3,32.0,6.52,81.5,13.77,3.854
rice,Telangana,1293.0,22.2,63.9,5.91,180.5,11.43,9.97
wheat,Karnataka,1027.2,16.8,66.0,7.19,163.9,3.81,7.737
maize,Maharashtra,814.8,21.8,55.0,6.13,141.0,13.67,9.646
wheat,Maharashtra,476.6,23.8,71.6,6.85,116.4,4.23,6.406
soybean,Maharashtra,650.8,28.1,58.7,7.26,107.9,6.32,4.202
groundnut,AP,1006.1,27.7,62.4,5.87,80.2,7.09,3.404
cotton,MP,792.2,25.2,33.3,7.55,145.7,9.36,3.62
rice,Karnataka,918.8,25.5,83.5,6.78,134.6,14.71,9.756
wheat,AP,1110.3,11.5,44.9,7.12,160.6,7.34,7.265
cotton,Telangana,1235.3,38.7,49.7,7.3,141.9,3.16,4.57
tomato,Telangana,662.2,28.3,51.8,5.68,215.0,14.1,49.563
maize,AP,740.9,21.9,48.2,6.66,126.9,4.6,8.9
wheat,AP,984.3,18.0,49.9,7.4,175.1,11.78,7.361
maize,Maharashtra,1450.6,30.9,77.4,5.86,208.4,6.93,13.764
groundnut,Karnataka,1183.3,31.9,40.5,6.86,65.0,6.89,3.596
wheat,Punjab,711.1,10.7,40.9,7.2,140.4,7.68,6.181
wheat,AP,1016.3,17.5,66.5,6.46,177.4,6.42,9.389
maize,Maharashtra,671.7,27.9,36.5,6.15,182.9,10.0,8.953
rice,MP,952.3,34.1,72.8,6.8,123.4,9.32,9.303
groundnut,Karnataka,717.4,33.0,78.1,6.54,84.2,6.52,3.815
tomato,Maharashtra,429.0,24.6,46.8,6.56,167.2,11.83,42.659
wheat,Karnataka,557.4,23.4,57.5,6.16,150.7,13.11,6.701
groundnut,Maharashtra,974.5,32.4,69.7,6.22,89.5,14.1,3.83
tomato,Maharashtra,895.5,25.8,66.3,5.8,186.0,13.69,53.189
rice,Telangana,1676.6,22.5,38.4,5.64,100.7,1.5,8.388
tomato,Karnataka,816.1,22.4,48.4,6.81,209.2,3.51,52.546
rice,MP,1180.0,30.8,33.6,5.93,157.7,3.27,9.058
tomato,AP,931.3,21.1,46.8,5.69,158.8,2.79,45.384
maize,Karnataka,1398.1,31.0,67.9,6.24,130.6,14.69,12.032
tomato,MP,530.5,21.0,62.0,6.01,175.2,14.64,46.994
soybean,MP,981.0,20.1,47.8,6.47,116.9,2.11,4.567
groundnut,Karnataka,571.2,25.6,66.3,5.51,79.7,11.09,2.807
groundnut,MP,979.0,29.7,51.5,6.5,62.4,11.97,3.649
wheat,Punjab,597.8,24.9,37.2,6.16,98.1,5.25,6.033
tomato,MP,546.8,27.1,30.8,5.53,272.5,10.03,48.129
soybean,Punjab,908.2,21.3,58.6,6.1,121.2,11.26,4.425
cotton,Telangana,958.3,25.4,78.0,6.67,158.1,5.28,5.361
maize,Karnataka,518.0,21.1,68.1,6.41,216.9,1.53,11.152
tomato,Karnataka,1017.1,28.1,31.6,6.43,246.7,12.51,58.619
groundnut,Karnataka,528.2,27.6,53.0,5.77,80.3,7.87,2.969
wheat,Maharashtra,616.5,10.4,46.4,6.91,119.6,13.07,6.263
cotton,Punjab,717.8,35.4,33.6,6.41,115.3,12.47,3.762
maize,Karnataka,1364.2,27.0,74.2,6.69,181.9,6.76,13.544
cotton,Telangana,1016.4,36.8,39.9,7.64,124.4,7.28,3.734
tomato,Telangana,1002.4,27.7,65.6,5.55,220.2,12.54,52.913
groundnut,Maharashtra,697.4,31.9,74.7,5.58,69.5,2.42,3.077
maize,MP,1126.2,30.6,77.5,6.58,216.8,7.01,13.977
soybean,MP,1146.9,26.5,45.3,6.7,100.6,7.75,4.67
soybean,Maharashtra,1063.4,22.0,44.2,6.99,139.7,7.63,4.64
soybean,Karnataka,680.7,31.5,68.7,7.07,135.2,9.05,4.638
cotton,Karnataka,1372.5,39.4,62.1,7.0,154.5,8.31,4.791
soybean,Karnataka,817.4,26.1,83.9,6.57,111.4,5.58,5.243
soybean,Maharashtra,720.2,20.6,71.8,7.16,119.9,2.67,4.137
wheat,MP,504.3,14.6,47.0,6.18,178.6,2.39,6.916
soybean,MP,1128.9,20.8,43.6,7.29,147.3,7.03,4.686
soybean,MP,1272.6,20.6,62.3,6.81,98.2,4.29,5.122
groundnut,MP,669.4,28.6,70.2,6.84,98.2,13.81,3.595
wheat,Maharashtra,1074.7,13.1,71.7,7.11,148.6,8.22,8.091
groundnut,Maharashtra,1167.3,26.3,83.0,5.96,96.7,1.89,4.326
groundnut,Telangana,1047.4,27.0,36.1,6.09,89.4,6.58,3.575
maize,Karnataka,535.6,22.1,81.4,6.72,121.8,1.75,9.484
tomato,Karnataka,1094.0,21.5,37.7,6.0,214.0,0.82,54.577
cotton,Punjab,1098.7,34.1,68.0,7.85,133.2,11.91,3.845
tomato,Telangana,548.4,25.8,47.6,6.57,253.2,4.16,53.907
rice,Karnataka,1908.0,27.9,53.3,6.77,145.2,2.77,12.371
rice,Maharashtra,1737.6,30.8,31.0,6.45,191.0,8.58,10.957
rice,Karnataka,1449.6,26.2,55.9,5.7,188.8,13.23,11.242
groundnut,Maharashtra,916.4,29.4,76.5,6.72,108.2,2.18,4.251
soybean,Karnataka,681.9,27.8,67.4,6.62,108.4,1.47,4.991
tomato,Telangana,536.4,28.8,56.7,6.48,282.3,8.36,61.934
wheat,Punjab,1119.9,16.7,51.3,6.41,119.3,4.66,7.964
tomato,MP,942.1,20.1,44.8,6.02,159.2,11.64,47.411
rice,Punjab,1065.8,28.0,72.0,6.21,187.4,7.94,11.449
cotton,MP,962.6,38.6,59.1,7.48,123.4,5.54,3.873
groundnut,Telangana,958.8,30.4,38.5,6.57,111.7,7.05,3.979
rice,Telangana,985.8,26.8,61.4,5.99,142.4,13.59,8.866
groundnut,MP,1170.8,26.3,84.8,5.52,69.7,3.11,3.815
maize,Punjab,1104.5,24.2,67.8,6.83,148.3,10.28,11.221
groundnut,Karnataka,524.4,30.3,74.0,5.93,108.5,7.13,3.615
cotton,Karnataka,976.3,33.2,46.8,7.11,119.7,13.94,4.188
rice,Punjab,1289.3,30.5,57.5,6.65,196.1,2.13,11.291
maize,AP,655.8,33.2,32.0,6.32,161.2,7.72,7.802
groundnut,AP,509.2,27.2,33.5,6.48,61.5,3.71,3.291
cotton,AP,1134.5,27.2,84.9,6.8,152.4,14.81,5.551
soybean,Telangana,903.2,27.0,42.3,6.47,86.1,3.23,4.786
maize,AP,512.1,27.8,62.4,6.53,216.3,7.33,10.686
cotton,Telangana,1435.1,37.4,44.4,6.65,99.0,7.81,4.533
groundnut,Maharashtra,1006.5,35.5,53.5,5.93,99.8,13.39,3.804
soybean,Telangana,628.5,23.1,67.6,7.35,137.7,10.66,4.308
maize,Punjab,1123.4,30.0,53.4,6.06,185.7,2.72,11.349
wheat,Punjab,708.7,24.7,34.9,6.59,88.0,9.07,5.601
groundnut,AP,1013.9,25.4,56.4,6.43,105.6,14.01,4.287
cotton,AP,1273.1,28.0,49.9,7.55,146.6,3.59,4.487
groundnut,MP,970.0,31.8,74.2,6.85,69.9,11.98,3.577
tomato,Karnataka,718.8,20.0,60.6,5.88,189.5,6.47,48.182
wheat,MP,1086.3,14.6,55.9,6.99,136.6,7.69,7.9
cotton,Karnataka,702.2,30.1,64.5,7.93,120.7,5.67,2.635
wheat,Karnataka,1011.5,17.4,60.4,6.51,94.7,11.42,7.499
maize,MP,718.8,27.8,63.3,5.99,186.7,1.76,10.355
rice,Punjab,903.7,31.9,43.0,5.97,146.0,9.6,8.145
groundnut,MP,595.7,30.4,76.3,6.08,92.1,8.96,3.469
groundnut,MP,1046.0,33.7,73.9,5.96,77.5,11.86,3.616
rice,Punjab,1158.7,29.3,36.9,5.51,108.3,3.19,7.488
tomato,AP,1136.1,23.6,56.5,5.54,253.5,2.3,58.755
soybean,Karnataka,658.0,26.9,74.9,6.93,115.4,12.98,4.469
cotton,Punjab,1184.2,30.3,66.9,7.83,90.7,0.56,3.963
cotton,AP,701.3,26.4,41.8,6.67,109.9,8.98,3.657
groundnut,Punjab,982.8,34.4,35.5,6.55,78.7,4.45,3.393
wheat,Maharashtra,1184.4,17.4,47.7,6.01,94.0,8.89,7.091
cotton,Punjab,1279.9,34.1,64.6,7.25,131.0,8.53,4.514
wheat,AP,985.8,21.7,34.6,7.31,101.6,7.5,6.329
rice,Karnataka,1485.0,28.9,75.5,5.56,161.5,2.78,10.666
rice,AP,1512.3,24.1,51.7,5.69,198.0,3.8,10.895
wheat,MP,1037.6,10.9,71.6,7.03,116.6,14.48,7.145
rice,Maharashtra,1177.3,32.5,75.4,5.9,121.5,14.81,8.913
groundnut,Karnataka,619.1,34.9,31.5,6.66,112.5,8.65,3.229
wheat,AP,1082.5,14.0,30.6,6.78,125.1,8.57,7.166
soybean,MP,983.0,26.6,51.7,7.02,122.5,4.35,5.026
rice,Telangana,1632.6,30.4,44.4,6.53,137.3,11.52,10.887
soybean,Punjab,1226.9,24.5,62.3,7.41,137.3,4.16,5.298
cotton,Karnataka,1102.9,34.4,73.5,6.19,156.1,5.92,5.015
wheat,Punjab,979.9,16.5,46.6,6.95,114.1,8.88,6.809
cotton,Karnataka,1121.6,29.3,32.9,6.73,86.7,4.18,3.627
cotton,Punjab,1036.5,29.6,61.0,7.04,110.6,2.16,4.366
soybean,Karnataka,637.3,23.4,31.2,6.37,119.2,8.05,4.332
groundnut,Karnataka,943.9,37.8,53.4,5.71,85.8,6.55,2.898
rice,Maharashtra,1387.8,28.7,81.0,6.15,199.2,4.96,12.907
soybean,MP,866.1,27.0,70.8,7.42,136.8,11.19,4.616
soybean,MP,828.1,26.1,78.8,6.05,89.2,11.4,4.747
soybean,AP,1305.8,29.2,48.6,7.08,94.3,7.31,4.173
wheat,Maharashtra,1004.0,14.9,83.9,6.21,119.9,3.78,7.802
wheat,Karnataka,790.3,20.5,45.9,6.77,167.2,1.75,8.026
soybean,MP,940.4,26.9,69.4,7.19,102.7,2.46,4.434
rice,MP,1067.2,31.3,59.7,6.91,152.8,7.18,9.485
rice,Maharashtra,1370.8,29.8,77.4,6.98,193.8,13.39,12.819
tomato,Telangana,1114.4,26.6,81.7,6.38,253.4,4.12,74.286
maize,Karnataka,1189.6,30.2,73.8,6.1,178.7,7.39,12.17
maize,AP,698.4,34.4,52.6,6.41,193.4,5.65,11.071
rice,Karnataka,1291.0,29.1,37.4,6.32,149.7,7.69,9.748
wheat,Karnataka,654.6,13.6,81.3,6.84,90.8,5.34,6.693
rice,Punjab,1395.9,25.6,37.3,6.3,134.9,4.36,9.522
groundnut,Maharashtra,935.3,32.8,81.4,6.32,95.4,0.62,4.081
cotton,Telangana,772.3,27.5,55.3,6.36,133.8,14.88,4.166
rice,Telangana,1798.1,28.1,56.5,6.33,184.3,3.49,12.573
maize,MP,1459.9,30.2,54.4,6.48,214.6,9.19,14.477
tomato,MP,800.9,26.2,80.0,6.69,237.5,14.16,65.191
tomato,Maharashtra,905.1,25.2,43.6,5.98,217.7,11.95,54.335
maize,Telangana,791.4,32.3,58.6,6.34,170.1,7.0,11.485
cotton,Telangana,708.3,26.5,33.1,7.51,97.9,12.06,3.074
maize,Maharashtra,1190.0,25.0,68.7,6.63,189.9,7.64,12.58
wheat,Punjab,551.1,14.0,52.1,6.8,163.3,10.9,6.752
groundnut,Maharashtra,1030.2,29.6,44.0,6.98,75.8,11.7,3.384
cotton,Maharashtra,897.7,27.7,61.2,7.53,142.9,14.38,3.764
tomato,MP,975.6,22.0,31.3,5.94,231.2,1.66,50.827
tomato,Punjab,1154.3,26.7,70.3,5.63,276.9,9.36,65.523
maize,AP,1012.0,28.2,82.2,6.45,176.5,13.58,13.358
tomato,MP,1041.1,29.3,57.2,5.65,189.8,12.77,55.8
wheat,AP,985.4,12.5,49.2,6.53,106.5,10.77,7.211
rice,AP,1466.3,23.3,65.7,6.71,137.0,11.02,11.143
wheat,Karnataka,743.0,12.7,41.4,7.41,155.5,5.4,6.053
soybean,Telangana,997.1,28.6,64.8,6.58,94.8,14.65,4.945
maize,Karnataka,1384.2,27.1,63.2,6.26,145.1,13.26,11.349
rice,Karnataka,1275.5,27.3,75.2,6.34,122.8,4.79,10.747
cotton,Punjab,761.6,36.0,60.1,6.38,89.1,10.78,4.224
maize,Punjab,1005.2,28.0,62.0,6.77,199.1,11.82,12.341
groundnut,Maharashtra,1113.4,28.9,61.8,5.52,78.0,5.95,3.177
wheat,Punjab,1103.3,22.2,33.9,7.0,113.9,8.91,6.535
groundnut,Telangana,1035.0,32.0,51.8,5.69,91.6,3.12,3.385
cotton,Punjab,609.9,29.7,46.3,6.03,87.7,1.29,3.189
groundnut,Telangana,536.8,25.8,65.3,5.96,113.8,11.67,3.359
groundnut,MP,1083.9,25.1,50.6,5.82,97.0,14.77,3.665
maize,AP,773.3,33.9,85.0,6.23,186.2,4.31,12.532
groundnut,Karnataka,987.5,27.1,51.2,5.72,87.4,10.86,3.3
wheat,AP,658.6,14.8,38.1,6.67,142.6,3.24,6.525
maize,Karnataka,756.3,25.7,48.8,6.85,186.3,10.41,10.663
rice,MP,1910.9,33.8,55.6,6.27,136.0,10.5,11.735
groundnut,Telangana,644.9,36.9,78.4,6.72,118.7,4.56,3.961
tomato,Maharashtra,485.1,19.0,57.7,5.5,214.9,9.75,40.996
maize,Karnataka,669.3,32.5,41.5,6.49,178.4,1.57,10.82
cotton,AP,1455.5,39.7,39.9,7.09,156.0,0.87,4.529
rice,MP,1505.0,22.8,46.8,6.94,114.2,12.43,9.196
tomato,AP,823.5,22.7,81.7,5.98,241.6,10.24,60.864
tomato,AP,768.5,28.7,82.2,5.64,298.3,1.63,63.507
cotton,Maharashtra,976.5,31.6,31.9,7.27,142.0,9.1,3.855
cotton,Punjab,911.4,30.2,35.9,6.94,106.7,2.61,3.687
cotton,Telangana,1451.6,36.0,75.5,7.27,131.6,2.05,4.844
groundnut,AP,988.0,32.6,68.0,6.75,64.3,8.24,3.386
rice,AP,1869.2,28.5,35.6,6.74,140.2,1.39,10.519
soybean,Punjab,942.1,24.0,32.8,7.08,132.0,3.71,4.368
rice,Maharashtra,960.7,34.3,52.4,6.71,118.1,5.66,8.075
tomato,AP,756.8,20.7,38.4,6.59,256.2,13.76,59.867
groundnut,AP,843.2,29.7,43.4,6.74,61.4,2.71,3.169
rice,Karnataka,1095.5,33.7,77.3,5.66,198.3,10.47,10.477
soybean,Punjab,997.9,20.9,51.3,6.58,131.9,5.29,5.155
groundnut,MP,663.5,37.9,67.9,6.93,110.6,4.78,3.461
tomato,Maharashtra,1134.6,25.2,40.6,6.7,268.8,10.18,66.02
wheat,Punjab,806.3,12.4,84.3,6.62,163.3,5.11,8.963
maize,MP,978.6,30.5,79.6,6.91,157.3,13.8,12.619
cotton,AP,843.4,31.0,63.0,7.74,108.7,2.21,3.438
rice,Punjab,1271.2,29.5,65.7,6.27,168.6,6.65,10.982
maize,AP,1448.1,21.0,58.0,6.41,152.9,0.85,12.813
tomato,Maharashtra,760.5,21.4,76.0,5.95,207.5,14.52,54.737
groundnut,Maharashtra,775.3,36.0,42.7,6.14,93.1,11.28,3.434
rice,Karnataka,1407.6,30.7,83.1,6.87,150.2,14.15,11.67
groundnut,AP,850.0,26.8,53.2,5.83,98.9,2.63,3.273
cotton,Punjab,666.2,34.4,58.5,7.59,90.6,11.8,3.155
groundnut,Karnataka,1176.3,35.7,36.9,5.81,71.2,2.51,3.131
groundnut,Karnataka,1022.4,32.9,47.1,6.53,61.1,9.75,3.746
groundnut,Punjab,820.2,31.7,49.2,6.75,99.6,10.22,3.591
maize,Karnataka,1147.4,25.1,84.2,6.74,177.5,4.09,13.111
groundnut,Telangana,548.9,33.3,69.9,6.91,60.1,10.03,2.916
soybean,MP,1279.9,23.2,44.9,6.72,137.6,3.19,5.636
cotton,AP,1083.8,39.9,50.1,6.8,129.2,6.2,4.422
maize,AP,1268.4,21.3,31.1,6.05,170.2,4.17,10.401
tomato,AP,430.5,23.9,81.4,6.57,280.3,5.25,62.402
rice,MP,1965.8,28.1,46.8,5.96,142.9,4.22,10.976
tomato,Punjab,412.6,21.1,34.6,6.49,154.8,4.75,42.458
rice,Maharashtra,1402.1,25.6,77.5,6.47,172.2,7.39,12.779
soybean,Maharashtra,1482.0,30.6,50.0,6.86,107.9,0.68,5.479
tomato,AP,1133.1,18.6,49.7,5.73,268.4,2.22,58.252
cotton,AP,967.9,37.4,74.8,7.36,143.2,1.73,4.618
groundnut,MP,1108.5,31.3,52.0,6.0,69.3,5.81,3.469
rice,MP,1767.2,31.0,40.9,5.51,142.8,13.71,9.282
wheat,Telangana,610.7,13.1,33.2,6.9,88.9,5.9,5.134
rice,AP,1489.5,32.7,41.9,6.34,196.4,10.85,10.982
soybean,Karnataka,780.3,31.9,73.7,7.2,132.4,14.55,4.528
tomato,Telangana,576.2,28.3,56.0,6.61,212.1,6.46,53.372
cotton,AP,1419.2,34.5,31.0,7.16,109.6,2.35,4.106
cotton,MP,1006.3,39.1,31.6,6.25,97.0,6.79,3.818
rice,Karnataka,1564.3,25.0,67.8,6.37,164.7,11.76,12.139
maize,Punjab,1067.8,34.7,51.2,6.88,215.3,11.91,11.411
tomato,MP,1150.9,18.6,45.9,5.52,249.2,4.18,55.718
tomato,Punjab,615.8,24.1,67.0,6.16,226.9,6.11,54.371
maize,Maharashtra,1241.8,31.4,62.3,6.6,143.4,8.78,11.587
groundnut,AP,885.0,31.4,36.0,6.35,102.9,11.37,3.451
maize,AP,985.3,32.5,49.5,6.94,183.4,9.25,10.332
maize,MP,1409.8,33.1,46.1,6.47,152.5,0.98,11.82
groundnut,Telangana,829.8,35.6,79.4,5.69,111.5,14.23,3.825
tomato,Karnataka,573.7,22.5,63.4,6.0,176.4,7.41,50.275
rice,Maharashtra,1644.2,29.8,64.4,6.23,103.2,6.54,10.871
groundnut,Karnataka,570.6,28.4,80.0,5.77,61.7,0.62,2.932
rice,Karnataka,1871.4,30.5,84.2,6.51,100.5,13.23,12.685
tomato,Telangana,1167.5,20.5,77.7,5.97,265.5,8.03,72.346
cotton,Maharashtra,704.9,30.5,79.1,6.05,131.4,13.33,4.049
cotton,Karnataka,1019.2,32.7,40.3,6.27,107.3,12.41,4.034
wheat,Punjab,497.2,19.1,43.4,7.05,125.3,13.22,6.039
maize,AP,1399.9,32.3,34.8,6.99,139.2,5.39,10.211
wheat,Maharashtra,862.6,13.9,49.1,7.36,82.1,10.93,5.317
soybean,MP,974.5,20.2,35.9,6.93,84.4,9.93,3.809
maize,Telangana,1478.6,34.5,46.6,6.3,146.5,4.4,11.092
wheat,Punjab,885.5,17.3,56.5,6.61,101.1,5.45,7.668
wheat,Telangana,770.0,18.3,64.4,6.43,82.4,4.16,6.923
rice,AP,1696.4,33.9,84.5,6.94,101.1,10.4,10.773
wheat,Telangana,752.1,11.8,75.5,6.73,142.5,10.34,8.318
soybean,AP,859.2,31.0,33.9,7.3,105.9,13.46,3.8
soybean,Karnataka,852.2,20.6,42.6,7.19,109.2,3.86,4.266
rice,Telangana,1800.7,29.2,51.5,6.42,147.4,13.77,11.887
rice,AP,1397.8,27.9,58.2,6.28,114.0,4.02,9.722
soybean,Maharashtra,658.4,29.2,70.0,6.64,123.9,10.35,4.39
soybean,MP,1176.0,25.9,39.4,7.27,141.2,2.48,4.546
wheat,Karnataka,641.0,10.3,81.1,7.33,102.7,10.9,5.995
cotton,AP,1069.1,27.6,38.8,6.61,105.7,3.48,4.267
cotton,Karnataka,1166.4,39.6,61.4,6.66,89.5,13.64,4.463
tomato,Punjab,833.5,19.1,83.1,6.52,258.8,4.28,72.709
groundnut,Karnataka,881.9,34.2,44.4,6.69,71.6,7.93,3.427
cotton,Maharashtra,1319.6,33.7,75.7,7.55,106.6,4.48,4.225
maize,AP,714.0,27.1,83.2,6.18,146.7,2.82,10.837
wheat,MP,801.1,23.1,67.4,6.13,148.2,10.2,7.644
rice,Maharashtra,1787.7,22.5,47.1,6.21,139.8,7.04,10.595
tomato,AP,470.9,29.1,75.7,6.22,243.6,5.73,53.313
maize,AP,1497.0,26.8,84.5,6.7,186.7,10.84,14.581
soybean,MP,1394.8,26.9,73.0,6.53,137.5,8.39,6.457
maize,MP,751.0,31.1,50.2,6.77,147.9,1.63,9.109
wheat,Telangana,1130.2,12.9,53.5,6.58,174.0,8.54,9.293
tomato,Telangana,552.6,24.6,31.6,5.88,293.3,3.4,49.367
rice,Punjab,1847.0,31.3,68.2,6.37,108.9,2.91,11.175
soybean,Telangana,825.1,25.0,37.0,6.53,140.1,8.7,4.822
rice,AP,1848.2,25.0,59.2,5.51,149.2,3.42,10.278
maize,Maharashtra,1265.2,27.1,65.9,6.18,182.3,11.66,12.78
groundnut,Maharashtra,1170.4,36.3,75.0,5.5,82.8,5.81,3.442
groundnut,Punjab,587.2,37.6,37.2,6.33,71.0,9.08,2.803
maize,AP,1295.5,20.7,53.9,6.83,185.8,5.52,12.095
soybean,Maharashtra,1342.7,21.7,43.5,6.46,119.8,7.71,5.35
maize,Punjab,1347.5,25.0,64.4,6.28,162.3,4.66,13.023
groundnut,Punjab,926.1,30.2,75.0,6.47,83.7,8.73,4.027
tomato,Karnataka,457.9,21.5,51.1,5.79,233.1,2.78,48.795
maize,Maharashtra,1036.3,24.1,41.3,6.38,194.6,4.75,11.761
soybean,AP,938.7,23.6,66.9,7.33,150.0,14.85,4.706
groundnut,MP,1013.4,30.1,75.3,6.15,68.6,14.0,3.509
groundnut,Maharashtra,678.8,33.0,30.1,6.92,62.9,9.2,2.922
cotton,Karnataka,1392.5,29.9,38.0,6.58,101.6,8.93,4.454
tomato,MP,416.4,18.2,81.8,6.28,254.4,3.1,55.654
soybean,Maharashtra,1071.6,26.9,37.3,7.28,136.4,10.85,4.097
maize,Maharashtra,987.2,25.3,72.3,6.1,189.5,4.05,11.633
groundnut,Telangana,1094.1,25.1,47.7,6.91,97.7,4.07,3.713
soybean,AP,1075.8,27.1,32.0,6.45,82.5,0.88,4.192
rice,Telangana,1181.6,32.4,58.2,6.15,145.3,10.84,9.631
wheat,Telangana,661.6,16.6,64.1,6.97,129.4,8.39,6.654
maize,Karnataka,1205.9,28.0,53.8,6.61,207.4,6.49,13.045
maize,Maharashtra,1392.1,20.5,82.4,6.7,195.9,1.28,14.905
groundnut,Punjab,735.1,25.0,75.1,6.94,95.5,12.47,3.424
soybean,Karnataka,1378.9,23.6,52.1,6.24,110.5,8.85,5.081
cotton,Maharashtra,1275.0,32.6,47.0,6.21,148.7,14.58,4.784
tomato,Telangana,964.1,28.2,62.5,6.15,289.3,9.64,68.0
groundnut,Maharashtra,707.8,29.6,83.7,6.86,114.1,13.58,3.931
rice,Punjab,1989.0,28.1,47.7,6.33,153.0,1.59,12.23
groundnut,Maharashtra,1061.9,26.8,52.5,6.67,97.6,4.18,3.939
maize,MP,1109.6,21.4,41.5,6.37,139.4,10.09,10.549
tomato,AP,723.0,20.5,71.2,6.47,280.7,13.1,70.615
cotton,Telangana,913.4,30.8,78.1,7.02,154.3,2.45,4.79
rice,Maharashtra,1229.2,25.8,82.9,6.42,190.3,9.98,12.635
maize,AP,1079.1,29.3,67.5,6.29,150.4,12.79,11.968
rice,Telangana,1918.5,31.3,53.1,6.65,116.8,7.53,11.476
groundnut,AP,981.3,31.1,51.6,6.19,119.0,5.75,3.57
wheat,Telangana,855.3,15.7,59.6,7.4,123.2,6.97,6.077
wheat,Telangana,1105.6,16.7,30.2,6.88,93.9,4.06,7.122
rice,MP,919.0,33.8,40.0,5.82,120.5,0.7,7.707
maize,Punjab,688.2,24.3,43.6,6.37,215.4,11.11,10.722
rice,MP,1265.2,24.9,84.6,6.77,130.9,1.06,10.843
soybean,Karnataka,1328.5,31.6,50.4,6.72,130.9,3.17,5.409
wheat,Maharashtra,532.6,24.7,64.5,6.14,138.9,8.3,6.625
soybean,Maharashtra,1274.8,21.6,49.4,7.35,97.0,14.28,4.499
maize,AP,1178.8,23.5,68.2,6.41,208.8,6.22,13.157
soybean,Telangana,1170.6,24.4,63.6,7.28,133.0,5.78,4.59
cotton,Karnataka,1298.5,32.3,39.1,6.45,95.6,11.77,4.377
tomato,Maharashtra,414.8,28.0,44.4,5.76,227.3,10.98,41.475
wheat,AP,979.7,14.3,45.6,7.13,83.1,7.73,5.786
maize,Telangana,1087.6,25.3,56.0,6.38,179.7,10.63,12.161
tomato,Punjab,1111.0,21.2,39.0,6.5,271.0,6.92,62.28
tomato,Maharashtra,654.0,22.3,42.8,6.5,244.9,13.51,55.804
wheat,MP,807.3,16.5,66.9,6.57,150.7,3.34,7.691
maize,MP,1199.2,29.7,82.1,6.29,172.6,9.13,13.422
soybean,AP,657.5,22.0,72.7,6.45,117.8,5.16,4.608
tomato,MP,1159.1,25.6,69.7,5.73,258.3,10.16,63.788
maize,AP,908.0,21.6,57.9,6.78,185.5,5.47,11.584
rice,MP,1277.9,32.0,73.9,5.56,140.2,8.08,9.601
tomato,MP,477.7,19.6,83.9,6.52,251.3,10.82,64.07
cotton,Karnataka,852.5,33.4,74.8,7.42,90.8,9.29,3.692
wheat,Telangana,492.8,20.1,40.8,6.65,161.7,3.47,6.935
wheat,AP,981.6,25.0,70.7,7.49,154.4,4.09,7.587
tomato,Punjab,724.1,29.5,60.6,5.62,215.4,6.37,51.087
cotton,Maharashtra,1180.4,28.5,39.6,7.46,100.6,10.51,3.403
cotton,MP,1033.4,33.0,37.3,6.61,119.6,14.36,4.285
wheat,Punjab,925.0,19.1,52.8,6.62,127.4,12.71,7.823
cotton,Maharashtra,990.2,37.1,64.1,6.59,100.3,8.27,4.282
wheat,MP,942.8,10.2,35.9,6.72,121.4,13.89,7.35
rice,MP,1076.1,25.3,62.2,5.55,129.7,6.6,8.799
maize,Karnataka,1122.3,29.9,48.7,6.17,152.0,10.36,10.715
wheat,Maharashtra,1143.3,13.3,72.4,7.5,97.2,3.74,6.682
wheat,AP,845.7,22.8,56.7,6.47,132.4,5.63,8.002
groundnut,MP,616.1,26.9,40.7,6.37,99.4,6.17,3.428
wheat,MP,1107.1,14.8,71.7,7.06,105.3,8.64,7.687
maize,Karnataka,900.2,30.3,61.4,6.89,133.1,4.18,9.542
rice,Telangana,1802.8,31.8,79.0,6.63,151.8,9.03,13.401
rice,Punjab,1455.8,28.6,37.7,5.83,154.5,13.11,9.41
groundnut,AP,776.7,31.1,40.6,6.79,91.3,13.43,3.196
tomato,AP,440.4,26.0,31.9,5.61,255.9,12.72,41.58
soybean,Maharashtra,1040.4,22.3,34.7,6.02,109.3,1.87,4.291
groundnut,MP,941.3,31.9,78.8,5.6,118.1,4.26,3.451
tomato,Telangana,1018.2,20.0,59.7,6.65,262.4,13.05,66.353
soybean,AP,911.7,27.2,69.5,7.41,91.7,11.45,4.277
cotton,Telangana,840.9,38.7,46.5,6.74,83.6,8.2,3.274
maize,Maharashtra,773.8,22.0,48.1,6.78,219.6,6.03,11.424
maize,Karnataka,1404.9,28.4,82.4,6.34,184.7,12.02,14.679
tomato,MP,665.8,23.6,75.4,5.97,255.0,11.1,59.987
rice,MP,1182.4,27.3,79.4,6.45,102.4,8.03,10.471
cotton,AP,1374.7,39.3,74.9,6.85,93.8,6.35,5.015
cotton,Karnataka,1400.0,34.6,58.0,7.29,152.2,6.45,4.535
wheat,Maharashtra,659.2,20.2,47.0,6.84,96.2,13.55,6.252
tomato,Telangana,775.4,22.2,31.2,6.79,278.1,9.34,54.355
maize,AP,739.6,29.3,32.6,6.01,195.7,14.41,9.413
groundnut,Punjab,508.3,31.5,42.4,6.03,94.8,1.44,2.796
soybean,AP,1359.0,28.6,81.7,7.42,128.5,8.54,5.552
tomato,Telangana,424.6,26.7,62.1,6.86,269.3,10.23,55.29
cotton,MP,1427.0,35.3,49.3,7.49,146.8,1.41,4.194
soybean,Punjab,1265.6,29.4,64.2,6.45,115.9,12.38,5.796
rice,MP,1985.6,22.1,36.6,6.16,125.6,13.72,10.431
rice,Telangana,863.0,27.6,53.5,6.9,128.6,1.98,8.785
soybean,MP,1226.9,23.3,30.6,6.45,138.9,9.73,4.823
rice,Karnataka,1553.3,24.4,78.2,6.27,152.9,7.21,11.891
cotton,MP,807.9,38.1,40.3,6.34,114.1,11.71,3.448
groundnut,MP,1096.5,32.2,79.6,6.58,113.8,5.26,4.474
groundnut,Karnataka,517.4,29.9,45.0,6.84,76.5,4.89,2.724
soybean,Punjab,1405.4,28.1,44.5,6.31,145.3,2.67,6.125
wheat,Punjab,931.5,13.7,32.4,7.3,123.6,4.05,6.127
groundnut,Karnataka,1115.8,27.6,54.2,6.92,80.5,10.75,3.511
groundnut,Karnataka,722.6,32.2,30.6,6.6,62.5,7.14,3.0
rice,AP,1319.4,24.6,31.3,6.32,111.6,1.24,8.498
wheat,Telangana,513.8,20.6,58.0,6.1,90.8,7.24,6.031
soybean,Karnataka,1175.9,29.3,67.6,7.29,80.9,0.78,4.819
wheat,AP,908.5,12.2,75.5,7.15,86.8,4.3,6.801
rice,Telangana,1403.5,28.0,70.9,5.74,159.0,13.79,10.649
wheat,Punjab,706.5,23.1,82.0,6.54,175.2,2.6,8.87
rice,AP,805.2,25.6,37.3,6.4,179.9,2.1,9.003
soybean,MP,633.5,24.3,71.4,6.03,93.5,14.09,4.265
rice,Karnataka,966.9,24.8,53.9,6.37,106.5,2.46,8.396
maize,Telangana,690.8,33.2,51.1,6.65,206.8,5.04,10.616
wheat,Karnataka,679.8,14.7,83.9,6.9,123.6,5.67,7.279
tomato,Punjab,649.3,29.9,37.0,6.17,245.1,11.13,51.188
rice,AP,1801.8,22.7,56.9,6.77,163.0,13.4,11.493
rice,Punjab,1156.3,32.3,67.2,5.65,182.3,1.77,10.216
cotton,AP,861.8,29.0,54.5,7.53,100.5,10.57,3.777
tomato,Telangana,871.5,26.2,48.1,6.05,217.3,12.22,56.226
soybean,AP,899.1,30.8,46.5,6.15,88.2,14.42,4.303
rice,MP,1465.0,31.2,51.6,6.13,175.8,12.48,10.688
rice,Karnataka,1316.9,30.4,55.8,6.05,123.1,8.63,9.182
rice,Punjab,1468.1,26.2,81.2,6.09,127.9,10.41,11.407
groundnut,Maharashtra,541.0,27.8,68.7,7.0,86.0,3.15,2.997
tomato,Telangana,980.9,21.8,51.4,6.74,240.5,8.59,58.766
cotton,AP,909.1,31.0,81.7,7.52,118.6,4.76,4.093
wheat,Karnataka,1029.6,18.2,51.9,6.82,85.3,4.43,6.858
maize,MP,855.3,21.6,57.7,6.94,168.8,9.51,10.491
soybean,AP,1438.0,24.3,50.8,6.6,92.2,12.16,5.628
soybean,AP,1241.3,24.4,61.7,6.51,97.7,14.48,5.252
rice,Punjab,914.3,23.6,42.3,6.67,135.0,5.62,8.859
soybean,AP,1006.8,21.2,46.6,6.11,112.4,9.39,4.985
tomato,Maharashtra,497.4,28.4,76.3,6.35,256.8,7.23,61.005
tomato,AP,670.1,23.9,48.6,5.98,200.3,2.28,51.876
soybean,MP,641.8,21.3,40.3,6.52,121.6,13.38,4.34
rice,Maharashtra,1144.0,32.2,80.5,5.73,164.7,10.36,10.696
groundnut,Maharashtra,576.3,28.3,65.2,6.84,102.9,10.12,3.34
maize,Maharashtra,1178.7,27.1,46.2,6.88,153.6,13.16,10.588
maize,Maharashtra,1015.0,22.0,51.2,6.06,185.6,12.63,11.287
tomato,Maharashtra,533.7,18.4,43.1,6.08,285.5,3.49,52.043
rice,Maharashtra,1061.0,34.1,68.5,5.96,139.8,4.75,9.585
groundnut,Karnataka,820.9,28.6,62.1,6.2,87.0,4.58,3.769
soybean,Maharashtra,1229.3,20.3,72.2,7.28,128.6,12.62,5.199
soybean,Maharashtra,1397.9,20.3,67.3,6.57,116.8,4.65,5.868
rice,AP,1257.5,28.5,53.6,6.93,176.2,1.29,10.403
rice,Punjab,1830.0,35.0,73.0,6.44,179.5,5.65,13.385
cotton,Punjab,1349.8,35.3,37.9,6.04,106.9,3.88,4.049
rice,Maharashtra,1440.9,24.8,57.6,5.75,123.7,4.43,9.011
tomato,Maharashtra,771.1,18.7,65.9,6.59,199.3,4.55,60.29
wheat,Punjab,608.9,15.0,79.6,6.7,172.7,1.8,8.164
maize,Maharashtra,995.5,21.6,65.0,6.21,134.8,14.27,10.907
rice,Punjab,1627.5,27.3,34.2,5.81,140.3,10.58,9.539
tomato,Karnataka,649.1,19.5,61.5,6.8,224.0,8.76,52.254
soybean,Maharashtra,714.4,21.2,46.9,7.07,94.6,7.39,3.81
tomato,Maharashtra,966.9,25.5,46.1,6.47,257.1,5.17,60.43
cotton,Punjab,1332.6,27.5,43.4,6.01,83.4,2.16,3.951
maize,Punjab,1358.0,31.1,57.9,6.06,159.9,12.25,12.453
groundnut,Maharashtra,895.7,28.2,44.1,6.15,98.0,1.26,3.47
soybean,Punjab,619.9,20.1,42.2,6.17,96.8,14.81,3.711
tomato,AP,707.3,20.6,68.7,5.96,296.3,10.83,61.479
tomato,Punjab,1096.1,24.9,75.0,6.14,246.2,0.58,71.153
soybean,Maharashtra,1029.1,21.6,50.0,6.59,92.4,5.92,4.679
tomato,Punjab,862.4,24.3,68.6,5.74,257.3,14.52,61.418
maize,Punjab,740.5,27.7,71.6,6.48,142.2,4.99,10.361
maize,MP,1086.6,33.6,37.2,6.03,200.6,4.01,10.848
soybean,AP,1308.3,25.5,70.7,7.5,138.7,13.13,5.143
tomato,Telangana,1074.9,21.1,53.9,5.65,242.4,6.68,52.484
cotton,Punjab,627.5,39.5,50.1,7.85,154.8,8.21,3.326
tomato,AP,1121.9,27.5,73.6,6.11,234.7,4.46,69.936
wheat,MP,783.6,18.8,73.2,7.48,140.2,11.04,6.921
tomato,MP,973.1,23.5,31.8,6.21,220.2,4.0,52.665
maize,AP,1200.0,20.1,76.7,6.37,131.9,14.4,11.647
maize,Punjab,942.0,29.7,54.4,6.52,155.0,1.43,10.656
tomato,Maharashtra,784.5,24.7,66.5,6.73,253.8,8.14,64.42
tomato,Punjab,721.6,29.5,42.5,6.99,259.6,1.98,56.43
cotton,Punjab,1395.5,34.2,32.6,6.26,89.2,8.72,4.083
soybean,AP,1260.9,28.2,35.6,6.48,92.4,11.19,4.461
soybean,AP,1220.9,26.8,51.3,6.12,91.4,3.19,4.674
maize,AP,916.1,21.4,37.1,6.38,129.1,3.97,9.101
tomato,MP,839.3,26.7,32.7,6.99,169.7,10.57,47.915
wheat,Maharashtra,1077.1,20.2,80.3,7.43,131.1,14.53,7.434
maize,Maharashtra,1048.1,26.8,44.2,6.85,130.0,11.4,10.037
rice,AP,1184.9,27.0,77.3,6.43,115.8,6.99,10.488
rice,Punjab,970.2,22.0,51.5,6.3,110.7,9.04,8.865
groundnut,Maharashtra,622.7,35.1,38.6,6.92,66.0,14.42,2.849
rice,Punjab,1585.2,23.0,59.1,5.86,177.4,13.96,11.09
soybean,AP,1382.8,25.4,48.1,7.47,147.2,13.35,4.908
cotton,Telangana,665.4,37.6,52.0,6.35,85.7,8.87,3.683
soybean,Karnataka,1476.8,25.3,61.1,6.09,132.4,6.99,5.801
groundnut,Telangana,1170.7,27.8,73.2,5.57,77.5,11.41,3.277
soybean,AP,777.1,27.7,31.3,6.69,135.5,9.35,4.189
soybean,AP,1070.9,30.8,52.2,7.09,115.7,6.36,4.813
maize,AP,517.3,28.6,36.9,6.05,140.8,3.25,8.002
cotton,AP,1105.4,34.6,53.0,7.94,85.5,4.07,3.233
rice,Maharashtra,1904.6,31.4,66.9,6.49,144.1,0.97,13.5
groundnut,AP,641.1,35.5,54.2,5.58,64.2,4.16,3.051
tomato,Telangana,907.4,27.3,77.4,5.99,261.1,5.51,67.314
wheat,Karnataka,494.9,10.4,67.8,6.17,123.1,4.69,6.38
groundnut,Telangana,806.3,37.6,81.3,6.93,106.4,10.75,3.778
wheat,Maharashtra,739.6,22.6,75.3,7.32,110.0,2.74,6.69
soybean,AP,1430.8,23.2,55.5,7.48,126.9,9.39,4.76
rice,Maharashtra,1802.9,25.0,63.9,5.55,180.5,1.96,11.066
wheat,AP,761.7,21.6,38.6,6.31,125.3,14.38,6.868
groundnut,Telangana,796.3,37.0,41.8,5.61,108.2,5.2,3.154
wheat,AP,1070.8,18.8,43.6,6.6,174.7,12.14,7.863
groundnut,Karnataka,812.6,28.6,49.1,5.66,64.5,9.41,3.116
rice,AP,1020.3,27.5,74.5,6.09,151.3,8.53,10.112
tomato,AP,749.9,27.9,75.1,6.89,245.9,1.36,64.466
tomato,Telangana,586.7,29.3,54.7,6.38,196.7,12.18,51.047
wheat,Maharashtra,652.4,21.9,33.8,6.2,156.3,0.68,6.326
tomato,Telangana,865.1,22.2,58.0,5.85,242.5,14.88,55.628
soybean,AP,691.4,23.9,40.8,6.11,85.1,7.54,3.237
cotton,Telangana,1036.9,30.0,44.9,6.16,124.0,9.42,4.193
maize,Punjab,1271.8,33.5,35.7,6.2,219.2,1.27,11.32
groundnut,Telangana,593.4,36.4,63.9,6.27,64.9,0.63,3.243
rice,Karnataka,1442.1,32.4,60.9,6.39,131.5,8.24,11.261
maize,Telangana,1481.7,26.2,72.7,6.72,130.0,5.89,12.455
wheat,Telangana,495.4,23.9,68.9,6.12,173.0,5.28,7.22
groundnut,Telangana,1070.9,33.0,41.9,6.92,98.8,11.07,3.613
groundnut,Telangana,737.3,29.9,64.4,6.83,84.3,13.39,3.23
wheat,Maharashtra,1185.5,20.5,82.5,6.74,123.1,3.48,8.456
soybean,Maharashtra,1021.7,31.9,53.3,7.33,103.0,10.21,4.056
wheat,MP,943.7,15.3,41.9,6.47,148.4,6.58,7.579
soybean,Karnataka,726.3,27.0,73.1,6.3,135.3,2.13,5.191
wheat,MP,555.7,19.2,82.6,7.48,168.2,5.47,7.353
soybean,Karnataka,1193.8,23.9,55.7,6.51,126.3,12.27,5.54
cotton,Punjab,605.1,25.8,42.4,7.83,152.7,8.43,3.185
wheat,Maharashtra,786.6,21.9,53.7,6.72,158.3,4.15,7.792
maize,Telangana,1108.7,22.3,45.5,6.8,155.5,12.69,10.43
tomato,Punjab,627.8,28.9,69.3,6.63,159.6,8.15,50.749
soybean,AP,1116.7,26.0,41.3,6.73,111.9,11.46,4.903
rice,AP,1952.9,23.6,51.0,6.61,112.8,8.99,11.333
rice,Karnataka,1442.6,25.0,52.6,6.62,152.8,4.4,11.281
maize,MP,1472.0,22.1,61.5,5.92,131.2,11.82,11.281
tomato,Karnataka,1182.3,23.2,67.3,5.73,219.9,12.57,65.164
wheat,MP,916.7,24.8,60.9,6.07,168.7,4.16,7.754
soybean,Punjab,898.5,22.2,63.8,6.37,138.3,13.74,5.157
wheat,Punjab,806.3,25.0,78.2,7.04,110.8,11.83,7.102
groundnut,Punjab,1071.8,28.9,55.8,5.72,73.6,6.66,3.193
tomato,Maharashtra,1192.1,27.3,42.0,5.94,186.7,2.48,53.187
maize,Punjab,1105.4,30.6,48.2,6.62,149.2,10.38,10.381
soybean,MP,844.9,21.1,42.1,7.25,139.7,1.44,4.121
cotton,MP,954.1,26.0,74.2,6.45,143.4,3.5,4.894
soybean,Punjab,1493.0,27.9,76.2,6.81,133.6,12.2,6.235
soybean,Punjab,768.1,27.9,66.6,6.56,148.8,14.37,5.399
cotton,MP,843.4,29.5,73.1,6.72,159.1,1.54,4.819
tomato,Punjab,1112.5,22.1,45.0,6.2,284.4,13.77,63.812
rice,Punjab,1945.6,26.3,51.8,6.35,140.4,3.3,11.778
soybean,Karnataka,829.7,21.1,82.0,6.12,109.8,3.66,4.839
tomato,Karnataka,943.9,25.7,37.4,6.79,223.0,4.7,54.793
tomato,Punjab,890.5,24.4,78.5,6.52,245.6,9.0,67.937
tomato,Telangana,1121.8,22.6,33.3,6.67,258.7,8.93,63.528
groundnut,MP,1177.1,35.5,62.7,5.66,67.3,5.5,3.39
cotton,AP,691.0,37.0,75.2,7.83,140.5,3.64,3.49
tomato,MP,1012.1,29.4,65.1,6.58,282.2,6.12,71.064
rice,MP,1326.1,29.2,56.2,6.34,127.7,7.33,10.145
maize,Punjab,1320.7,26.8,77.6,6.52,209.6,13.41,14.418
wheat,Telangana,919.4,11.2,64.7,6.2,95.6,11.16,6.668
wheat,Telangana,1152.5,13.0,49.7,6.46,104.0,13.76,8.017
wheat,Maharashtra,850.2,14.2,39.6,6.14,96.5,12.72,6.304
soybean,Karnataka,1271.8,24.8,84.6,7.02,133.5,5.51,5.636
wheat,Karnataka,954.7,23.8,45.7,6.59,98.0,7.1,6.886
soybean,AP,810.2,28.8,73.7,6.01,117.7,4.36,5.133
cotton,Karnataka,1438.6,26.6,56.6,7.72,92.7,3.67,4.065
wheat,MP,704.0,22.9,38.3,6.99,152.1,13.31,6.407
cotton,Karnataka,827.2,30.6,71.3,7.69,129.4,3.6,3.656
maize,Maharashtra,727.6,34.8,36.5,6.47,189.6,4.13,9.91
maize,Maharashtra,1232.9,21.6,41.1,6.7,124.6,11.98,9.734
cotton,AP,1028.7,25.7,47.4,7.22,112.5,9.79,3.707
groundnut,Telangana,1044.9,25.7,76.1,6.29,65.0,9.39,3.831
tomato,Punjab,416.6,18.4,36.6,6.26,260.2,3.71,46.906
cotton,AP,1467.4,39.0,82.3,7.14,138.7,1.71,5.139
cotton,MP,1107.0,36.4,58.4,6.73,123.6,1.87,4.57
rice,Punjab,1762.3,31.4,66.8,6.69,167.1,10.18,12.753
wheat,Telangana,520.6,19.3,71.9,6.63,141.3,8.41,7.448
rice,AP,1787.6,29.6,48.9,6.42,182.1,3.31,12.694
wheat,MP,986.1,19.2,36.6,6.31,94.5,9.6,7.036
soybean,MP,987.1,28.3,38.9,6.78,148.4,9.21,4.734
soybean,Telangana,775.0,29.0,50.6,6.41,106.7,4.04,4.353
groundnut,Karnataka,1035.5,27.1,36.0,6.39,113.8,7.36,3.348
tomato,Karnataka,874.0,21.6,35.6,5.58,150.4,11.99,41.098
cotton,AP,732.2,33.3,81.3,6.29,128.9,3.34,4.612
wheat,MP,418.8,15.6,39.5,6.17,115.2,5.91,5.074
cotton,Punjab,1427.0,31.0,77.0,6.38,101.7,8.79,5.124
rice,Punjab,979.6,27.8,78.6,5.92,194.3,1.72,10.129
soybean,Punjab,714.0,24.2,46.0,6.51,119.6,2.2,4.561
rice,AP,1201.1,34.5,58.7,6.28,140.1,11.8,9.63
cotton,Maharashtra,1241.4,38.2,82.7,6.74,86.0,6.81,4.642
rice,Punjab,1599.6,29.1,74.2,5.81,175.5,8.52,11.405
wheat,AP,464.2,21.3,60.9,6.21,90.0,6.47,5.944
maize,MP,987.0,26.4,51.7,6.31,207.2,5.33,11.343
groundnut,AP,1093.5,36.2,74.7,6.39,94.5,11.9,4.111
groundnut,Punjab,886.9,37.6,76.7,6.99,67.0,7.75,3.71
groundnut,MP,854.5,36.3,81.7,5.82,85.6,6.71,3.301
maize,MP,940.5,27.8,54.9,6.56,200.1,12.35,11.07
maize,MP,866.7,29.3,79.6,5.88,173.0,10.73,11.106
maize,Telangana,1181.7,23.1,68.3,5.93,202.9,8.84,12.405
groundnut,MP,583.2,29.1,36.6,6.17,67.2,11.03,2.615
soybean,Punjab,1080.4,25.4,39.9,7.46,83.5,9.89,3.899
soybean,Maharashtra,1473.9,30.6,77.7,7.42,88.0,2.37,4.858
tomato,Karnataka,976.1,19.9,46.1,6.45,157.9,13.86,55.001
soybean,MP,920.0,30.8,72.8,6.18,101.7,8.38,4.868
groundnut,MP,578.1,37.0,31.9,6.9,69.3,14.85,3.119
wheat,Maharashtra,1158.1,15.5,83.9,6.02,148.9,14.5,8.592
wheat,Telangana,852.4,19.6,82.7,7.11,98.1,9.76,7.086
soybean,Punjab,1479.5,27.0,67.1,7.3,146.7,8.46,5.947
groundnut,Maharashtra,528.0,27.6,46.8,5.78,75.3,5.72,2.599
soybean,Telangana,1277.5,24.4,60.1,7.09,111.9,8.38,5.019
rice,MP,1807.5,27.5,60.8,6.47,117.7,14.73,12.046
soybean,Maharashtra,896.3,21.7,51.2,6.56,129.4,4.07,4.962
tomato,Telangana,734.3,20.0,83.6,5.73,256.1,3.88,59.044
soybean,Punjab,1056.0,23.2,81.9,6.79,141.8,1.96,5.796
tomato,AP,616.3,26.3,40.5,5.88,203.5,12.92,45.235
tomato,Maharashtra,686.6,19.2,45.1,6.64,239.5,4.17,56.279
maize,Karnataka,1362.5,32.1,41.8,5.95,195.5,14.67,11.442
wheat,AP,1059.4,21.5,76.0,6.56,136.6,0.76,8.678
cotton,Karnataka,756.3,28.3,54.0,7.05,87.3,8.94,3.197
maize,AP,1458.8,23.1,33.7,6.59,124.3,8.5,10.794
rice,MP,826.8,24.2,41.1,6.35,170.3,10.19,9.173
wheat,Karnataka,923.0,24.9,78.7,7.41,80.4,1.46,6.141
soybean,Karnataka,853.6,24.6,70.0,6.14,87.9,14.19,4.868
rice,Maharashtra,854.3,22.0,33.4,6.03,124.1,3.1,7.807
groundnut,Punjab,949.9,34.1,41.3,5.95,105.5,8.39,3.395
wheat,AP,849.3,20.4,51.3,6.8,123.4,12.7,7.438
groundnut,Karnataka,1014.0,34.8,55.9,6.13,77.8,1.85,3.522
tomato,MP,588.5,29.2,76.1,6.93,293.8,5.78,60.48
soybean,Punjab,1339.4,21.0,38.4,6.47,147.6,11.27,5.791
maize,MP,806.4,27.5,42.1,6.08,174.2,9.93,8.942
groundnut,Karnataka,559.8,27.8,34.3,6.77,97.9,7.55,2.919
groundnut,AP,1033.1,34.1,77.9,5.86,67.1,0.59,3.476
cotton,Telangana,970.7,35.7,32.6,6.22,101.6,6.77,3.812
rice,Telangana,1632.4,34.7,35.5,6.94,123.5,2.65,9.545
rice,AP,1670.9,30.8,61.9,6.0,117.0,7.51,10.316
cotton,AP,790.3,29.0,32.0,6.19,107.7,3.2,3.889
groundnut,Maharashtra,636.2,27.4,67.7,5.93,74.9,3.21,3.218
groundnut,Punjab,949.3,37.6,76.8,5.71,85.1,14.02,3.499
wheat,Punjab,514.7,23.5,50.7,6.26,115.3,6.99,6.439
tomato,Maharashtra,998.0,23.3,65.1,6.92,273.6,1.41,67.861
rice,Karnataka,1893.9,26.9,61.4,6.76,131.3,9.9,12.183
soybean,MP,1170.4,26.5,58.2,7.39,145.2,4.93,5.031
tomato,Karnataka,909.1,24.0,56.4,5.65,179.6,13.37,52.727
rice,Maharashtra,1485.7,27.8,57.1,6.49,105.1,4.79,10.679
wheat,MP,767.5,20.2,40.1,6.98,83.9,13.46,5.704
wheat,Maharashtra,707.4,10.8,75.3,7.21,178.4,8.55,7.63
wheat,Telangana,744.6,17.5,77.7,7.35,106.1,9.84,6.357
cotton,AP,943.3,30.3,64.2,6.74,105.5,2.88,4.433
groundnut,AP,1068.7,31.2,31.0,6.78,74.8,9.48,3.649
rice,AP,1775.7,34.2,66.2,6.0,153.0,1.65,11.191
cotton,Punjab,924.5,38.1,66.1,7.75,136.1,11.14,3.531
rice,Punjab,865.9,24.3,32.5,6.32,148.1,0.61,7.766
soybean,Punjab,928.9,25.6,65.7,6.4,104.1,13.3,5.09
tomato,AP,572.0,18.4,55.3,5.71,287.6,1.63,52.224
cotton,Karnataka,1391.1,36.3,76.0,7.87,97.6,10.5,4.047
tomato,Punjab,1019.5,21.1,81.4,5.99,166.2,4.72,58.173
tomato,Karnataka,713.1,29.5,77.0,6.0,266.8,6.82,65.284
cotton,Telangana,1279.4,28.4,61.7,7.78,111.0,12.56,3.806
tomato,Punjab,1027.6,25.2,53.1,6.84,175.8,12.58,57.448
soybean,Telangana,787.5,25.3,59.0,6.08,101.0,7.25,4.24
soybean,Punjab,949.9,24.6,78.2,6.76,93.3,8.8,5.114
soybean,Maharashtra,1155.0,21.1,59.2,7.17,149.4,10.4,5.045
groundnut,Maharashtra,1161.2,30.8,77.9,6.49,101.3,0.99,4.745
tomato,Maharashtra,580.8,25.9,36.7,5.75,158.4,13.98,38.951
wheat,MP,1037.1,15.0,82.0,6.89,129.5,11.34,7.732
cotton,Telangana,831.6,29.0,37.1,6.82,99.5,12.93,4.071
rice,Punjab,946.7,33.4,84.5,5.59,131.8,6.62,8.743
tomato,MP,610.2,18.5,80.8,5.9,158.1,10.09,50.437
wheat,Maharashtra,973.8,12.0,49.1,7.41,170.0,2.12,7.304
groundnut,Telangana,536.9,26.8,31.8,6.4,97.1,6.26,3.183
rice,Karnataka,1685.5,26.1,82.5,6.23,181.4,3.84,14.053
soybean,Maharashtra,857.0,27.8,35.5,6.98,121.5,14.93,4.093
groundnut,Punjab,607.6,26.7,46.2,5.81,106.0,0.81,2.962
groundnut,Telangana,819.8,30.3,32.9,6.33,74.6,14.12,2.894
groundnut,Telangana,638.9,31.1,38.1,6.24,61.1,5.98,2.693
rice,Maharashtra,1468.8,33.6,56.9,5.99,113.4,11.33,9.854
maize,Telangana,874.7,23.8,76.9,5.94,134.1,9.04,10.191
groundnut,AP,926.5,25.6,60.8,6.81,85.1,0.82,3.687
soybean,Punjab,1363.1,29.0,67.9,6.67,122.9,7.93,6.345
cotton,Punjab,1179.5,34.2,58.6,7.44,131.4,10.39,4.114
maize,Karnataka,501.4,28.4,49.9,6.51,217.2,6.21,10.209
tomato,Punjab,950.2,23.7,45.7,6.81,216.6,13.49,57.868
tomato,MP,1198.3,28.8,63.9,6.89,269.7,2.36,69.725
cotton,AP,1033.6,35.5,46.6,6.1,122.7,4.63,4.166
wheat,Karnataka,773.3,17.3,50.0,7.29,124.9,14.92,5.9
soybean,MP,1328.3,24.1,34.0,6.58,132.9,13.04,5.788
cotton,Maharashtra,1123.2,36.4,83.9,6.53,151.2,7.67,5.468
rice,Telangana,1073.7,26.1,79.4,5.82,190.6,1.98,10.945
rice,Karnataka,1066.0,24.9,84.5,6.92,195.4,12.21,11.283
rice,Karnataka,1470.2,25.3,53.4,5.81,113.6,2.47,8.996
soybean,MP,733.9,27.9,67.4,7.18,118.5,14.11,4.164
maize,Karnataka,1230.1,23.2,43.7,5.89,147.7,3.9,10.598
wheat,AP,859.8,14.9,55.6,7.23,98.4,0.7,5.975
rice,Telangana,1748.7,28.4,71.7,5.63,159.2,3.27,11.333
tomato,Telangana,1051.4,27.2,81.6,6.7,281.9,6.38,79.133
wheat,Maharashtra,1196.4,10.2,44.4,6.53,108.1,3.73,7.596
soybean,Telangana,676.3,28.9,43.9,7.04,97.6,9.62,3.975
maize,Karnataka,1464.9,28.7,79.2,6.89,200.9,0.67,14.414
groundnut,Punjab,1058.7,26.7,46.0,6.09,76.3,2.29,3.285
soybean,MP,1335.7,21.5,76.3,6.27,146.6,6.12,6.132
maize,Karnataka,1443.0,23.2,37.8,5.87,173.7,3.22,10.93
rice,Telangana,1606.1,27.6,71.5,5.67,110.3,3.71,10.418
cotton,Punjab,1481.7,39.7,70.0,6.76,82.0,12.55,4.645
rice,Karnataka,1521.0,24.1,58.0,5.82,128.3,7.91,10.02
cotton,Maharashtra,1277.7,38.7,48.2,7.67,100.3,7.76,3.622
soybean,Karnataka,1178.9,30.6,58.4,6.6,84.7,5.52,4.951
groundnut,Maharashtra,839.9,31.1,43.9,6.48,66.2,13.83,3.411
wheat,Karnataka,1071.9,14.4,68.3,7.4,135.3,9.15,6.958
wheat,AP,498.3,13.8,76.1,7.22,141.9,7.98,6.728
cotton,AP,807.7,37.7,78.8,6.28,126.4,7.37,4.482
tomato,MP,1043.7,26.8,39.5,6.89,217.0,1.19,54.892
wheat,MP,548.0,10.6,62.5,6.05,163.2,5.69,6.757
rice,AP,1976.4,30.0,72.0,5.78,167.9,6.73,12.326
tomato,MP,591.0,29.0,59.3,5.62,214.1,13.53,47.163
cotton,Maharashtra,678.1,26.8,80.4,7.43,86.0,11.25,3.338
soybean,Maharashtra,1119.7,31.2,69.8,6.05,133.8,14.48,5.119
cotton,MP,1286.0,32.8,72.1,6.41,123.6,13.49,5.108
groundnut,Telangana,528.1,34.9,35.7,5.65,83.8,12.64,2.663
soybean,AP,1221.9,28.2,66.3,7.26,89.3,8.84,4.655
cotton,Punjab,1424.1,32.5,34.0,6.8,140.0,1.8,4.63
cotton,AP,1038.2,36.9,62.8,7.83,111.1,7.76,3.538
groundnut,Telangana,685.8,27.7,83.1,6.92,61.2,2.66,3.443
groundnut,MP,693.1,29.6,49.1,5.83,95.1,10.03,3.059
rice,Maharashtra,1865.8,25.2,45.9,6.36,176.8,6.43,12.117
wheat,AP,507.9,10.4,34.0,6.23,142.7,3.25,5.804
maize,Telangana,1411.3,20.3,67.0,6.58,158.4,9.04,12.796
soybean,MP,1362.5,25.9,84.2,7.23,108.4,11.67,5.477
maize,Karnataka,1380.3,34.5,41.6,6.19,199.9,8.41,12.301
maize,AP,1107.3,20.0,47.6,6.77,153.0,6.05,10.155
rice,Maharashtra,1057.7,24.4,45.5,6.18,174.8,0.79,10.402
rice,Karnataka,1947.9,27.1,68.2,6.13,196.9,10.93,14.006
rice,Telangana,1874.0,31.1,46.7,6.6,129.0,11.85,11.411
groundnut,Karnataka,702.6,33.3,56.7,5.78,78.2,6.62,3.006
groundnut,AP,598.8,26.6,37.3,6.18,90.9,14.7,2.886
soybean,AP,1013.0,22.6,58.7,6.74,132.9,4.64,5.337
tomato,MP,696.0,19.8,78.8,5.89,172.9,11.11,49.378
groundnut,AP,657.1,31.6,33.3,6.28,95.4,14.61,3.216
cotton,Telangana,822.8,26.6,76.2,7.54,105.6,12.57,3.737
wheat,AP,932.6,20.5,67.6,7.01,118.7,13.51,7.432
rice,AP,1218.9,23.7,80.5,5.69,181.5,11.78,10.634
rice,Punjab,1059.6,23.8,32.2,6.28,182.9,14.94,9.544
rice,MP,1349.6,31.8,81.1,6.69,123.3,13.08,11.065
cotton,Telangana,1046.5,31.9,65.5,7.42,87.2,9.44,3.811
soybean,Telangana,1115.8,31.7,44.1,6.36,104.9,4.36,4.514
cotton,Karnataka,1231.7,25.6,78.5,7.91,83.7,13.47,3.543
cotton,Maharashtra,1165.8,37.9,76.1,7.1,112.9,14.72,4.53
groundnut,Maharashtra,1112.1,32.8,68.8,6.53,101.3,5.15,4.577
tomato,AP,679.9,27.1,76.1,6.37,172.4,13.31,58.492
soybean,Punjab,1399.6,30.2,35.4,6.65,133.1,1.08,5.28
rice,Punjab,916.7,33.1,74.9,6.22,182.7,13.78,11.125
maize,MP,1449.8,22.3,75.6,5.9,163.2,7.36,12.644
soybean,Maharashtra,1454.0,20.7,57.5,7.35,101.3,6.62,4.997
tomato,Punjab,686.5,20.3,56.9,5.81,178.1,12.07,48.504
cotton,Telangana,725.5,33.6,49.5,7.48,123.0,14.68,3.456
rice,Punjab,1797.7,22.5,40.0,5.85,137.4,1.56,10.078
cotton,Telangana,1296.6,25.6,53.7,6.86,89.8,6.79,4.066
tomato,Karnataka,1114.3,27.7,67.3,6.46,282.8,12.37,78.106
soybean,Maharashtra,1221.3,31.2,50.8,7.07,82.6,12.24,5.024
tomato,AP,696.1,28.1,76.5,6.8,168.5,5.2,55.894
wheat,Karnataka,992.4,16.6,73.2,7.33,160.9,7.14,8.465
maize,MP,992.3,33.5,74.4,6.03,218.3,10.79,12.727
wheat,AP,737.5,22.7,73.6,7.04,157.1,1.84,8.132
cotton,Telangana,833.4,33.7,32.2,6.89,81.8,12.49,3.447
wheat,MP,538.5,13.9,52.3,7.14,157.5,14.29,7.07
tomato,Maharashtra,1008.4,24.3,76.4,6.89,273.8,10.26,70.569
soybean,Karnataka,734.2,30.0,65.5,7.25,137.0,5.81,4.638
groundnut,Maharashtra,1066.2,32.4,35.9,5.52,105.7,2.19,3.182
soybean,Punjab,1181.2,23.6,41.4,7.35,121.5,4.3,4.443
cotton,AP,709.8,26.2,69.9,7.36,112.6,2.1,3.523
tomato,Maharashtra,835.8,19.0,60.6,6.74,244.8,2.44,64.958
soybean,Karnataka,1043.6,27.6,49.0,6.27,80.6,7.5,4.512
wheat,MP,764.1,15.2,39.4,6.94,84.3,6.77,5.323
cotton,AP,952.5,37.1,76.0,7.77,99.9,7.15,3.569
rice,Karnataka,1566.4,24.2,52.6,6.79,153.2,9.23,10.918
maize,MP,542.8,35.0,76.9,6.24,126.2,14.9,9.453
tomato,Karnataka,868.1,20.6,34.8,6.83,299.0,13.0,60.32
wheat,Maharashtra,819.3,23.7,41.7,7.46,106.2,1.67,5.639
maize,Maharashtra,1486.5,33.7,43.2,6.66,130.5,3.21,11.207
maize,MP,719.0,21.1,72.1,6.66,159.1,6.96,10.345
soybean,AP,1412.0,20.6,55.8,6.79,82.3,13.34,4.637
soybean,Maharashtra,1491.1,23.9,33.5,7.26,92.6,5.99,4.367
cotton,Maharashtra,1418.8,39.1,47.0,6.03,138.2,5.93,4.761
rice,Karnataka,1312.1,28.7,68.6,6.37,146.6,10.92,10.759
groundnut,Telangana,946.7,32.6,48.4,5.84,98.7,13.83,3.325
soybean,MP,850.4,25.7,58.9,7.27,103.5,10.36,4.08
cotton,Punjab,1421.0,39.5,61.4,7.31,158.7,6.92,4.94
groundnut,MP,781.2,31.0,63.1,6.77,105.5,5.54,3.601
cotton,Telangana,1294.2,31.2,59.3,6.37,155.3,12.86,5.115
maize,MP,643.4,22.5,39.9,6.0,133.1,3.44,8.267
tomato,MP,1103.3,18.5,37.4,6.13,278.9,12.79,60.483
cotton,Karnataka,1438.2,38.1,41.7,7.35,132.6,2.19,4.017
cotton,Telangana,828.2,26.3,76.9,6.54,141.4,11.79,4.825
groundnut,MP,859.8,34.2,67.2,6.09,110.5,10.62,3.922
cotton,AP,943.0,36.7,49.1,6.99,151.1,5.86,4.258
maize,Maharashtra,964.4,27.7,66.1,6.2,147.7,2.24,10.935
soybean,Karnataka,883.7,26.2,47.3,6.37,140.5,4.05,5.038
rice,Karnataka,1722.1,31.9,48.4,6.43,178.7,13.28,12.703
soybean,Karnataka,796.6,26.5,56.2,6.56,128.8,12.62,5.023
cotton,Punjab,1064.9,32.3,84.3,6.89,104.2,4.44,4.208
cotton,Telangana,1097.7,34.7,78.2,6.78,119.9,2.07,4.785
rice,AP,1856.4,22.7,36.4,6.33,178.0,6.36,11.868
cotton,AP,1310.4,27.5,82.5,6.69,140.9,5.89,5.571
cotton,MP,771.7,37.1,46.6,7.31,95.4,2.41,3.09
wheat,Punjab,409.6,18.1,57.8,6.86,171.4,8.38,6.599
rice,Maharashtra,1122.7,22.7,60.3,6.11,105.3,4.96,8.476
rice,Maharashtra,1028.0,26.5,49.5,6.42,109.6,4.14,8.915
tomato,Karnataka,958.9,19.8,60.6,5.66,230.2,2.05,55.386
rice,MP,1760.3,28.8,53.7,5.78,110.3,5.39,10.017
tomato,AP,741.9,19.4,60.3,6.15,218.6,2.03,55.453
maize,Maharashtra,939.8,31.6,69.8,6.42,181.0,0.86,11.448
soybean,Telangana,1395.8,20.2,49.4,6.61,144.8,7.15,5.788
soybean,Punjab,1352.2,28.9,56.4,6.4,81.2,12.95,5.408
wheat,Maharashtra,1165.0,23.2,72.6,6.87,124.5,11.23,8.063
tomato,Telangana,764.5,22.4,41.6,6.44,251.1,12.64,57.997
cotton,Telangana,768.0,31.1,74.5,7.46,157.2,14.14,3.831
tomato,Karnataka,674.5,26.1,33.4,5.65,169.1,14.94,41.66
tomato,Punjab,757.4,22.4,48.4,5.53,228.3,0.52,46.004
maize,MP,631.9,27.6,74.2,6.63,183.0,7.05,10.696
wheat,Karnataka,1048.3,16.4,53.0,7.05,123.5,11.52,6.959
soybean,Telangana,1182.6,23.0,79.0,6.59,127.8,5.08,5.751
cotton,Maharashtra,1134.3,26.0,49.5,7.43,136.3,13.44,4.454
tomato,MP,733.9,28.3,47.5,5.82,208.6,2.69,49.269
wheat,AP,586.2,23.9,72.0,7.11,111.6,0.82,5.955
maize,Maharashtra,1383.8,23.0,30.8,6.79,161.3,11.12,10.87
rice,Telangana,1040.3,29.5,78.9,6.2,142.0,6.84,10.378
tomato,Punjab,785.4,28.7,51.8,5.78,199.7,9.0,50.739
groundnut,Punjab,596.1,27.1,69.4,5.62,72.3,12.23,3.009
groundnut,Karnataka,548.5,28.3,63.3,6.32,104.4,6.19,2.989
soybean,Telangana,1302.7,24.4,70.6,7.1,115.9,13.66,5.342
groundnut,Punjab,686.0,37.2,53.8,6.19,67.7,2.34,3.219
rice,AP,1473.5,26.4,72.5,5.61,194.4,12.66,11.757
cotton,Telangana,1462.7,35.9,58.1,7.77,153.5,9.62,4.283
soybean,Karnataka,976.6,20.5,53.2,6.65,127.1,13.15,4.834
groundnut,MP,971.8,28.1,81.6,6.3,84.1,9.31,3.997
tomato,Karnataka,801.7,28.4,43.8,6.51,276.4,13.38,64.422
groundnut,AP,1121.4,33.3,38.0,6.78,81.7,5.32,3.624
groundnut,Karnataka,873.4,31.6,39.4,6.32,110.5,5.08,3.566
rice,Telangana,1373.7,29.1,84.8,5.8,154.7,8.71,11.379
wheat,Punjab,1037.1,15.9,40.9,6.23,166.3,13.85,8.251
cotton,Maharashtra,1108.9,32.6,39.4,6.41,85.4,14.77,3.931
maize,Punjab,532.1,30.7,79.8,6.8,183.5,10.62,10.125
wheat,AP,482.9,18.1,65.5,6.47,107.1,3.85,6.454
tomato,Telangana,724.8,26.1,79.7,6.59,252.4,3.85,68.512
wheat,Karnataka,550.9,20.3,66.4,6.1,126.9,11.61,6.334
groundnut,Punjab,1043.1,26.1,70.9,6.84,88.3,2.53,3.734
rice,AP,820.2,24.0,35.5,5.64,124.0,10.53,7.277
tomato,Telangana,894.2,19.7,42.4,6.92,290.0,9.41,59.037
wheat,Telangana,714.4,20.0,36.6,6.7,118.4,4.05,6.361
wheat,Punjab,1046.0,12.0,42.4,6.89,114.3,9.77,6.117
tomato,Maharashtra,642.8,24.7,55.6,6.5,154.0,1.34,47.732
rice,Maharashtra,1472.6,33.3,53.1,6.82,107.0,8.95,9.798
wheat,Telangana,1122.7,10.1,66.9,6.33,162.7,13.47,8.618
tomato,Telangana,877.6,24.8,63.5,5.55,227.0,3.27,55.241
cotton,Telangana,908.1,29.0,31.6,7.97,152.9,11.68,3.03
tomato,MP,422.0,21.3,69.1,5.9,272.9,14.73,52.635
cotton,Telangana,1239.1,36.4,68.8,7.88,89.1,12.84,3.942
rice,Karnataka,1053.2,28.6,63.0,6.52,124.7,4.23,9.626
groundnut,Karnataka,731.2,26.6,50.8,6.21,105.1,13.1,3.147
rice,MP,1219.8,35.0,74.3,6.22,180.5,13.93,11.366
tomato,Punjab,847.7,20.0,45.2,5.92,228.2,3.55,51.774
soybean,Karnataka,1292.0,28.6,60.8,6.07,94.2,5.18,5.161
cotton,MP,1106.6,30.3,30.5,7.21,87.1,0.75,3.577
cotton,Karnataka,1039.4,31.0,37.4,7.59,141.1,1.78,3.683
cotton,Telangana,652.3,32.9,35.4,7.08,148.9,3.99,3.758
wheat,Punjab,1092.7,24.1,30.3,7.49,175.9,1.19,6.709
tomato,Maharashtra,738.4,24.3,84.9,6.33,208.4,14.66,59.832
cotton,AP,1481.2,36.9,52.9,7.98,151.4,11.88,4.157
soybean,Karnataka,1327.2,23.1,31.8,7.2,99.0,8.0,4.431
soybean,Karnataka,1282.1,27.7,39.9,7.39,134.8,12.1,4.948
groundnut,Punjab,901.7,31.1,40.0,6.45,77.9,9.44,3.588
maize,MP,579.9,20.0,71.4,6.53,156.2,5.94,9.209
soybean,Punjab,920.5,31.6,80.6,7.4,139.4,7.01,4.836
wheat,MP,993.7,20.4,84.9,7.34,151.6,5.55,8.152
cotton,AP,893.3,36.8,64.4,7.8,97.5,6.19,3.513
rice,Punjab,1074.0,27.0,63.2,6.48,107.6,14.0,9.683
cotton,Telangana,809.8,36.4,71.0,7.17,142.6,1.23,4.146
soybean,Maharashtra,804.3,26.6,83.7,6.97,91.8,7.58,5.034
groundnut,AP,1084.3,25.4,34.2,5.9,88.2,10.74,3.38
groundnut,Maharashtra,690.9,25.0,51.7,6.58,110.0,8.68,3.67
rice,AP,1386.4,30.4,72.1,6.88,138.1,9.17,10.342
soybean,AP,1061.6,26.4,61.5,6.72,127.2,14.81,5.192
soybean,MP,792.9,29.4,73.5,6.22,113.1,4.56,5.052
tomato,Telangana,718.0,23.1,68.1,6.89,182.7,10.76,53.198
rice,Maharashtra,1883.0,32.8,50.5,6.58,103.3,9.66,11.112
rice,Karnataka,1149.6,32.5,50.1,6.88,142.7,12.13,10.058
soybean,Maharashtra,737.6,30.1,43.8,6.29,145.3,11.14,4.713
wheat,Maharashtra,654.2,14.7,78.6,7.12,135.7,4.96,7.314
soybean,Punjab,960.4,21.6,64.5,6.52,135.4,6.96,5.581
soybean,Punjab,1157.2,22.0,80.2,6.11,126.5,7.18,5.291
cotton,Punjab,1461.4,38.5,61.9,6.94,135.7,10.56,4.796
tomato,Telangana,660.6,29.5,41.1,6.92,151.7,14.91,49.305
rice,MP,1873.2,25.0,80.6,5.78,122.8,10.69,11.356
rice,Punjab,1152.6,32.8,64.6,6.46,189.8,11.24,11.731
soybean,AP,1057.7,21.0,82.4,7.1,118.3,3.16,5.443
wheat,Telangana,710.0,11.4,40.0,6.29,80.7,5.29,6.036
cotton,Telangana,1235.0,30.4,55.3,7.5,129.6,3.31,4.166
tomato,Karnataka,446.5,28.3,50.0,6.94,253.3,14.11,52.856
wheat,Punjab,703.3,17.2,72.8,6.28,109.2,13.46,7.224
rice,Punjab,1358.2,23.1,55.5,5.59,137.4,9.33,9.418
cotton,Telangana,717.4,37.0,58.3,7.42,122.2,1.77,3.477
maize,Telangana,956.3,23.1,60.1,6.05,135.2,13.84,10.232
maize,Punjab,1165.8,25.6,71.5,6.93,190.5,4.02,13.056
wheat,MP,715.5,21.5,72.6,7.41,122.7,7.32,6.828
soybean,Punjab,782.6,23.7,81.1,6.74,93.1,9.07,4.619
wheat,Punjab,547.2,24.3,34.0,7.11,153.4,13.48,6.603
rice,Punjab,1356.0,30.6,81.8,6.69,175.1,6.27,12.123
tomato,AP,840.7,19.3,51.8,5.93,181.2,2.11,49.544
cotton,MP,1237.5,34.9,37.1,6.23,103.3,12.72,4.098
cotton,AP,1016.1,37.1,32.4,6.22,86.8,8.27,3.515
tomato,Telangana,781.6,29.8,61.4,6.58,248.6,14.96,63.714
wheat,Telangana,830.5,16.8,59.2,6.69,122.8,4.47,7.258
cotton,Karnataka,1027.8,35.8,57.4,6.67,130.0,5.82,4.692
maize,Telangana,612.7,27.3,43.9,6.03,206.1,9.68,9.508
soybean,Punjab,986.3,30.8,81.7,6.43,97.4,12.23,5.115
wheat,MP,556.2,12.1,72.6,6.04,103.7,3.98,6.034
tomato,Punjab,1045.7,22.3,62.8,6.22,193.8,10.9,61.302
rice,Punjab,1781.1,29.1,33.0,5.55,161.9,9.44,9.327
rice,Telangana,1893.3,32.6,80.3,5.96,158.7,5.15,12.987
cotton,Maharashtra,603.3,36.4,81.2,7.52,143.1,2.21,3.863
rice,Telangana,1618.7,28.9,58.6,5.62,128.5,12.86,9.71
cotton,MP,1159.7,32.4,52.5,6.6,89.5,0.91,4.262
rice,MP,853.2,29.7,81.9,6.32,107.8,1.94,8.809
groundnut,Punjab,500.2,36.5,49.9,5.53,105.5,11.2,2.654
rice,Telangana,1445.3,33.1,61.6,5.91,175.5,1.2,10.844
maize,AP,683.9,25.4,63.0,6.26,167.5,8.78,10.189
groundnut,AP,878.0,34.2,38.0,6.52,96.7,12.63,3.566
cotton,AP,799.3,26.3,66.6,6.83,129.4,14.46,4.215
groundnut,MP,744.1,36.5,79.3,6.5,101.9,7.0,4.298
maize,MP,1244.7,26.8,32.6,5.9,197.1,10.91,10.603
cotton,AP,809.6,33.4,36.2,7.89,121.0,9.6,3.168
soybean,Telangana,954.0,28.7,48.8,6.49,135.2,4.21,5.181
rice,Punjab,1922.1,31.0,77.9,5.83,161.5,10.59,12.927
rice,Karnataka,1578.6,30.0,68.5,6.73,117.8,0.9,10.832
maize,Karnataka,553.4,29.1,67.4,6.66,157.3,10.84,9.563
rice,Maharashtra,1132.8,24.7,77.4,6.05,165.0,2.42,10.868
maize,Karnataka,758.0,21.1,54.9,6.68,149.9,2.35,10.037
tomato,Maharashtra,852.4,28.8,79.1,6.24,291.2,8.86,71.244
tomato,Telangana,871.4,26.7,54.4,6.66,172.5,3.06,54.988
wheat,AP,526.4,23.6,76.8,6.35,109.1,7.15,6.939
wheat,Maharashtra,1188.3,18.8,34.2,6.38,136.4,12.1,7.52
soybean,Karnataka,1387.0,24.1,65.8,6.49,82.5,8.26,5.675
maize,AP,853.4,29.4,51.0,6.86,199.7,4.68,10.75
maize,Karnataka,848.6,27.4,39.0,6.3,133.3,5.47,10.065
soybean,Karnataka,1264.9,28.8,59.2,6.64,88.7,6.03,5.452
cotton,Punjab,1483.6,30.5,37.9,7.25,119.2,1.31,4.01
maize,Telangana,1457.0,26.9,62.1,5.84,154.0,5.26,11.869
groundnut,Karnataka,811.0,26.4,32.1,6.43,97.2,4.71,3.546
tomato,Karnataka,630.2,29.8,32.6,5.56,298.4,4.68,45.042
maize,AP,643.3,22.0,50.9,6.11,217.4,8.71,10.667
cotton,Karnataka,1130.4,27.1,43.1,6.52,123.7,10.35,4.702
maize,Karnataka,1272.0,34.2,47.6,5.94,153.5,2.69,10.739
wheat,Punjab,830.2,10.9,61.6,6.83,159.1,4.35,7.841
tomato,Punjab,689.2,24.5,69.5,6.23,207.2,13.32,60.203
tomato,MP,658.3,18.8,49.4,6.42,277.4,3.98,59.823
tomato,Telangana,996.1,24.8,69.4,5.96,183.1,8.07,54.929
tomato,AP,1058.2,29.4,61.3,5.66,244.7,13.41,59.376
soybean,Maharashtra,1468.7,31.5,59.2,6.34,130.8,3.61,5.841
groundnut,Telangana,925.8,33.8,52.7,5.94,87.4,3.92,3.521
rice,Telangana,1546.5,22.5,52.2,6.73,110.6,8.78,10.489
cotton,Maharashtra,830.2,28.7,53.6,7.92,85.4,13.13,3.272
rice,AP,1258.2,32.5,36.0,6.38,139.1,13.48,9.934
cotton,Maharashtra,736.5,33.5,58.9,7.53,140.6,9.56,3.426
rice,Telangana,1670.0,22.3,49.8,5.76,198.8,12.4,11.597
wheat,AP,748.4,18.4,44.1,6.94,173.5,9.36,6.989
cotton,Punjab,795.2,26.3,49.3,7.24,150.6,8.51,3.726
tomato,AP,690.2,19.5,84.3,5.72,283.6,4.69,64.794
tomato,Karnataka,785.8,26.5,75.0,6.42,292.7,13.1,67.332
cotton,Maharashtra,995.1,29.3,62.7,6.3,122.2,8.75,4.65
groundnut,Telangana,617.9,33.6,72.8,6.14,110.9,11.0,3.679
cotton,Punjab,1189.9,32.0,81.1,6.94,110.3,4.12,5.113
rice,Punjab,1772.2,22.2,68.8,6.86,122.7,8.52,12.005
wheat,AP,527.2,19.8,54.8,6.44,177.4,2.12,7.525
cotton,AP,875.5,27.2,52.6,6.85,157.1,5.54,4.397
groundnut,AP,1049.7,34.1,83.7,6.03,113.2,8.59,4.211
wheat,Karnataka,638.0,18.8,33.7,6.66,110.2,4.16,6.097
maize,Punjab,888.2,26.3,84.3,6.8,167.6,6.87,11.171
tomato,Karnataka,922.7,28.2,45.5,6.91,299.6,8.84,67.846
rice,Punjab,1827.4,33.8,37.7,6.17,128.0,10.41,9.772
cotton,AP,1418.6,35.1,32.5,7.29,124.8,14.01,4.383
maize,Maharashtra,1131.7,31.5,42.4,6.73,197.0,14.64,11.609
rice,AP,1532.4,25.4,62.6,5.85,139.9,8.41,10.507
maize,AP,1145.5,22.0,74.3,6.66,218.1,12.97,13.544
groundnut,Telangana,727.4,31.7,37.9,5.57,116.7,13.59,2.811
groundnut,Telangana,888.6,26.4,70.4,6.9,87.1,7.76,3.838
soybean,Telangana,872.5,22.4,51.5,6.81,110.8,10.25,4.484
maize,Maharashtra,911.8,21.5,84.8,6.08,125.2,11.18,10.545
cotton,Telangana,1247.4,31.6,63.0,7.57,153.9,3.21,4.752
wheat,AP,705.2,21.0,73.4,7.39,142.9,2.99,7.052
tomato,Maharashtra,1107.2,24.6,69.3,6.42,286.1,10.59,79.599
groundnut,Telangana,1185.5,35.3,74.9,6.56,68.1,11.17,4.278
maize,Punjab,758.6,24.9,57.6,6.08,210.8,10.01,11.55
maize,Telangana,1134.5,28.9,50.3,6.15,134.9,6.52,9.851
soybean,Punjab,1361.4,23.8,47.7,6.76,125.5,1.1,5.315
maize,Punjab,1296.7,22.9,50.5,6.15,218.3,11.86,12.613
cotton,Punjab,1377.7,35.6,60.7,6.05,103.6,13.93,4.609
maize,AP,849.9,28.1,70.2,6.26,120.1,11.4,9.765
maize,MP,1485.5,27.0,30.7,6.7,137.7,6.55,10.846
cotton,Telangana,990.6,29.7,44.8,7.83,112.5,1.92,3.712
groundnut,Punjab,682.3,36.1,51.5,6.06,61.0,9.99,2.875
maize,Telangana,1088.1,31.3,34.9,6.3,162.0,3.43,9.679
rice,Maharashtra,1378.0,28.9,63.0,6.92,107.3,8.13,10.085
wheat,Punjab,432.6,20.1,43.8,6.52,81.8,4.99,5.651
tomato,MP,538.1,23.0,83.6,6.22,218.9,1.16,57.532
maize,MP,930.4,26.8,43.1,6.86,209.6,3.39,11.149
rice,MP,982.0,25.2,50.5,5.94,160.8,7.83,9.129
maize,Telangana,1248.3,34.2,34.3,6.4,161.0,13.44,10.926
groundnut,Maharashtra,544.8,32.0,73.1,6.77,84.4,12.63,3.721
tomato,Maharashtra,1151.4,26.7,47.1,6.89,183.0,1.53,53.724
wheat,AP,1099.1,14.9,54.6,6.19,86.8,2.88,7.282
rice,AP,1531.8,28.5,80.6,6.58,115.6,9.83,11.485
wheat,Punjab,498.6,12.2,50.9,7.17,138.8,5.33,6.153
soybean,MP,908.2,26.8,74.9,6.43,106.5,3.1,5.723
cotton,Telangana,895.5,31.4,73.4,7.09,109.8,1.07,3.819
cotton,AP,735.0,32.6,64.0,6.42,86.0,14.3,3.746
soybean,Telangana,687.3,25.2,46.3,6.51,88.6,13.35,4.424
maize,Karnataka,927.2,23.6,49.3,6.24,179.2,3.62,10.272
soybean,Punjab,1391.8,25.3,78.0,6.94,114.3,8.43,5.931
groundnut,Telangana,578.1,27.3,60.0,6.68,110.2,8.54,3.506
tomato,MP,751.3,26.2,71.3,5.66,294.2,9.65,58.976
rice,Maharashtra,1593.9,30.2,74.8,6.07,161.3,0.88,11.821
soybean,AP,1282.7,26.6,84.6,6.98,116.2,1.29,5.551
soybean,Telangana,717.0,28.3,34.1,7.38,130.8,6.34,3.815
cotton,MP,1060.1,27.9,30.1,7.74,88.3,7.04,3.189
cotton,MP,1496.9,29.5,79.3,6.65,94.6,11.3,5.165
soybean,Telangana,1483.6,28.8,57.8,7.28,83.4,10.63,5.212
groundnut,Telangana,762.0,36.0,32.4,5.74,76.3,5.78,2.819
cotton,Punjab,1324.7,34.8,32.9,6.87,132.2,3.11,4.616
wheat,Telangana,722.4,20.8,41.8,7.03,176.3,8.5,7.35
rice,Karnataka,1025.5,28.1,52.8,6.83,146.8,8.88,9.073
tomato,Punjab,659.1,18.6,74.8,6.93,237.2,6.64,55.158
maize,Maharashtra,983.3,28.6,61.2,6.39,193.3,4.44,12.203
soybean,AP,686.4,24.7,34.2,6.77,137.9,5.55,4.056
soybean,Maharashtra,1183.6,23.5,57.4,7.27,114.5,14.66,4.699
tomato,Karnataka,660.5,18.4,81.8,5.53,209.3,13.13,51.785
wheat,AP,949.1,16.8,72.1,6.78,83.0,12.61,7.538
wheat,Maharashtra,715.7,21.9,64.2,6.7,148.0,10.68,7.796
rice,Punjab,1537.3,27.5,31.6,6.43,134.2,6.23,10.116
maize,AP,584.4,25.9,70.1,6.42,203.9,5.86,11.487
rice,AP,1492.3,23.6,40.8,5.85,134.1,2.68,8.885
rice,Punjab,1370.5,28.7,69.8,5.81,160.9,5.92,10.241
wheat,AP,801.8,12.9,65.7,7.1,160.1,5.2,7.345
maize,MP,908.2,30.4,42.8,6.82,155.7,9.58,10.109
maize,Karnataka,1314.4,20.5,59.3,5.86,198.9,8.88,12.337
tomato,Punjab,800.3,24.5,58.4,6.75,230.6,13.62,59.42
cotton,Punjab,1418.2,28.3,36.1,7.05,147.4,12.02,4.68
cotton,Maharashtra,773.9,32.1,53.5,7.36,130.7,13.54,3.598
tomato,Maharashtra,804.7,18.7,59.1,6.88,176.6,12.15,51.703
wheat,AP,1007.8,18.5,65.7,7.28,169.5,11.02,7.357
wheat,Maharashtra,918.5,23.6,51.4,6.63,111.4,6.81,7.24
maize,MP,1088.4,25.4,82.6,6.54,207.8,8.96,13.651
maize,Karnataka,949.0,21.4,45.8,6.52,148.1,1.61,10.344
rice,Maharashtra,880.0,30.5,75.8,6.23,153.7,5.46,9.265
cotton,Maharashtra,1096.6,39.2,71.6,7.04,146.6,8.02,4.536
groundnut,Punjab,865.3,35.6,41.2,5.81,91.6,2.25,3.364
maize,Karnataka,578.2,21.8,79.9,6.73,126.8,4.58,9.703
groundnut,Punjab,649.8,32.7,47.0,5.64,72.1,11.24,2.787
tomato,Punjab,1122.5,18.8,72.3,6.06,162.2,2.55,57.47
rice,Maharashtra,1148.4,27.9,53.2,6.54,183.2,13.44,11.351
cotton,Telangana,1237.8,30.2,78.4,6.2,110.9,14.72,5.125
cotton,AP,867.4,28.2,79.6,7.33,133.6,0.73,4.228
cotton,AP,1068.9,34.3,42.5,6.18,114.6,4.19,4.347
maize,Karnataka,1091.0,28.1,60.8,6.31,217.3,4.18,12.868
maize,AP,1111.4,27.8,68.7,5.81,203.0,10.1,11.781
groundnut,Karnataka,1103.8,28.7,49.6,5.74,86.9,10.39,3.297
groundnut,Karnataka,754.1,25.8,82.4,6.85,62.3,10.14,3.492
wheat,Karnataka,1166.1,22.3,70.4,6.99,96.3,11.04,7.394
wheat,AP,1139.8,12.5,73.7,6.4,86.3,9.52,7.529
soybean,AP,937.5,24.4,64.4,6.29,111.3,2.52,4.875
groundnut,Punjab,810.3,37.3,64.0,5.7,106.0,12.39,3.423
soybean,AP,674.8,27.7,55.9,7.46,148.5,2.86,4.225
soybean,MP,1400.6,30.9,70.7,6.91,133.6,10.1,6.005
maize,MP,1121.7,28.8,35.9,6.96,126.1,7.84,9.685
tomato,Maharashtra,431.9,27.9,47.5,6.24,202.0,12.99,46.421
wheat,Telangana,900.0,22.2,41.5,6.5,97.3,9.48,6.692
tomato,Telangana,777.0,24.6,47.4,5.64,206.6,8.27,50.264
soybean,Maharashtra,1210.7,30.7,77.6,6.67,142.6,6.86,6.306
tomato,AP,1146.2,26.6,63.5,6.89,269.5,2.18,68.3
soybean,Punjab,948.5,27.9,48.3,7.14,93.3,2.08,4.14
wheat,Karnataka,1040.8,19.2,75.9,6.27,134.6,4.89,8.589
rice,MP,1087.3,29.1,65.3,6.58,188.1,6.01,11.525
groundnut,Maharashtra,1032.0,27.7,35.0,6.54,70.9,4.14,3.571
groundnut,MP,888.1,31.4,31.2,6.15,94.0,14.86,3.003
soybean,MP,631.7,27.1,80.8,6.66,81.7,0.65,4.637
groundnut,MP,1095.1,29.6,47.7,6.33,96.9,8.77,3.836
maize,Punjab,643.4,25.6,55.2,6.69,211.6,9.82,11.352
rice,Punjab,1107.8,28.9,67.6,6.94,109.0,14.45,9.28
rice,AP,1833.7,34.1,48.4,6.62,123.1,1.02,11.212
soybean,Punjab,917.3,20.9,80.2,7.13,130.9,11.09,5.089
groundnut,AP,1022.2,33.2,65.8,6.14,114.1,6.28,3.972
soybean,Maharashtra,708.0,29.0,39.2,6.33,149.6,11.94,4.509
cotton,Punjab,889.9,30.0,51.2,7.13,148.2,1.39,3.915
tomato,Telangana,957.8,18.6,75.7,5.94,157.5,13.64,52.419
groundnut,Punjab,945.4,36.0,42.9,6.5,104.0,5.88,3.701
soybean,Punjab,1497.4,27.3,75.7,7.18,103.4,9.42,5.278
soybean,MP,865.0,26.6,80.3,6.95,121.2,13.52,5.076
cotton,Maharashtra,1296.8,33.2,51.5,6.87,157.0,6.31,4.947
tomato,AP,740.4,21.8,83.6,6.64,274.9,9.81,65.239
groundnut,Punjab,649.0,30.3,40.8,6.99,60.1,3.23,2.731
tomato,Telangana,682.0,23.5,35.7,5.72,210.7,8.23,45.236
wheat,Karnataka,979.2,16.3,58.8,6.57,89.8,7.96,7.138
tomato,Telangana,992.4,28.0,64.2,6.63,171.6,1.66,56.794
wheat,Punjab,755.0,13.6,40.7,6.39,104.1,12.7,6.826
groundnut,Karnataka,595.5,32.4,35.0,6.7,91.5,8.95,3.264
soybean,Telangana,1293.7,28.0,72.7,6.32,108.3,14.32,5.867
rice,MP,1442.6,26.1,63.3,5.84,150.6,0.64,10.58
wheat,AP,875.6,16.4,73.0,6.5,136.6,0.83,8.41
wheat,Maharashtra,1000.9,21.4,51.3,6.58,155.2,13.53,8.003
rice,MP,1183.1,27.5,58.8,6.24,185.6,5.76,10.653
soybean,MP,925.5,22.2,71.2,7.44,130.1,6.82,4.544
maize,MP,986.8,26.9,84.3,6.32,169.6,4.83,12.193
groundnut,AP,667.7,31.1,44.6,5.8,93.5,1.03,2.931
rice,AP,1372.6,27.6,46.2,6.59,159.7,1.25,10.838
groundnut,AP,500.8,28.7,72.7,6.38,95.7,7.84,3.789
rice,AP,1530.2,33.7,30.2,6.1,138.5,9.39,9.44
soybean,AP,1053.7,29.7,73.2,6.82,98.9,4.41,5.23
tomato,Punjab,611.3,27.0,31.0,5.77,186.9,10.94,44.784
tomato,Maharashtra,955.5,20.6,50.1,6.53,239.5,6.85,61.789
wheat,MP,544.8,18.1,55.8,6.68,126.1,13.28,7.459
tomato,Maharashtra,910.6,24.8,40.5,5.84,287.7,12.03,56.538
rice,Maharashtra,808.6,30.9,49.8,5.9,181.5,7.46,8.568
groundnut,AP,669.5,34.4,57.6,6.63,73.3,5.58,3.373
wheat,Telangana,588.1,21.3,73.1,7.3,167.9,6.42,7.417
groundnut,Telangana,765.7,33.3,68.7,5.74,118.8,11.42,3.627
tomato,MP,791.8,19.3,49.2,6.21,186.6,2.86,53.326
cotton,Telangana,727.0,30.8,49.3,6.89,158.8,9.85,4.213
groundnut,MP,603.4,25.3,80.8,6.98,76.7,14.94,3.438
soybean,AP,629.9,21.0,63.3,6.72,108.4,6.86,4.43
wheat,Punjab,517.5,13.4,58.2,6.16,94.0,5.16,6.137
rice,Karnataka,807.8,28.9,59.8,6.13,179.6,14.08,9.871
cotton,Telangana,923.6,27.1,50.8,6.27,136.9,14.44,4.138
soybean,Maharashtra,1485.2,22.5,78.7,6.15,101.9,8.07,5.765
wheat,Karnataka,872.1,15.0,78.1,7.12,141.6,7.76,7.469
wheat,Telangana,1197.0,15.3,34.9,6.64,160.9,6.1,8.365
rice,AP,1561.9,28.8,76.7,6.73,188.0,12.28,12.948
rice,MP,1498.6,28.9,35.6,6.22,108.9,13.58,8.742
maize,MP,1110.2,26.1,37.6,6.33,126.1,6.2,10.125
groundnut,AP,533.6,29.3,40.5,6.54,107.5,11.11,3.359
maize,Telangana,1133.9,29.6,68.2,6.29,169.3,14.31,12.504
soybean,Telangana,821.7,27.2,34.9,6.2,120.8,7.61,4.177
rice,Telangana,1202.4,26.8,51.0,6.51,152.9,7.03,10.502
tomato,Punjab,1016.4,18.5,59.0,6.74,231.1,10.72,59.876
soybean,Punjab,1408.9,29.4,84.4,7.17,144.9,8.93,6.115
maize,Maharashtra,959.1,31.8,33.7,5.83,125.7,11.1,7.486
rice,Karnataka,1679.3,30.0,81.2,6.8,116.3,14.23,11.672
tomato,Telangana,1035.9,20.8,68.9,5.74,267.4,3.15,61.835
rice,Telangana,975.8,32.2,55.0,5.87,173.8,14.8,9.624
cotton,Karnataka,1169.3,30.5,31.0,7.47,119.6,9.32,3.542
cotton,AP,1148.0,37.3,81.0,6.5,154.6,3.41,5.678
cotton,Telangana,1180.5,33.3,71.0,7.27,149.9,7.7,5.095
soybean,AP,1007.0,21.1,41.3,6.07,140.0,8.84,4.601
soybean,MP,694.3,31.5,69.6,7.28,85.5,5.54,4.064
wheat,Telangana,554.0,20.6,34.5,6.09,171.9,13.76,5.983
cotton,Maharashtra,1003.3,39.6,37.0,7.98,132.0,7.84,3.475
maize,Telangana,1042.9,32.2,51.0,6.58,207.7,9.05,13.3
cotton,Maharashtra,793.3,32.3,43.9,7.92,117.9,5.59,3.111
rice,Karnataka,1019.2,23.6,78.3,5.59,101.8,12.23,8.377
groundnut,AP,1199.1,37.4,38.4,6.48,87.9,7.98,3.695
tomato,Maharashtra,1177.9,26.8,35.5,5.52,282.0,2.54,55.158
soybean,Telangana,1354.4,25.6,72.6,6.65,100.6,13.27,5.627
rice,Punjab,1024.0,32.9,39.1,6.61,193.1,2.59,9.886
tomato,Maharashtra,891.5,23.8,56.4,6.4,177.1,10.04,59.197
groundnut,Punjab,1061.7,33.2,40.6,6.68,101.8,1.26,3.574
rice,Punjab,1934.8,31.5,59.8,6.59,127.0,14.89,11.985
soybean,Karnataka,897.3,28.7,39.0,6.92,88.4,9.79,4.243
tomato,Maharashtra,679.6,25.1,31.1,5.76,196.7,11.64,45.847
tomato,Karnataka,1063.0,21.4,69.5,5.78,295.8,12.59,66.702
rice,Maharashtra,1225.4,31.7,53.6,5.62,156.7,0.76,8.817
soybean,Maharashtra,818.2,23.3,51.6,7.35,112.7,11.0,3.869
groundnut,Maharashtra,517.5,30.8,72.5,6.42,79.1,14.59,3.162
wheat,Karnataka,627.5,14.0,33.5,7.32,96.2,4.4,5.054
tomato,Karnataka,777.3,25.5,75.0,6.77,184.5,3.91,55.347
cotton,Telangana,1242.8,28.3,65.9,6.35,108.7,3.89,5.191
cotton,Punjab,609.0,32.1,33.0,6.86,98.7,6.72,3.402
wheat,Karnataka,407.7,24.5,43.9,6.51,179.0,7.34,7.245
maize,Telangana,855.8,32.6,63.7,6.7,219.2,7.22,12.754
groundnut,MP,883.4,37.3,38.4,5.75,77.5,11.99,2.997
maize,AP,581.6,24.5,32.5,6.42,160.6,14.38,9.067
wheat,Karnataka,609.7,17.4,74.4,6.63,109.1,7.48,7.509
rice,Maharashtra,995.8,26.3,47.8,6.87,177.5,1.77,9.064
soybean,AP,733.6,28.2,58.4,6.16,141.0,6.08,4.92
groundnut,Punjab,766.5,36.7,81.2,5.53,88.5,6.23,3.566
wheat,Karnataka,534.9,10.3,35.9,6.91,172.1,3.56,5.789
rice,AP,1770.5,25.5,81.8,6.82,105.5,8.63,11.174
soybean,Telangana,749.9,20.6,71.5,6.59,139.8,8.0,5.474
wheat,AP,503.9,22.6,55.6,7.18,145.6,14.48,6.351
tomato,AP,894.4,24.9,52.4,6.09,196.0,8.82,55.623
cotton,Telangana,837.2,36.4,50.3,7.06,85.4,13.33,3.378
maize,Karnataka,576.6,34.4,53.9,6.09,120.9,5.71,8.794
maize,Punjab,1296.8,32.6,38.1,6.28,163.0,1.19,10.834
soybean,Maharashtra,1085.2,22.4,54.1,6.81,92.8,12.09,4.724
wheat,Maharashtra,979.1,12.8,55.0,7.11,127.9,12.85,7.183
cotton,Maharashtra,1090.7,35.9,69.9,7.24,140.8,10.53,4.419
wheat,Punjab,916.6,16.0,78.2,6.71,151.7,4.45,8.646
wheat,MP,795.7,19.4,31.3,6.76,133.7,4.18,6.464
tomato,AP,1189.7,21.5,35.3,6.84,195.7,4.09,56.07
tomato,AP,862.9,26.1,44.6,6.44,249.9,6.42,61.076
cotton,Punjab,632.3,32.2,60.4,7.72,119.4,3.43,3.182
cotton,Karnataka,1360.1,35.1,31.7,7.7,91.1,14.05,3.611
tomato,Karnataka,1047.7,27.9,66.7,6.56,169.7,13.39,56.894
wheat,Karnataka,465.8,23.4,62.2,7.3,179.8,11.39,6.148
groundnut,Karnataka,967.3,33.4,81.6,6.85,109.8,13.1,4.196
tomato,AP,445.2,26.1,67.5,5.99,220.2,13.72,52.816
maize,Maharashtra,1411.6,25.2,74.3,6.72,158.9,14.72,13.505
maize,Telangana,1032.9,20.5,30.9,6.94,147.5,1.61,9.07
cotton,AP,724.0,25.6,36.2,6.76,129.8,5.04,3.579
tomato,Maharashtra,468.2,18.6,35.2,6.28,187.2,6.65,43.208
groundnut,Maharashtra,1006.9,35.6,72.0,6.81,118.4,9.32,3.961
rice,AP,1533.1,32.5,70.2,6.38,178.8,3.95,12.453
soybean,Karnataka,733.8,20.5,84.1,6.09,146.0,1.88,5.025
tomato,Karnataka,797.0,25.5,47.6,6.31,256.5,2.49,58.791
groundnut,Karnataka,1135.5,29.0,35.8,5.79,115.6,1.25,3.551
groundnut,MP,1026.6,34.6,65.2,5.56,100.6,14.47,3.586
tomato,Punjab,702.2,25.1,53.8,5.71,160.0,10.5,40.628
wheat,Punjab,1035.5,21.0,80.6,6.12,159.6,1.36,9.362
soybean,Telangana,1489.5,27.2,61.1,6.77,92.4,6.87,5.449
wheat,Telangana,984.5,24.6,53.7,6.7,143.2,2.51,7.572
groundnut,Maharashtra,590.7,26.5,49.5,6.19,99.5,3.29,3.148
cotton,Punjab,928.6,28.2,74.0,7.04,133.5,3.8,4.704
cotton,Karnataka,617.6,28.4,38.0,6.05,107.6,8.91,3.261
tomato,Maharashtra,789.0,26.8,42.5,6.66,267.7,3.29,59.207
groundnut,Punjab,1018.8,29.1,46.5,5.66,103.0,2.91,3.268
tomato,Telangana,550.1,27.3,71.0,6.89,272.3,5.35,57.967
maize,Maharashtra,701.3,26.7,75.6,6.95,192.3,4.52,11.279
wheat,Punjab,743.9,20.8,53.4,6.84,179.3,3.05,7.751
tomato,MP,588.2,24.7,77.3,5.69,292.5,2.76,58.901
groundnut,MP,653.4,25.8,43.4,6.32,101.5,11.23,3.089
wheat,AP,509.7,17.7,34.9,6.09,100.7,6.36,5.514
cotton,Punjab,636.1,33.3,58.1,6.27,107.4,13.6,4.035
wheat,Telangana,1166.1,12.2,40.3,7.12,143.6,2.98,7.081
rice,AP,1404.9,31.5,50.0,6.22,128.7,12.96,10.303
tomato,AP,570.8,29.2,84.9,6.69,158.3,10.58,52.06
tomato,MP,1023.8,20.9,62.9,5.89,196.1,2.99,54.575
maize,Punjab,1178.9,31.7,53.8,6.4,156.4,6.13,11.304
groundnut,Karnataka,929.1,31.1,57.8,6.72,106.1,12.89,3.621
groundnut,Karnataka,1045.0,37.4,78.9,5.9,76.1,11.7,3.519
soybean,Karnataka,740.2,21.5,49.7,6.02,124.1,2.03,4.375
rice,Karnataka,936.4,31.8,33.2,6.57,115.3,8.89,7.813
maize,Telangana,805.8,34.0,58.5,6.06,193.3,0.67,10.711
maize,Telangana,599.5,29.9,41.3,6.48,121.0,11.76,8.615
groundnut,AP,1145.1,32.0,32.2,6.54,65.0,4.26,3.135
soybean,Punjab,1218.9,26.8,39.0,6.56,125.8,1.42,5.236
cotton,Karnataka,1357.1,30.2,83.2,7.24,119.2,14.27,5.106
maize,Punjab,1366.4,33.6,69.0,6.06,203.1,14.46,12.881
maize,Maharashtra,1098.5,25.6,81.7,6.25,133.3,11.38,11.675
soybean,Punjab,1289.1,28.9,63.4,6.01,105.9,7.06,5.113
soybean,Telangana,1478.8,22.9,48.1,7.08,90.0,6.91,5.123
tomato,Punjab,760.0,19.9,33.4,6.34,249.6,13.13,53.28
cotton,Karnataka,1021.9,32.5,63.9,6.26,144.5,2.46,4.667
tomato,Maharashtra,1136.3,29.6,71.7,5.93,170.5,13.98,61.164
maize,AP,653.1,34.6,55.8,6.24,182.8,7.29,10.545
soybean,Maharashtra,1495.2,27.9,74.6,7.19,81.9,4.85,4.972
groundnut,MP,868.2,25.8,83.2,6.1,100.0,6.67,4.078
soybean,Maharashtra,1335.6,28.9,52.3,7.29,95.0,14.73,4.732
maize,Karnataka,1000.2,32.0,53.4,6.39,200.5,14.99,11.482
tomato,MP,519.5,22.8,55.3,6.61,277.2,9.12,58.994
cotton,Karnataka,771.9,32.8,42.2,7.35,83.5,7.11,3.238
cotton,Karnataka,1241.4,32.7,46.1,6.32,151.6,11.1,5.296
wheat,Punjab,942.5,17.0,32.8,6.66,165.5,13.29,7.425
rice,AP,1407.6,28.4,36.1,6.04,199.4,9.06,10.719
tomato,Maharashtra,493.4,22.5,71.2,5.71,282.2,11.48,55.071
wheat,Maharashtra,520.0,14.9,38.8,6.21,152.5,10.68,6.169
soybean,Karnataka,883.3,23.8,75.6,7.05,88.0,11.53,4.919
wheat,Punjab,704.7,15.3,84.7,6.09,126.7,4.83,7.517
soybean,Punjab,680.6,22.6,37.9,7.17,99.5,5.3,4.016
wheat,MP,962.8,15.8,30.5,6.75,125.5,6.24,7.156
cotton,AP,1203.3,29.2,70.3,6.51,117.1,1.86,5.431
soybean,AP,1088.8,23.7,56.6,7.04,83.1,7.55,4.515
soybean,MP,927.4,21.2,54.2,7.27,102.6,5.2,4.131
cotton,Karnataka,1272.6,36.2,58.1,7.04,132.6,0.91,4.586
wheat,Punjab,1130.6,10.4,74.8,6.55,102.4,12.77,7.95
groundnut,Karnataka,1169.6,35.1,76.2,6.68,97.4,11.51,4.378
cotton,MP,1072.3,25.5,48.0,6.06,128.4,8.8,4.29
groundnut,Maharashtra,1043.8,36.2,66.3,6.83,78.2,4.55,3.639
soybean,MP,995.8,30.3,79.7,7.11,106.4,4.61,5.008
groundnut,Karnataka,1037.0,37.9,70.8,5.58,76.4,13.87,3.456
soybean,Telangana,906.2,20.0,71.0,6.83,96.7,6.97,4.648
groundnut,MP,1096.6,32.0,44.6,6.0,106.2,13.43,3.691
rice,Maharashtra,1042.5,23.9,71.8,6.03,133.7,6.94,9.473
soybean,Karnataka,1325.9,20.1,35.2,6.43,82.1,3.67,4.938
maize,Maharashtra,1116.2,33.9,55.0,6.4,208.9,4.52,12.517
soybean,Karnataka,949.1,26.0,84.7,6.49,126.4,0.87,5.558
rice,AP,860.7,29.2,72.5,5.94,113.4,3.65,8.39
wheat,Karnataka,869.4,19.9,53.7,6.03,104.2,5.31,6.684
rice,MP,1205.7,31.1,73.1,6.77,159.5,11.36,11.112
maize,Maharashtra,812.2,31.2,74.3,6.05,197.9,12.42,10.816
rice,Maharashtra,1692.0,33.5,81.4,6.48,114.4,14.84,12.097
maize,AP,1383.3,21.4,55.9,6.45,128.9,2.34,11.27
cotton,AP,649.5,26.2,64.6,6.38,149.8,11.09,4.254
groundnut,MP,649.3,25.5,79.3,6.23,94.5,13.29,3.377
groundnut,MP,680.2,37.0,57.8,5.71,118.1,7.12,2.952
maize,MP,1161.5,26.9,33.7,6.24,146.5,8.03,10.559
tomato,Telangana,665.7,26.0,30.9,5.89,259.1,2.7,47.493
cotton,MP,1393.9,33.5,72.7,7.29,149.6,9.64,4.978
rice,Maharashtra,840.1,31.3,59.6,5.88,194.8,0.98,9.012
groundnut,AP,604.8,34.7,73.6,5.78,74.1,1.85,3.009
wheat,Telangana,1018.1,17.3,63.6,6.46,96.2,10.16,7.56
groundnut,AP,654.2,32.7,41.6,6.86,81.2,11.7,2.921
groundnut,Telangana,687.5,30.3,58.3,5.6,112.3,9.03,3.058
groundnut,Punjab,968.9,30.6,67.0,6.64,109.3,7.62,4.088
rice,Telangana,939.6,34.3,43.6,5.82,181.6,6.75,9.277
groundnut,MP,611.2,34.6,61.1,6.53,92.6,2.03,3.336
cotton,AP,661.2,35.2,49.5,6.09,100.0,11.22,3.511
soybean,AP,625.8,27.4,57.5,6.62,144.5,10.78,4.953
groundnut,MP,1132.9,25.4,35.2,6.17,100.7,6.45,3.474
maize,MP,935.9,34.8,62.0,5.87,191.8,7.76,10.841
groundnut,AP,1131.2,30.6,76.8,6.72,83.3,9.73,4.238
cotton,Karnataka,772.2,31.2,41.7,6.34,81.8,8.28,3.631
soybean,Punjab,1216.6,28.5,65.4,6.54,141.7,10.84,5.276
groundnut,MP,500.4,36.2,50.6,6.73,67.4,10.09,3.051
wheat,Karnataka,499.7,17.2,80.7,6.13,82.3,12.25,6.342
tomato,MP,582.0,21.1,51.3,6.08,270.4,3.47,54.101
maize,Karnataka,826.8,21.1,64.7,6.86,137.5,9.84,10.472
groundnut,Karnataka,1190.0,25.8,43.5,6.41,88.8,2.87,3.894
groundnut,Punjab,635.8,37.8,58.4,5.52,90.5,4.32,2.915
groundnut,AP,1161.5,30.9,56.0,6.62,98.8,1.22,3.945
rice,Karnataka,1937.9,32.1,76.0,6.94,125.6,9.31,12.556
rice,MP,1935.6,34.6,70.8,6.93,100.8,4.44,11.201
tomato,Telangana,602.7,20.7,66.1,5.59,164.1,7.83,42.807
groundnut,Punjab,631.8,25.9,36.5,5.78,84.6,2.92,2.46
cotton,Telangana,1038.3,30.9,69.7,7.91,115.1,10.0,3.565
cotton,AP,1017.2,30.9,68.8,7.84,122.3,12.77,3.653
cotton,Maharashtra,1407.4,28.0,46.8,6.62,102.9,10.19,4.601
cotton,Punjab,1190.4,38.9,48.8,6.32,127.8,7.16,4.397
groundnut,MP,1187.1,33.1,59.7,6.25,83.0,6.01,3.685
wheat,Karnataka,771.2,14.1,76.4,6.27,135.7,2.72,7.933
wheat,Maharashtra,771.3,14.5,52.7,7.09,171.2,14.15,7.176
rice,Maharashtra,1427.0,29.8,60.4,5.9,138.3,14.16,9.574
maize,AP,1481.7,27.4,63.3,6.93,174.9,10.82,13.262
groundnut,AP,577.2,28.5,46.3,6.94,76.0,3.37,2.879
soybean,Telangana,1009.8,26.6,73.1,6.18,136.1,0.81,5.37
cotton,Telangana,1454.8,25.7,44.3,7.58,135.9,11.07,4.149
maize,Punjab,944.6,25.0,51.2,6.36,209.5,6.35,12.426
maize,Karnataka,1253.0,31.0,54.8,5.82,188.7,8.1,12.022
soybean,Karnataka,1181.6,26.8,82.7,6.56,89.7,7.2,5.692
cotton,Punjab,903.3,38.0,71.9,6.09,114.3,14.32,4.264
soybean,Maharashtra,631.9,29.0,57.9,6.96,97.5,2.38,4.147
rice,MP,1551.3,24.1,71.4,5.81,199.2,14.45,11.676
cotton,Telangana,1045.2,27.6,40.3,7.47,108.9,5.31,3.485
groundnut,Karnataka,1008.5,31.3,80.3,6.29,68.3,13.97,4.247
rice,MP,1995.3,33.1,63.7,5.6,195.3,12.11,12.553
soybean,MP,887.7,25.6,77.2,6.22,105.0,1.05,4.956
maize,Telangana,1382.1,20.5,72.2,6.7,185.5,7.67,13.383
maize,MP,543.8,23.5,80.7,6.28,165.0,8.62,10.322
cotton,Punjab,1468.9,34.0,72.4,7.27,137.1,9.71,4.889
soybean,Maharashtra,1311.5,22.8,39.3,7.47,105.4,7.74,4.204
rice,Maharashtra,1829.7,25.4,52.8,6.54,140.0,4.57,12.041
soybean,Telangana,924.9,30.0,39.0,7.44,145.5,0.71,4.558
rice,Maharashtra,1740.1,29.5,39.7,5.54,182.6,1.31,10.089
groundnut,AP,590.0,30.0,45.5,5.63,98.3,13.06,2.835
rice,Telangana,1831.4,29.7,83.4,6.85,168.8,7.89,12.703
wheat,Telangana,745.5,19.0,63.4,6.01,114.9,14.3,6.376
maize,Maharashtra,1177.4,35.0,34.2,5.84,129.1,6.28,8.88
rice,AP,1812.9,31.6,34.8,6.85,132.3,1.34,10.473
wheat,Punjab,671.7,15.7,72.6,7.44,86.4,4.99,6.017
maize,Maharashtra,1242.6,25.0,59.4,6.67,190.8,11.77,12.022
groundnut,MP,508.9,36.7,78.6,6.32,112.1,6.95,3.73
tomato,Punjab,732.6,23.4,37.0,6.84,268.2,9.35,56.465
wheat,Punjab,697.5,20.9,69.2,6.75,137.1,11.77,7.658
groundnut,Telangana,1113.3,31.8,39.5,6.8,75.8,0.76,3.436
maize,AP,630.8,22.1,73.2,6.73,205.6,12.6,11.431
soybean,AP,1019.5,25.5,62.9,7.49,146.4,2.5,4.59
rice,Karnataka,1652.1,33.5,39.0,6.27,158.1,3.7,10.337
groundnut,Punjab,801.5,37.1,44.6,6.28,71.5,6.07,3.014
groundnut,AP,895.3,28.1,43.8,5.62,61.5,1.83,3.19
wheat,AP,973.0,19.2,78.7,7.28,108.2,6.29,6.659
soybean,Telangana,1477.9,21.7,34.1,6.51,102.4,2.71,4.843
soybean,Telangana,863.2,30.4,65.5,6.51,88.7,14.95,4.651
maize,Karnataka,678.8,27.7,84.0,6.09,213.2,12.31,11.374
maize,Karnataka,708.6,25.1,63.7,6.44,135.5,14.99,9.495
maize,MP,857.6,20.0,83.3,6.77,208.9,10.93,13.039
groundnut,Telangana,1199.5,32.7,76.5,6.52,100.9,0.64,4.629
cotton,Telangana,1216.8,31.2,70.8,6.72,139.0,9.3,4.962
soybean,Maharashtra,1432.6,26.6,48.9,7.19,95.0,13.18,4.792
cotton,Telangana,1276.1,29.2,61.4,6.44,154.1,2.02,5.281
cotton,Maharashtra,1498.9,27.9,78.7,7.22,113.6,11.45,4.972
tomato,Punjab,755.7,29.2,33.8,6.24,254.1,11.3,54.74
soybean,AP,916.2,21.4,48.1,6.22,93.0,13.43,4.644
wheat,MP,872.9,17.2,55.0,7.47,164.6,11.74,6.608
groundnut,Maharashtra,893.6,26.0,69.5,6.02,73.6,7.61,3.52
soybean,MP,1261.8,30.0,71.4,7.36,120.0,11.4,5.432
cotton,MP,1105.3,33.1,61.5,6.53,146.8,2.75,5.025
soybean,Punjab,1091.4,28.4,79.3,7.5,105.1,6.04,4.428
maize,Maharashtra,603.3,24.0,46.5,6.48,214.7,4.93,10.931
tomato,AP,578.6,20.0,46.0,6.19,270.1,7.93,54.337
maize,Maharashtra,683.9,30.1,52.9,6.62,185.3,1.95,10.425
tomato,Telangana,871.1,20.3,42.5,5.7,210.8,4.04,50.469
tomato,Karnataka,1101.6,22.5,52.4,6.36,285.1,12.2,73.4
soybean,Maharashtra,1491.6,27.3,32.2,6.55,98.0,10.75,5.0
maize,Karnataka,575.6,20.1,64.6,6.26,180.1,7.41,10.055
groundnut,AP,1107.5,33.8,41.2,6.5,95.9,6.71,3.791
groundnut,MP,876.1,25.2,44.3,6.93,110.7,9.44,2.973
cotton,Maharashtra,1352.0,30.7,32.4,6.13,85.3,6.43,4.01
groundnut,MP,642.6,33.4,63.0,6.53,75.3,10.43,3.071
maize,MP,1477.8,26.4,34.2,6.27,166.4,8.52,11.377
groundnut,Punjab,585.0,31.1,35.8,5.51,84.1,0.85,2.603
tomato,Punjab,794.9,23.2,37.0,5.9,255.1,1.27,49.642
groundnut,Punjab,1058.2,34.5,61.6,5.76,74.2,4.78,3.306
rice,Karnataka,1101.3,24.1,59.0,6.1,108.2,12.67,7.87
maize,AP,1398.7,30.6,83.0,6.97,183.6,2.79,13.568
rice,MP,1392.6,26.0,53.4,6.05,132.1,5.46,9.625
rice,Karnataka,1154.9,26.6,57.1,6.15,100.4,4.21,8.609
groundnut,Karnataka,616.8,36.1,67.7,5.86,95.3,13.62,2.927
cotton,Telangana,1007.9,33.6,40.3,6.4,135.1,8.58,4.481
cotton,Punjab,750.8,27.3,64.8,7.05,127.7,11.31,4.107
tomato,Maharashtra,898.1,20.3,71.1,5.83,160.1,7.85,51.683
wheat,Punjab,1069.8,17.9,34.1,6.04,178.5,10.59,7.106
tomato,Karnataka,832.9,21.8,49.7,6.66,289.5,12.18,58.858
maize,Telangana,1010.4,27.0,47.9,6.61,146.1,14.01,10.501
tomato,MP,1083.4,26.7,42.8,6.7,291.5,1.21,65.91
soybean,Maharashtra,914.8,25.7,41.9,7.18,95.8,9.04,3.704
rice,MP,1938.7,26.6,33.0,6.64,158.3,1.72,11.433
rice,Maharashtra,1494.8,29.8,63.0,6.38,111.8,6.44,10.51
groundnut,Karnataka,1138.4,35.0,34.7,6.55,66.9,12.69,3.206
tomato,Telangana,897.1,20.2,69.1,5.82,151.0,7.54,45.177
tomato,Maharashtra,971.2,19.2,80.9,5.74,225.3,4.09,59.013
wheat,Maharashtra,1121.1,10.7,74.0,6.99,84.3,12.53,7.473
maize,Telangana,686.1,21.9,63.3,6.4,147.2,7.95,10.203
maize,AP,895.5,25.1,47.7,6.03,138.1,14.74,9.066
tomato,Maharashtra,607.5,19.0,58.0,5.91,163.9,6.86,44.281
rice,Telangana,1495.6,31.5,82.4,5.59,159.3,4.3,10.768
soybean,Karnataka,1455.2,23.2,70.6,7.13,96.7,12.06,5.44
rice,MP,1230.3,24.2,83.8,5.64,157.5,12.43,9.901
cotton,Punjab,940.7,35.4,37.4,6.46,141.6,6.89,4.163
wheat,Telangana,1039.2,18.9,84.2,6.77,163.8,3.13,9.299
groundnut,AP,556.5,25.6,60.4,5.92,118.3,4.39,3.074
cotton,Karnataka,1287.0,38.0,35.0,6.04,99.5,6.91,3.781
wheat,Telangana,774.0,22.7,79.3,6.49,114.0,6.67,7.667
maize,Telangana,1307.6,22.9,30.4,6.82,125.8,2.8,10.04
cotton,Maharashtra,1071.2,25.7,76.1,7.99,139.6,3.59,3.954
soybean,Telangana,1174.0,27.6,66.4,7.14,95.9,6.19,4.642
cotton,Karnataka,907.8,38.5,62.9,7.48,157.8,4.0,3.858
groundnut,Telangana,971.1,31.9,31.2,6.08,68.9,3.67,2.877
cotton,MP,701.2,35.9,74.7,6.77,85.9,8.9,3.968
groundnut,Punjab,641.3,34.8,33.4,6.56,77.4,12.94,2.965
groundnut,Telangana,861.2,36.8,61.5,5.57,105.9,6.67,3.202
maize,Karnataka,1209.8,21.1,82.2,6.18,131.6,5.41,11.562
tomato,Telangana,486.0,24.7,33.9,6.49,282.2,4.79,53.119
tomato,Maharashtra,628.8,25.2,48.3,6.95,269.0,7.35,53.728
wheat,MP,412.6,14.3,81.9,6.55,136.4,14.24,7.247
groundnut,Maharashtra,795.1,32.8,79.8,6.92,71.6,1.28,3.42
wheat,Punjab,630.5,19.4,75.6,6.2,168.2,9.95,8.07
tomato,Maharashtra,985.2,29.7,33.4,5.68,214.8,11.76,49.12
cotton,AP,1226.2,39.3,63.4,7.93,124.5,3.19,3.721
soybean,Punjab,1456.0,30.0,56.8,6.29,103.3,13.63,5.552
groundnut,Punjab,624.6,35.1,39.6,5.98,108.3,7.65,3.216
wheat,AP,573.2,11.7,43.4,7.34,144.0,6.11,6.169
cotton,MP,1376.0,25.2,68.2,7.96,109.5,10.83,4.095
tomato,Telangana,820.4,24.7,41.5,6.09,219.6,9.31,49.953
groundnut,Karnataka,531.8,26.9,77.9,6.08,67.9,0.84,3.045
wheat,MP,935.6,23.7,42.9,7.46,129.7,3.31,6.112
tomato,Telangana,1060.0,26.8,56.5,6.3,153.9,3.77,57.323
wheat,AP,1037.7,24.3,56.8,6.09,119.1,2.62,7.353
cotton,Telangana,1304.7,35.1,42.1,7.2,95.4,1.19,3.782
maize,Maharashtra,1254.6,26.6,43.2,6.74,217.6,13.0,11.934
wheat,MP,1053.8,19.8,33.9,6.64,102.8,8.27,7.109
soybean,MP,853.5,20.2,76.0,6.18,141.4,4.78,5.148
rice,AP,1015.6,30.7,46.1,6.11,115.6,8.19,8.275
groundnut,Punjab,733.3,30.7,82.2,6.42,64.2,8.82,3.731
soybean,MP,1355.5,30.4,33.6,6.78,144.9,2.14,4.933
wheat,Karnataka,662.5,16.1,84.9,7.23,139.3,11.91,7.436
soybean,Karnataka,698.3,27.9,45.3,6.91,113.1,6.36,4.295
cotton,Punjab,1404.4,28.8,72.4,6.84,146.8,12.3,5.592
wheat,Punjab,579.3,20.0,46.7,7.37,123.7,4.43,5.675
groundnut,Telangana,1070.7,36.7,84.5,6.43,88.9,6.98,4.22
rice,Punjab,1714.2,26.3,37.5,6.25,138.4,5.67,10.641
soybean,Telangana,1486.4,27.3,79.4,6.75,106.8,4.04,6.159
tomato,Maharashtra,497.9,27.1,42.0,6.39,241.4,9.94,50.778
cotton,AP,913.9,36.4,83.3,6.07,124.1,14.73,4.783
wheat,Punjab,753.1,10.9,51.2,7.31,136.9,2.14,6.263
wheat,Punjab,462.0,19.0,78.1,6.35,106.4,2.16,6.916
maize,MP,901.3,22.9,73.0,6.34,214.0,2.42,12.21
groundnut,Maharashtra,741.5,33.8,48.6,5.91,60.4,7.07,2.7
tomato,Punjab,449.4,23.6,49.8,5.9,292.2,1.95,53.357
cotton,Telangana,881.3,33.7,33.6,7.46,111.9,3.82,3.112
maize,Punjab,723.9,31.5,41.6,6.38,196.0,14.31,10.026
maize,Karnataka,613.1,25.4,66.1,6.59,153.0,4.05,10.324
maize,Punjab,859.6,31.9,55.5,5.96,156.2,6.65,9.07
wheat,Karnataka,554.5,21.5,64.8,6.83,121.4,12.88,6.038
wheat,Punjab,1091.8,11.4,51.3,6.98,113.3,8.78,6.3
tomato,AP,894.7,24.1,72.6,5.98,180.7,12.1,54.586
rice,Telangana,909.4,23.9,77.3,6.26,192.2,14.55,11.419
soybean,Telangana,1160.5,21.8,54.3,6.82,107.0,8.09,5.171
wheat,AP,687.6,11.0,44.2,7.47,91.9,13.42,4.872
rice,MP,939.0,24.6,74.4,5.58,143.8,9.0,8.732
cotton,AP,1311.8,29.7,36.4,7.57,116.1,6.03,3.705
maize,Punjab,1280.1,33.2,75.7,6.91,205.4,1.5,13.262
groundnut,Maharashtra,1048.3,26.7,79.5,6.49,87.2,10.58,4.245
soybean,AP,1392.1,23.1,55.9,6.04,116.5,4.95,5.152
groundnut,MP,786.9,29.1,57.3,6.87,118.1,4.71,3.59
soybean,MP,712.4,31.7,57.3,7.48,145.6,4.07,4.28
tomato,AP,968.0,20.1,55.2,5.66,208.0,9.61,53.367
tomato,Maharashtra,1171.8,18.3,73.3,6.38,266.5,1.0,75.274
cotton,MP,1105.3,32.2,52.5,6.09,125.0,11.71,4.66
groundnut,AP,593.1,26.8,73.7,5.57,92.5,9.35,2.964
soybean,Karnataka,1212.6,24.1,69.2,6.54,102.0,2.84,5.532
soybean,Karnataka,1148.5,29.4,69.5,7.01,114.8,12.45,5.148
tomato,Maharashtra,668.9,20.7,49.0,6.18,282.8,5.93,58.076
soybean,AP,1293.8,22.0,67.7,7.2,112.8,13.8,5.333
soybean,MP,809.7,30.4,80.8,6.24,124.2,10.28,5.107
tomato,Maharashtra,713.1,19.9,81.5,6.7,203.6,12.72,58.404
rice,Punjab,944.4,25.8,56.0,6.97,143.7,7.73,9.019
maize,AP,889.4,20.4,82.2,6.92,214.9,14.18,12.706
tomato,Karnataka,947.7,28.1,51.5,6.4,170.2,14.58,56.932
maize,Karnataka,834.2,25.3,40.6,5.86,131.9,12.65,8.365
tomato,MP,983.9,24.3,72.2,6.13,272.0,11.9,67.897
tomato,AP,599.0,20.0,41.9,6.6,230.7,5.0,52.186
cotton,MP,1363.8,38.2,50.7,6.92,129.9,1.63,4.924
wheat,Maharashtra,1078.4,12.3,52.3,6.55,92.5,1.08,6.72
rice,AP,1365.0,30.7,62.0,6.93,166.1,12.79,10.465
maize,Telangana,1447.3,32.7,50.8,6.98,189.2,4.57,12.364
groundnut,MP,1186.6,33.1,52.4,6.82,79.7,13.64,3.667
cotton,MP,1410.5,33.3,58.4,6.51,114.8,1.9,5.351
groundnut,Maharashtra,783.4,35.5,48.8,6.2,110.5,14.39,3.538
wheat,Karnataka,1187.8,17.5,56.0,7.43,130.5,7.01,7.265
maize,Punjab,881.2,27.8,30.8,6.15,152.1,11.08,9.536
cotton,Telangana,1411.1,33.3,76.5,7.37,80.9,12.34,4.539
rice,Maharashtra,1451.4,33.8,48.2,5.77,135.3,5.66,9.554
wheat,Punjab,757.8,15.7,75.4,6.18,179.0,8.34,8.142
maize,AP,1149.3,24.9,84.1,5.86,160.4,3.14,11.612
soybean,Karnataka,1128.5,23.6,41.4,7.36,108.4,8.41,4.236
tomato,Karnataka,415.5,24.1,79.7,6.66,165.5,4.34,50.641
cotton,Telangana,1304.1,39.0,63.1,6.74,134.9,8.12,4.793
groundnut,Maharashtra,995.3,35.6,56.7,5.69,89.7,5.57,3.296
rice,Punjab,801.9,26.8,71.0,5.94,186.7,1.72,9.753
tomato,Maharashtra,567.7,29.1,58.1,5.58,279.8,9.47,53.684
cotton,Telangana,632.5,34.1,67.8,6.68,106.4,12.83,3.69
groundnut,Karnataka,727.5,31.9,80.2,6.48,72.2,9.99,3.839
soybean,Punjab,722.0,21.7,66.7,7.14,147.0,6.46,4.706
cotton,Karnataka,805.9,40.0,53.7,6.86,154.5,13.96,4.441
maize,Punjab,1146.0,30.2,78.8,5.92,167.4,3.99,11.505
rice,Maharashtra,1610.9,24.9,36.9,5.92,142.8,13.74,9.437
cotton,Karnataka,825.1,29.7,57.6,7.26,140.9,13.29,4.229
wheat,Karnataka,411.9,23.4,30.8,6.56,99.0,1.52,5.407
maize,MP,1318.9,33.3,30.3,6.46,214.7,2.44,12.18
soybean,Telangana,1442.0,29.4,36.2,6.98,110.4,10.79,4.899
rice,Karnataka,1324.7,34.5,55.5,6.08,110.3,9.9,9.113
soybean,Maharashtra,899.1,24.7,66.7,6.7,101.1,14.2,4.909
cotton,AP,1343.2,37.5,31.4,7.66,92.6,14.76,3.518
cotton,Karnataka,1277.4,37.3,44.9,7.33,138.8,14.9,4.1
rice,Maharashtra,1970.4,34.8,58.6,6.69,162.9,14.57,12.599
rice,Telangana,1933.7,26.1,38.2,6.0,185.5,14.22,11.992
wheat,MP,972.8,17.2,83.2,6.94,130.4,10.54,8.083
maize,Karnataka,1409.7,24.4,79.5,6.25,130.2,4.65,12.572
tomato,Punjab,652.0,18.1,70.0,5.51,199.6,9.55,47.158
tomato,Telangana,882.2,25.8,50.3,6.28,228.2,2.29,55.42
tomato,Punjab,700.3,26.5,79.6,6.72,181.8,1.52,54.346
cotton,Karnataka,747.3,30.1,44.1,7.21,152.5,11.57,3.668
maize,MP,981.5,24.6,69.4,6.74,212.6,14.61,12.758
groundnut,Telangana,526.1,36.6,49.7,6.85,66.4,12.61,2.792
tomato,AP,1185.5,27.6,66.4,6.67,201.4,2.14,64.505
soybean,MP,1032.5,27.7,83.7,7.31,80.1,5.71,4.42
soybean,Telangana,621.0,26.5,55.7,6.33,119.1,8.85,4.384
maize,Punjab,934.0,34.6,34.7,6.07,146.3,14.64,8.799
tomato,Telangana,652.7,25.3,32.3,5.7,188.0,1.55,45.308
maize,MP,519.5,23.7,54.0,6.59,126.1,13.74,8.519
rice,Telangana,1195.6,22.9,55.6,6.99,187.0,10.16,10.724
tomato,AP,555.6,20.4,30.5,6.2,286.7,11.85,52.133
maize,AP,1186.8,20.9,33.6,6.3,178.4,2.46,10.554
cotton,Punjab,1069.5,27.4,30.9,7.07,153.0,9.82,4.059
cotton,Karnataka,853.6,34.4,58.3,6.82,98.7,12.06,3.748
cotton,Punjab,1361.9,30.1,70.6,7.59,97.0,14.25,4.162
cotton,MP,1231.6,27.6,39.0,7.94,129.2,0.8,3.503
cotton,AP,671.7,27.1,67.8,7.15,128.3,6.21,4.092
tomato,Punjab,944.9,20.7,68.5,6.3,234.4,14.95,62.191
groundnut,Telangana,545.7,26.0,64.2,6.61,68.2,5.21,2.988
wheat,AP,868.9,24.2,39.4,6.86,92.4,14.84,6.178
groundnut,Punjab,1107.3,31.6,69.0,6.83,102.1,8.02,4.006
soybean,Maharashtra,1057.4,20.1,47.1,6.45,145.4,5.73,5.421
rice,Maharashtra,1474.0,32.5,71.7,5.79,187.2,10.98,11.794
wheat,Karnataka,570.6,11.4,39.5,7.05,152.2,0.91,6.166
soybean,AP,1124.4,28.5,36.1,7.21,122.7,10.4,4.345
maize,AP,1310.4,20.4,37.9,6.63,179.4,2.91,11.861
rice,Telangana,1174.6,25.5,78.5,5.59,176.6,12.39,10.997
wheat,MP,538.3,22.3,55.5,7.2,157.7,13.04,5.801
wheat,Karnataka,1152.8,12.7,73.4,6.28,96.3,0.59,7.878
wheat,Telangana,687.9,14.1,36.8,6.77,177.9,5.9,6.649
wheat,Karnataka,1101.5,15.9,69.2,7.05,88.8,14.61,7.062
groundnut,MP,563.4,29.6,79.9,5.58,88.7,0.53,3.63
cotton,Maharashtra,1319.9,25.1,73.4,6.02,128.9,11.76,4.91
cotton,Telangana,881.0,30.1,62.2,6.33,106.9,8.04,4.483
groundnut,Maharashtra,790.0,30.6,74.8,6.12,90.2,12.38,3.64
cotton,Punjab,708.2,26.9,60.4,7.9,145.6,13.19,3.463
wheat,Maharashtra,888.5,19.2,39.2,7.13,103.2,11.51,5.798
groundnut,MP,751.0,37.5,83.3,6.55,91.9,13.6,3.845
rice,Karnataka,1947.4,30.1,80.0,5.78,124.8,0.7,11.266
wheat,MP,645.6,13.3,49.0,7.19,113.2,7.07,5.892
rice,Punjab,1625.8,22.8,78.8,5.56,156.6,5.19,11.262
maize,Karnataka,906.6,20.9,48.2,6.85,175.8,5.49,9.927
soybean,MP,1009.9,24.0,67.1,6.82,134.1,4.77,5.537
cotton,MP,670.5,33.3,71.0,7.28,96.9,9.87,3.601
maize,AP,669.0,31.3,60.4,5.9,176.5,6.13,9.021
wheat,Karnataka,434.5,22.5,38.4,7.26,163.3,9.64,5.843
tomato,Telangana,1078.4,26.7,35.2,6.3,259.6,8.17,62.759
tomato,MP,648.6,20.9,71.8,6.36,270.4,11.04,64.913
tomato,Telangana,511.7,20.5,42.3,6.61,172.1,6.66,46.144
soybean,MP,1428.3,30.6,47.9,6.73,105.1,4.38,5.228
soybean,Maharashtra,1324.5,23.7,33.8,6.29,113.3,10.67,4.789
groundnut,Maharashtra,1133.3,26.2,78.4,6.8,82.6,11.07,4.67
cotton,MP,1348.4,35.2,65.0,6.06,90.7,10.11,4.642
soybean,Karnataka,1289.6,26.9,31.0,6.39,143.9,5.82,5.474
maize,Punjab,927.2,20.4,83.1,5.88,184.9,8.5,10.596
groundnut,AP,514.7,28.5,34.8,6.17,71.9,10.91,2.776
cotton,MP,1443.1,34.3,36.1,6.11,139.3,10.21,4.745
maize,MP,1238.1,30.4,39.9,6.11,212.5,13.62,12.114
soybean,Karnataka,1344.0,20.0,78.7,7.25,98.4,10.53,4.912
soybean,Maharashtra,1347.1,22.1,56.5,6.56,122.0,3.38,5.965
cotton,Punjab,1181.3,26.5,72.1,7.94,91.8,1.01,3.8
wheat,MP,438.3,22.0,39.7,6.59,95.9,13.82,6.348
maize,Karnataka,1366.8,28.2,75.0,5.85,166.4,11.03,12.688
soybean,Punjab,1320.2,30.7,72.9,6.5,115.5,4.33,6.0
rice,Punjab,1797.4,32.0,43.2,6.96,199.6,13.56,12.025
rice,AP,1010.2,27.5,64.0,5.67,113.9,9.31,8.067
soybean,Telangana,1027.0,30.4,65.9,6.26,81.3,1.28,4.791
maize,Karnataka,1073.1,21.4,40.1,6.92,182.6,8.66,10.56
maize,Maharashtra,517.6,29.5,40.1,6.58,178.4,9.25,9.364
rice,AP,1586.3,33.6,83.7,6.78,198.1,11.7,13.335
wheat,AP,956.0,15.4,80.8,6.58,136.2,11.31,8.076
soybean,Karnataka,1383.0,20.1,41.5,7.07,100.6,0.68,4.47
maize,AP,515.7,27.2,76.6,5.91,139.4,8.78,8.604
rice,Telangana,1841.6,28.8,70.2,6.87,184.5,11.14,13.477
cotton,MP,1176.0,39.5,40.3,6.36,129.8,3.54,4.533
rice,Karnataka,1183.2,27.1,62.8,5.73,161.6,6.91,9.76
groundnut,AP,936.1,32.6,66.7,6.06,113.0,3.48,4.03
soybean,Punjab,1275.2,24.3,84.3,6.83,99.6,13.63,5.494
maize,Punjab,684.8,32.6,42.0,6.44,190.8,10.82,10.052
rice,Punjab,925.3,25.5,45.3,6.3,183.3,9.51,9.8
groundnut,Telangana,702.0,31.6,36.4,5.75,98.4,11.1,2.827
tomato,AP,1013.7,22.6,37.5,6.63,152.8,5.79,52.518
cotton,AP,926.9,36.6,46.9,7.5,152.1,7.25,3.861
soybean,Telangana,1361.2,20.6,45.7,7.17,94.5,7.65,4.679
soybean,Karnataka,1068.5,26.5,72.3,6.5,92.3,6.3,5.749
maize,Punjab,1207.6,20.7,56.0,6.81,218.9,14.56,12.674
cotton,Punjab,1246.6,33.6,51.9,6.94,135.3,0.88,4.76
soybean,MP,968.1,20.3,46.2,6.95,131.9,7.41,4.618
rice,MP,1491.6,26.6,41.0,6.44,118.0,13.91,9.7
soybean,Maharashtra,952.8,26.3,83.8,6.53,121.7,14.96,5.464
maize,Punjab,904.3,27.4,68.9,6.23,218.6,7.01,12.377
tomato,Telangana,818.4,20.2,80.5,5.53,203.2,14.95,52.264
cotton,Telangana,1256.5,33.4,68.9,7.18,123.1,6.57,4.451
cotton,MP,1352.4,38.6,81.0,7.08,82.5,10.68,4.588
rice,Maharashtra,1518.1,27.6,38.9,6.2,188.7,2.0,10.928
maize,Punjab,727.2,25.0,61.3,5.84,180.8,1.91,9.613
maize,Punjab,512.9,29.9,47.1,6.82,198.5,7.33,9.311
maize,Telangana,1376.0,20.8,64.0,6.16,176.9,1.52,11.923
wheat,Punjab,822.5,22.4,73.6,6.33,99.5,10.71,7.566
soybean,Karnataka,850.7,23.1,36.1,7.4,114.1,4.7,3.953
rice,MP,1266.2,30.3,31.2,5.92,118.1,3.74,8.5
soybean,MP,1426.2,24.1,52.5,6.64,105.5,4.26,5.493
tomato,Punjab,774.7,19.2,67.5,6.2,162.2,11.96,56.906
cotton,Punjab,1075.5,25.6,53.4,6.62,156.5,3.21,5.109
tomato,Maharashtra,427.0,24.2,71.9,6.39,203.7,2.47,46.717
soybean,Maharashtra,1226.0,27.8,48.8,6.48,97.0,12.05,5.226
tomato,Karnataka,594.8,23.3,58.1,6.09,157.0,2.33,46.473
groundnut,Karnataka,1160.2,26.3,72.8,6.92,107.7,1.81,4.402
soybean,Maharashtra,1477.6,22.6,80.2,6.25,105.4,7.4,5.953
tomato,Maharashtra,796.2,25.4,42.0,6.09,201.9,4.49,51.873
groundnut,Karnataka,758.9,26.0,80.8,5.71,82.3,6.0,3.351
rice,MP,1498.8,24.2,68.5,6.87,168.2,14.79,11.437
wheat,AP,742.9,13.6,83.1,6.95,160.7,7.09,7.603
soybean,Karnataka,1473.0,31.9,41.0,6.96,142.1,4.07,5.549
cotton,Punjab,1359.7,38.9,44.1,6.97,125.3,7.95,4.416
tomato,Telangana,1157.3,28.7,43.3,6.65,191.4,12.66,61.888
maize,AP,1105.6,26.6,79.5,6.36,165.5,1.76,12.831
tomato,Maharashtra,762.1,24.0,57.7,6.94,218.8,5.32,55.569
cotton,Karnataka,989.7,34.8,74.1,7.38,80.5,7.64,3.867
rice,Telangana,1383.2,32.4,58.6,5.94,109.7,8.17,9.315
rice,Telangana,1962.0,22.7,84.2,6.39,168.1,14.17,14.511
soybean,Telangana,951.4,20.9,83.6,6.86,148.4,2.33,5.976
maize,Punjab,1302.8,25.5,42.5,6.59,168.8,11.54,11.385
soybean,Punjab,1247.3,25.5,38.6,6.67,122.3,13.52,4.838
maize,Telangana,866.5,21.9,55.1,6.0,212.0,10.97,10.977
cotton,Telangana,870.0,33.7,33.4,7.88,137.5,5.99,3.068
tomato,MP,1089.1,25.5,53.3,6.93,153.0,2.01,50.505
rice,Maharashtra,1783.1,24.1,84.9,6.21,192.2,4.13,13.983
groundnut,Telangana,683.0,30.4,77.2,6.82,107.2,12.1,3.803
cotton,Maharashtra,674.1,30.6,65.9,6.13,121.8,2.99,3.765
tomato,Punjab,1186.9,20.3,80.3,6.17,287.7,7.68,77.523
rice,AP,1727.8,28.0,60.8,5.81,102.4,2.84,9.811
tomato,Punjab,749.0,23.3,82.0,5.91,169.8,2.41,50.066
cotton,AP,969.1,26.9,69.3,6.02,137.8,6.56,4.389
cotton,Maharashtra,934.5,33.8,60.6,7.41,86.3,4.5,3.833
tomato,Karnataka,728.3,24.5,32.5,5.9,193.0,4.65,47.671
wheat,Maharashtra,1171.1,19.4,50.4,6.26,91.7,4.96,7.141
tomato,Karnataka,817.0,27.7,57.3,5.51,179.6,10.73,43.242
wheat,AP,531.0,23.9,79.0,6.49,158.8,5.52,8.142
rice,Karnataka,1906.8,31.0,42.7,5.87,118.5,4.32,10.336
wheat,Telangana,926.8,11.7,46.0,6.58,142.5,1.45,7.615
groundnut,Karnataka,773.7,28.6,56.5,6.37,91.4,5.06,3.728
tomato,Punjab,993.9,28.6,70.7,6.92,158.8,11.03,52.739
cotton,Karnataka,1377.0,30.5,52.9,7.05,89.4,5.73,4.482
groundnut,MP,1032.5,27.2,73.8,5.75,72.2,4.44,3.559
wheat,Telangana,842.9,15.0,56.6,7.37,151.5,9.74,7.192
tomato,Telangana,1151.3,18.5,35.9,6.42,254.0,1.2,62.065
rice,MP,1441.1,34.7,59.6,6.97,109.8,12.35,10.054
rice,Telangana,1700.7,33.4,80.8,6.49,132.8,13.31,12.361
tomato,Telangana,652.9,21.0,74.2,6.27,299.6,11.08,69.154
groundnut,Maharashtra,718.4,36.1,56.8,6.35,108.8,11.43,3.544
maize,Maharashtra,998.2,21.9,71.3,5.94,135.9,10.81,10.649
wheat,Telangana,1077.5,14.2,70.2,7.19,128.9,6.03,7.823
wheat,Telangana,1179.8,19.7,36.8,6.65,142.8,7.95,7.66
soybean,Maharashtra,811.7,28.7,41.3,6.65,125.7,7.32,4.786
groundnut,Karnataka,930.6,31.5,75.5,5.53,114.0,3.03,3.915
tomato,AP,1016.4,29.8,38.7,6.93,284.9,13.76,61.183
groundnut,Karnataka,821.9,33.5,37.8,5.89,61.4,6.88,2.987
groundnut,AP,1035.2,26.4,80.0,6.88,113.7,11.22,4.23
wheat,Karnataka,1190.2,15.0,80.6,6.88,157.9,11.46,8.81
rice,MP,1359.2,29.9,59.9,5.64,188.4,1.08,10.379
soybean,MP,1371.2,29.8,78.2,6.09,97.3,13.54,5.73
soybean,Punjab,996.0,22.1,40.5,7.45,94.9,10.08,3.14
maize,Maharashtra,994.5,26.2,83.7,6.87,120.9,9.55,11.407
groundnut,Maharashtra,532.7,32.0,43.5,5.85,78.1,9.93,2.616
rice,Telangana,897.4,33.6,38.1,6.37,195.1,14.91,9.59
rice,Punjab,929.0,27.6,84.5,5.82,143.0,8.82,9.912
groundnut,MP,961.2,31.2,48.4,5.98,81.6,5.2,3.515
soybean,Telangana,781.8,31.6,68.6,6.64,119.6,9.4,5.16
cotton,MP,757.9,35.4,45.7,7.95,140.0,6.59,3.076
wheat,MP,1081.7,21.6,81.6,6.88,107.5,9.97,8.06
soybean,Maharashtra,903.6,31.6,83.1,6.03,133.8,5.41,5.376
soybean,Karnataka,800.6,31.5,76.7,7.03,148.2,7.5,5.308
soybean,Telangana,655.3,25.6,67.4,6.2,130.0,14.9,4.836
wheat,Punjab,1040.1,14.0,71.5,6.51,171.7,10.0,9.471
soybean,Karnataka,1380.9,31.7,53.2,7.43,102.8,2.09,4.434
cotton,MP,1394.2,30.4,73.0,7.24,133.3,3.15,4.835
wheat,AP,1186.3,22.5,49.1,6.72,167.9,11.89,8.034
soybean,Punjab,1295.1,25.5,52.1,6.16,99.1,11.36,5.057
maize,Telangana,1153.9,31.4,81.8,6.01,178.7,9.36,12.171
tomato,Punjab,858.9,30.0,64.9,6.99,213.6,7.47,57.593
soybean,Telangana,1337.0,27.9,53.5,6.42,135.8,2.25,5.837
soybean,AP,1268.8,26.0,31.1,7.22,132.2,9.64,4.276
tomato,MP,981.6,18.1,76.7,5.67,288.6,7.55,60.583
groundnut,Punjab,702.8,35.3,50.6,6.4,101.7,6.74,3.497
tomato,AP,472.3,27.3,48.0,6.34,250.4,6.44,54.336
groundnut,Punjab,1185.5,31.5,42.1,6.99,89.4,7.86,3.636
tomato,Punjab,767.9,21.9,46.9,6.98,161.5,6.05,48.132
tomato,Telangana,413.1,19.0,72.2,5.89,233.1,10.45,46.432
rice,AP,1351.7,25.9,51.9,6.44,169.2,0.91,11.65
groundnut,MP,539.6,32.7,45.0,5.78,73.7,1.06,2.774
soybean,Punjab,920.6,24.8,47.3,7.12,89.4,2.22,3.88
rice,Maharashtra,1462.4,24.7,31.1,5.54,171.9,14.61,9.229
tomato,MP,1164.3,28.6,42.7,5.88,202.5,14.8,52.749
rice,Karnataka,1038.9,24.9,34.2,5.87,164.0,8.8,8.687
wheat,MP,537.2,15.2,45.5,7.46,158.1,8.68,6.023
groundnut,Maharashtra,1036.0,28.5,61.6,6.5,81.2,6.08,4.069
rice,AP,1345.4,24.6,71.9,5.74,147.3,14.96,9.975
soybean,AP,1389.3,29.0,81.1,7.34,85.3,6.25,5.272
groundnut,MP,1038.2,30.0,40.8,6.34,82.0,4.1,3.672
groundnut,Maharashtra,1134.3,36.9,43.5,5.58,64.8,4.2,2.985
soybean,Karnataka,1120.3,26.5,75.5,6.51,129.5,5.52,5.757
wheat,Telangana,637.1,12.1,55.5,6.7,95.6,3.7,5.87
tomato,AP,1198.0,29.6,48.6,6.67,212.7,1.49,63.117
soybean,Karnataka,740.4,23.1,82.2,7.34,147.8,3.3,5.245
rice,Karnataka,1942.2,26.3,76.9,6.29,107.5,6.49,12.243
rice,AP,1618.7,30.8,64.4,6.26,127.8,14.45,11.176
wheat,MP,651.1,20.5,43.4,7.4,125.9,13.81,5.602
maize,MP,907.8,25.3,53.9,6.31,187.4,5.2,10.819
wheat,Telangana,957.1,23.0,66.9,6.36,99.1,9.5,7.735
maize,Maharashtra,785.1,20.1,67.7,6.77,171.7,13.76,10.806
tomato,Maharashtra,644.2,27.6,35.2,6.17,174.5,7.36,51.659
tomato,Maharashtra,922.8,23.7,79.9,5.72,226.2,2.81,60.954
soybean,Telangana,735.5,31.3,43.6,6.93,139.3,11.22,4.729
maize,Telangana,897.4,25.8,70.5,6.59,129.3,1.12,10.929
tomato,Telangana,1177.5,28.4,78.8,6.44,272.9,4.26,77.124
groundnut,AP,789.3,32.3,46.0,6.57,61.8,9.32,3.408
tomato,Karnataka,587.5,19.8,39.3,6.44,217.6,5.23,49.369
rice,Punjab,929.8,29.1,75.4,6.65,157.5,2.35,11.165
maize,Punjab,1195.8,30.9,68.2,6.58,129.4,11.01,11.123
groundnut,Telangana,1154.2,28.1,81.8,5.73,112.2,7.58,4.114
wheat,Karnataka,1020.5,11.9,71.8,6.98,109.6,3.99,7.065
cotton,MP,1092.2,39.3,39.6,7.99,125.4,2.86,3.375
maize,Punjab,965.8,30.9,42.2,6.83,150.3,10.22,10.378
groundnut,Karnataka,743.7,28.5,37.4,5.84,75.3,9.15,2.99
wheat,Punjab,492.4,18.0,75.5,6.77,107.2,3.21,6.137
wheat,Punjab,844.4,23.0,61.9,6.63,119.9,5.09,7.194
maize,AP,823.8,28.8,50.2,6.16,183.7,12.98,10.724
cotton,AP,793.8,30.0,59.5,7.69,110.9,9.91,3.184
cotton,AP,1378.3,28.7,72.4,6.17,145.6,4.77,5.257
cotton,Karnataka,785.8,36.6,75.0,7.93,100.7,3.81,3.211
rice,MP,1123.0,34.0,76.2,5.93,139.8,6.85,9.913
soybean,Punjab,1356.0,25.2,82.5,6.2,106.8,1.54,6.199
rice,Karnataka,1213.9,34.2,76.3,5.55,175.2,4.52,9.668
tomato,MP,1091.3,27.1,40.1,5.86,228.5,4.58,59.115
maize,Karnataka,1160.7,21.8,42.4,6.69,172.0,4.7,11.092
maize,Telangana,659.3,23.8,41.1,6.74,163.4,9.94,8.967
tomato,Maharashtra,692.2,20.9,84.9,6.01,291.4,10.44,66.501
wheat,Punjab,966.8,21.6,47.1,7.11,88.2,5.48,5.814
tomato,Maharashtra,403.7,21.6,33.9,6.44,168.0,12.51,39.876
tomato,Karnataka,1084.5,27.9,40.2,6.84,157.2,4.79,51.196
cotton,Punjab,795.3,26.8,48.4,7.04,123.8,9.64,3.636
wheat,Karnataka,516.1,18.2,37.8,6.09,168.1,10.27,5.917
rice,Maharashtra,1399.4,31.4,71.8,6.26,159.3,9.31,10.992
tomato,Karnataka,1031.4,29.4,34.7,6.07,236.6,5.7,58.549
wheat,Telangana,913.1,10.7,44.6,7.19,102.5,1.86,5.979
wheat,Maharashtra,763.6,16.9,71.4,7.0,105.4,2.72,7.276
cotton,Punjab,1312.4,35.8,41.9,6.72,89.8,13.04,4.012
soybean,Karnataka,1213.4,22.5,59.5,7.19,113.5,8.41,4.66
groundnut,Telangana,777.6,31.3,80.8,6.61,64.0,4.33,3.519
soybean,Punjab,643.5,27.8,48.5,7.06,145.0,4.23,4.516
tomato,Maharashtra,564.3,26.5,36.6,5.6,222.1,9.97,45.62
tomato,Telangana,439.1,21.8,32.1,6.09,187.2,5.12,40.498
wheat,Karnataka,1153.4,10.6,81.9,7.15,128.3,6.21,8.375
groundnut,Punjab,549.0,37.1,37.6,6.02,91.4,14.21,2.774
soybean,AP,959.9,22.6,66.2,6.46,149.8,13.87,5.647
tomato,AP,770.4,25.2,39.8,6.12,174.3,1.62,49.631
soybean,Maharashtra,659.6,25.5,44.9,7.11,91.0,3.86,3.827
rice,Telangana,1070.0,26.6,34.5,6.59,161.1,9.75,9.68
wheat,MP,980.9,21.0,57.0,6.33,170.3,10.34,8.425
wheat,Maharashtra,606.2,18.8,50.6,6.48,130.0,9.79,6.792
tomato,Karnataka,737.7,22.1,42.3,5.64,183.1,14.06,43.916
soybean,AP,724.9,20.9,57.4,6.88,93.1,5.87,4.062
wheat,Punjab,977.0,16.5,52.6,7.19,146.2,7.81,7.423
maize,Punjab,1161.6,33.6,80.0,6.01,168.3,5.18,11.996
tomato,AP,1103.6,21.0,66.3,5.53,170.4,14.68,53.278
wheat,AP,769.6,12.7,43.2,7.12,91.8,3.35,6.045
maize,Karnataka,558.2,28.5,34.0,6.76,133.2,3.22,8.21
rice,Telangana,1534.0,24.9,82.1,6.46,197.2,3.85,13.964
groundnut,MP,963.6,34.6,73.5,6.4,66.7,1.65,3.581
cotton,AP,1292.7,33.2,30.6,7.4,110.6,5.3,3.474
cotton,Maharashtra,1315.0,31.8,78.3,7.75,148.4,10.09,4.657
cotton,Telangana,1033.1,35.7,60.1,6.42,139.1,1.89,4.648
maize,Telangana,1120.9,26.2,37.1,5.97,189.0,3.26,10.539
cotton,Maharashtra,1194.1,34.5,68.0,6.84,111.7,11.23,4.745
cotton,Maharashtra,971.2,37.3,33.0,7.09,120.9,8.82,3.682
soybean,Punjab,1302.1,29.4,42.8,6.24,105.1,5.08,4.613
cotton,Karnataka,994.7,29.3,30.6,6.19,151.3,0.52,4.373
groundnut,Telangana,1197.8,34.5,83.5,5.52,73.6,12.22,3.393
cotton,Maharashtra,618.8,34.2,40.1,6.04,159.5,10.81,3.854
rice,AP,1448.1,23.0,34.7,6.65,158.5,12.8,10.531
wheat,Punjab,1136.4,11.2,56.8,6.18,178.8,3.95,8.596
cotton,Punjab,837.9,35.9,45.1,7.67,142.7,6.32,3.433
wheat,AP,523.7,17.3,30.1,6.72,169.9,11.21,5.603
cotton,Telangana,1429.4,31.9,70.9,7.32,157.8,1.48,5.168
cotton,Punjab,1235.3,35.5,70.6,7.99,117.6,1.21,3.761
groundnut,Karnataka,630.7,35.9,47.5,6.76,74.2,10.69,3.172
groundnut,Maharashtra,545.1,30.4,47.9,6.51,68.0,1.44,3.272
cotton,Telangana,1433.3,36.6,35.7,6.79,110.7,12.33,4.491
tomato,AP,767.1,21.2,49.2,6.15,183.9,9.96,52.71
groundnut,AP,671.8,35.0,32.3,6.71,75.0,3.46,2.808
maize,MP,953.2,29.6,50.5,6.85,172.5,13.07,11.128
tomato,MP,811.2,24.4,73.9,6.8,195.6,14.58,59.11
maize,Telangana,1141.8,31.4,53.7,6.78,212.3,14.78,12.403
maize,AP,1498.9,24.5,59.1,6.78,125.3,8.28,12.099
rice,MP,1713.2,27.6,33.7,6.59,149.1,13.41,11.084
rice,Telangana,1187.5,33.9,48.2,6.64,140.1,14.64,9.408
wheat,Punjab,857.2,17.9,66.0,6.97,133.8,13.66,7.796
groundnut,MP,996.5,37.1,81.3,6.79,77.7,1.53,4.071
maize,Telangana,1294.9,22.9,82.2,6.98,163.7,6.06,11.96
cotton,Karnataka,1005.3,35.1,33.8,6.37,112.1,9.17,4.185
wheat,Telangana,584.9,16.0,76.9,6.56,178.7,6.13,8.412
groundnut,Maharashtra,739.8,33.7,67.4,6.95,83.4,4.79,3.464
tomato,Punjab,762.5,29.3,52.1,6.87,188.1,9.83,48.186
rice,MP,1832.5,34.0,44.1,5.52,137.0,8.74,10.654
maize,AP,840.0,21.0,30.3,6.41,180.2,1.89,10.124
groundnut,AP,743.6,32.0,77.8,5.94,76.6,2.6,3.505
cotton,Punjab,1245.5,31.5,64.8,6.04,131.7,2.1,4.798
soybean,MP,893.1,22.3,41.3,6.35,142.4,13.25,4.96
maize,Maharashtra,677.7,28.2,52.6,6.51,183.5,1.2,10.566
tomato,Telangana,1166.0,25.2,75.9,5.53,165.9,12.53,54.416
soybean,Karnataka,1342.4,27.1,65.2,7.18,88.8,14.33,5.048
cotton,AP,1269.6,29.8,80.9,7.63,135.8,10.82,4.533
rice,Karnataka,1290.2,30.7,54.0,5.66,189.1,13.84,9.978
maize,MP,1356.5,27.8,65.9,6.08,121.4,7.65,11.475
wheat,Punjab,808.3,16.4,78.0,6.43,127.7,1.12,8.284
maize,AP,1493.3,29.0,45.2,6.2,142.3,1.23,11.144
wheat,Karnataka,697.5,13.0,68.2,6.82,177.4,7.63,7.815
wheat,MP,809.4,18.4,55.9,6.21,171.6,2.58,8.068
tomato,Telangana,753.2,21.2,64.0,5.59,260.0,14.6,57.11
groundnut,Maharashtra,1153.2,37.9,40.8,6.14,69.0,5.12,3.193
cotton,Maharashtra,877.0,25.1,53.6,6.71,89.3,3.35,3.927
soybean,Maharashtra,1406.1,23.9,71.7,6.57,134.8,12.08,6.54
cotton,AP,1030.5,34.9,80.4,7.65,110.0,5.2,3.902
groundnut,MP,1173.0,37.2,42.0,6.54,79.5,1.66,3.692
groundnut,Punjab,830.7,31.3,31.6,6.36,114.9,12.12,3.739
tomato,MP,995.9,29.4,42.8,5.96,163.4,3.72,49.421
groundnut,MP,990.7,29.5,67.7,6.18,93.5,3.96,3.831
wheat,AP,977.5,13.5,54.9,7.46,146.5,2.78,6.393
cotton,Maharashtra,786.5,30.4,82.8,6.98,156.7,11.66,4.725
soybean,Maharashtra,1498.2,30.6,59.4,6.12,109.8,2.3,5.461
wheat,Maharashtra,455.1,17.9,48.7,6.9,153.5,9.06,6.443
soybean,Maharashtra,1285.8,23.6,72.2,6.1,82.6,6.09,5.072
tomato,Maharashtra,879.1,24.0,47.5,6.43,170.6,5.92,52.527
soybean,AP,1123.3,28.8,42.4,6.36,98.5,10.48,4.543
groundnut,MP,1180.3,27.1,70.4,5.59,71.7,3.32,3.247
maize,Karnataka,1090.3,24.4,40.3,5.88,159.9,3.17,10.571
soybean,AP,1120.5,23.0,74.4,7.01,136.7,5.86,5.5
groundnut,AP,1055.6,25.8,50.5,6.41,110.2,7.1,3.921
tomato,Punjab,979.7,24.8,67.6,6.01,258.9,9.48,65.064
tomato,Punjab,707.6,28.4,48.8,5.74,282.6,2.31,51.606
wheat,Telangana,1073.1,13.1,45.8,7.48,170.0,13.45,7.422
tomato,MP,1190.4,26.3,33.4,6.9,167.7,5.01,51.923
groundnut,MP,902.5,34.7,36.5,6.96,112.7,5.41,3.181
groundnut,Karnataka,623.8,32.1,69.2,6.33,73.6,11.13,3.362
soybean,AP,991.1,28.4,75.7,7.07,133.3,3.87,5.164
groundnut,Karnataka,532.0,35.2,61.5,5.56,78.5,6.44,2.613
rice,Telangana,853.3,31.4,66.1,6.85,163.4,7.35,9.234
soybean,Telangana,607.0,24.1,53.7,7.13,147.2,5.8,3.881
wheat,Karnataka,924.5,16.8,53.9,6.93,104.0,3.55,6.259
groundnut,Telangana,1072.6,30.7,76.1,6.27,77.5,8.07,4.157
tomato,Telangana,1056.2,21.7,76.4,6.98,240.8,1.56,66.223
cotton,Telangana,721.1,25.2,63.5,6.88,83.2,9.32,3.884
groundnut,MP,541.8,26.4,78.2,6.72,104.6,2.22,3.577
wheat,Punjab,774.1,10.8,53.7,7.38,178.0,9.4,6.236
rice,Punjab,1347.3,32.6,78.4,5.53,158.2,3.65,9.965
rice,AP,1726.7,25.3,51.6,5.79,137.8,13.17,9.762
maize,Telangana,707.9,30.1,37.0,6.28,133.3,5.17,9.39
tomato,Punjab,420.4,21.1,68.8,5.74,293.5,3.88,54.849
tomato,MP,1197.6,21.4,63.5,5.63,253.6,15.0,61.46
wheat,Karnataka,743.1,20.1,45.0,7.23,131.4,3.55,6.46
cotton,Maharashtra,1325.3,25.5,52.6,7.19,149.9,4.41,4.59
wheat,MP,671.6,24.1,34.9,6.75,176.7,7.42,7.072
soybean,AP,757.8,23.1,76.6,7.12,91.5,2.41,4.235
maize,Telangana,1090.9,33.4,53.6,5.94,165.5,5.38,10.747
tomato,Maharashtra,702.6,29.1,80.2,6.43,240.5,8.62,67.309
groundnut,Karnataka,532.6,32.9,74.4,6.06,104.8,8.51,3.283
groundnut,Karnataka,1176.0,28.9,60.7,5.83,72.7,14.27,3.694
wheat,Telangana,642.7,19.6,38.8,6.94,139.7,9.7,6.187
soybean,Karnataka,1490.3,24.2,70.3,7.45,86.7,2.16,4.887
soybean,Maharashtra,1113.8,27.1,62.6,7.16,123.1,13.73,4.652
cotton,Maharashtra,960.0,35.7,35.8,6.09,90.3,8.99,3.537
rice,Maharashtra,999.5,29.7,61.8,6.64,133.2,1.92,9.557
rice,MP,1974.3,32.1,34.8,5.53,154.3,13.48,10.147
rice,Punjab,1966.8,29.9,51.3,6.28,151.9,7.3,12.447
cotton,Punjab,969.4,31.9,39.2,7.93,146.5,12.08,3.436
soybean,Telangana,1353.4,31.7,77.3,6.13,137.0,2.22,6.244
wheat,Karnataka,745.8,20.0,82.4,6.8,85.5,11.99,6.712
soybean,Maharashtra,1483.5,28.8,35.9,6.71,122.8,8.63,5.358
cotton,Punjab,1387.0,35.9,61.5,6.5,151.1,9.29,5.373
cotton,MP,1372.0,39.0,46.6,7.55,155.3,12.99,4.059
groundnut,Telangana,978.9,28.7,52.0,5.54,72.0,2.93,3.059
maize,AP,1233.8,22.9,34.7,6.13,214.4,8.44,12.213
maize,Maharashtra,1027.9,27.9,69.4,6.71,155.9,8.88,11.602
wheat,Punjab,708.2,23.5,66.0,7.23,143.8,1.73,6.319
soybean,Telangana,940.8,20.3,59.8,7.1,135.4,6.34,4.912
cotton,Karnataka,773.3,31.6,81.7,6.05,93.1,8.88,4.061
cotton,Karnataka,662.6,33.8,52.1,7.22,85.0,6.5,3.515
wheat,Telangana,846.2,15.2,38.9,6.62,159.8,9.48,6.744
tomato,MP,654.1,25.0,35.2,6.23,200.1,8.61,48.109
tomato,MP,1185.7,21.8,77.6,6.38,190.8,4.61,69.479
groundnut,AP,1071.3,28.4,84.4,6.74,102.1,14.06,4.108
tomato,Punjab,999.9,24.8,30.1,6.39,165.2,1.2,50.21
maize,Karnataka,1448.5,30.5,32.0,6.13,213.9,14.7,12.023
maize,Punjab,1253.8,20.7,32.8,6.92,130.9,13.39,9.83
groundnut,Maharashtra,620.9,25.9,40.3,6.7,69.4,14.69,3.208
rice,Maharashtra,1728.3,32.3,71.7,6.17,132.2,12.0,11.067
groundnut,Karnataka,986.1,28.5,60.5,6.87,77.9,12.5,3.766
tomato,AP,862.8,20.8,42.7,5.52,254.2,12.94,54.933
rice,Maharashtra,1735.3,30.4,82.1,6.91,198.2,12.45,12.928
wheat,AP,930.7,11.6,37.6,6.41,80.6,6.87,6.489
cotton,Telangana,1450.9,40.0,43.8,7.95,112.8,11.5,3.518
groundnut,Maharashtra,1064.5,31.9,57.9,6.69,76.6,8.68,3.865
soybean,MP,1009.0,22.2,53.8,6.29,87.0,1.6,4.728
rice,Maharashtra,1806.3,34.7,37.4,6.52,190.2,12.53,12.226
maize,Telangana,639.0,22.7,38.1,6.76,163.9,1.95,8.289
wheat,Maharashtra,1038.4,15.5,60.5,6.24,120.4,0.93,7.222
soybean,AP,644.9,30.8,43.8,7.04,145.8,10.58,4.572
wheat,Telangana,568.3,14.1,70.4,6.85,124.7,5.99,6.689
groundnut,MP,512.2,33.4,73.5,6.31,92.6,5.95,3.604
rice,Punjab,1934.6,22.2,57.6,6.84,168.1,8.95,12.016
rice,Punjab,1721.1,24.9,68.1,6.95,163.6,3.66,12.146
groundnut,AP,1178.7,34.7,37.8,6.24,96.0,12.29,3.721
groundnut,Punjab,748.2,37.9,48.3,6.94,98.4,11.42,3.259
maize,Punjab,1306.3,25.3,82.1,6.77,212.3,10.41,14.818
groundnut,AP,962.6,25.3,64.7,5.87,86.2,2.99,3.502
wheat,Telangana,984.1,19.4,54.3,7.09,159.2,8.04,8.076
cotton,Punjab,737.4,36.5,71.7,6.87,94.2,13.77,3.768
soybean,MP,1031.7,27.0,68.5,7.31,101.6,12.99,4.468
groundnut,Karnataka,1188.3,27.9,51.9,5.6,76.3,6.89,3.149
wheat,MP,1119.6,15.0,32.3,7.27,89.3,7.81,5.855
wheat,Telangana,593.2,20.6,60.6,6.45,84.5,12.61,6.207
soybean,Maharashtra,1155.6,30.8,70.3,7.18,93.6,7.78,4.781
tomato,Maharashtra,855.9,23.9,79.2,6.28,281.8,7.08,73.988
tomato,Maharashtra,812.1,24.2,45.3,6.93,247.4,8.21,58.687
cotton,AP,760.0,25.5,33.4,6.68,114.2,12.32,3.941
rice,MP,1302.2,33.1,78.8,6.35,170.9,14.96,11.649
tomato,AP,647.3,19.2,74.6,5.58,237.1,1.02,54.683
rice,Maharashtra,1871.0,23.9,49.0,6.35,197.1,11.26,12.989
rice,AP,965.1,26.0,40.7,6.44,188.5,11.1,9.981
tomato,Maharashtra,477.7,19.4,61.5,6.38,296.9,14.26,56.171
maize,Punjab,1197.4,25.5,54.2,6.84,122.9,7.91,9.685
cotton,AP,1358.1,32.1,84.1,7.93,134.4,8.22,4.358
soybean,Telangana,933.4,31.5,59.8,7.2,110.9,9.31,4.191
soybean,Maharashtra,669.0,31.2,64.8,6.9,145.2,6.75,5.013
wheat,AP,1165.2,17.0,72.2,7.43,168.1,7.28,8.167
soybean,Telangana,1354.2,26.5,58.2,7.11,135.3,8.28,5.274
rice,MP,812.1,33.3,33.7,5.54,145.8,14.55,6.844
tomato,Maharashtra,888.7,22.7,42.3,6.27,264.3,6.9,58.601
maize,AP,1007.4,31.1,59.7,6.97,123.7,7.02,10.396
maize,Telangana,663.6,24.3,84.7,6.74,166.0,6.1,10.216
wheat,Punjab,1137.8,21.2,83.1,6.5,150.0,1.57,9.511
tomato,Telangana,560.5,28.4,59.9,5.77,196.2,9.51,46.41
groundnut,Telangana,1175.8,28.9,72.4,5.87,102.6,6.51,4.226
wheat,Maharashtra,1023.1,20.1,41.3,7.31,164.4,12.57,7.108
groundnut,Telangana,898.9,33.3,48.2,5.66,62.4,12.41,2.881
soybean,Maharashtra,801.1,30.0,54.9,6.34,137.1,7.22,5.022
soybean,MP,730.0,27.6,70.4,7.28,86.7,11.27,4.029
soybean,Karnataka,1301.3,26.5,79.2,6.39,104.8,1.31,5.523
cotton,Maharashtra,1396.1,37.8,56.2,7.2,101.8,6.42,4.5
soybean,Telangana,1342.6,31.0,31.9,6.06,132.1,6.95,5.31
cotton,Karnataka,1338.8,30.1,67.6,6.69,97.8,1.61,4.793
groundnut,Telangana,686.8,28.0,54.5,5.59,71.4,7.8,2.987
tomato,MP,421.9,18.0,79.6,5.92,287.1,8.02,54.551
groundnut,AP,1169.8,25.1,51.5,5.63,100.5,12.38,3.443
groundnut,Punjab,898.7,37.8,69.3,5.83,119.2,12.48,3.587
maize,Maharashtra,800.4,20.9,35.8,6.25,218.1,8.65,10.256
rice,Punjab,1725.3,23.4,83.3,5.84,100.8,9.09,10.609
cotton,AP,861.0,26.4,43.3,7.82,128.3,6.58,3.557
wheat,Telangana,558.3,17.2,69.3,6.67,131.7,10.39,6.769
groundnut,MP,665.5,33.1,34.0,5.67,67.6,10.56,2.977
groundnut,MP,823.2,37.8,84.6,6.18,66.7,0.83,3.586
groundnut,Maharashtra,716.4,31.5,60.6,6.34,74.4,11.46,3.266
rice,MP,1784.7,31.4,34.0,6.81,117.0,2.23,9.42
tomato,Karnataka,826.5,29.7,32.1,6.04,293.8,13.94,55.826
tomato,Telangana,704.6,26.0,69.7,6.96,241.0,1.78,56.465
maize,Telangana,1428.5,28.7,32.3,6.73,169.5,2.75,11.335
tomato,Telangana,1087.0,24.7,55.5,6.07,211.5,1.57,59.051
rice,Maharashtra,1822.0,31.7,44.2,6.35,148.1,7.33,12.051
tomato,Telangana,1078.1,29.0,80.4,6.31,182.2,3.25,65.734
soybean,Punjab,1254.3,31.1,35.1,6.96,146.6,1.38,5.102
cotton,Telangana,1124.7,31.1,34.3,7.46,100.9,5.5,3.506
wheat,Telangana,940.4,18.3,62.6,6.21,170.9,7.14,8.125
cotton,Telangana,861.6,31.3,35.7,6.89,152.8,4.56,4.253
maize,MP,1198.3,29.5,60.6,6.93,199.6,3.61,13.002
groundnut,Telangana,923.8,31.8,38.6,5.53,64.3,1.29,2.699
maize,Punjab,1137.4,28.0,45.3,6.52,167.2,14.32,11.527
soybean,Karnataka,1357.2,22.4,84.9,7.08,111.2,9.37,5.241
wheat,Maharashtra,735.6,11.0,76.9,6.43,114.3,12.65,7.457
maize,Karnataka,820.1,20.3,42.1,6.7,215.1,5.46,10.642
maize,Karnataka,1430.0,20.1,40.2,6.5,207.1,9.05,13.058
tomato,Punjab,1013.3,19.6,65.5,5.97,154.0,12.18,53.022
maize,Punjab,1133.1,34.3,80.4,5.9,178.2,0.64,11.745
rice,Karnataka,1901.1,27.2,39.6,5.67,121.5,5.66,10.457
wheat,Karnataka,1064.7,24.0,78.6,7.31,132.2,13.85,7.274
maize,Punjab,979.1,34.2,36.2,6.47,186.8,2.58,10.533
tomato,Telangana,1161.0,22.3,63.9,6.82,168.0,9.21,57.329
wheat,Maharashtra,523.0,10.6,76.4,6.8,132.9,14.26,6.732
groundnut,Punjab,1151.0,34.4,66.7,5.9,115.7,6.5,3.857
rice,Telangana,1662.8,32.7,82.6,6.59,122.9,0.87,12.806
rice,Karnataka,1112.1,22.6,78.5,6.11,162.3,14.85,10.638
wheat,Punjab,1074.9,17.0,51.3,7.18,128.3,8.13,7.455
groundnut,MP,1008.8,29.6,83.7,6.36,114.6,3.8,4.556
maize,Punjab,708.1,28.2,69.8,6.81,195.0,4.6,10.688
tomato,Telangana,529.4,22.2,41.0,6.96,288.0,11.02,51.661
soybean,MP,665.1,21.3,47.7,6.97,132.9,7.6,4.271
tomato,MP,1156.4,21.7,83.7,6.71,239.1,7.43,74.26
wheat,Karnataka,762.3,21.6,64.2,7.25,160.5,4.57,7.376
soybean,Punjab,635.4,29.6,35.4,7.17,126.9,14.96,4.007
tomato,Telangana,719.0,19.0,78.3,6.04,235.6,4.6,60.961
soybean,Telangana,1435.2,28.1,62.9,7.2,83.5,8.15,4.715
groundnut,Punjab,994.5,25.4,37.7,6.35,70.2,9.54,3.202
soybean,Maharashtra,996.8,24.3,83.0,6.97,112.9,5.61,5.016
groundnut,MP,886.8,29.3,30.3,6.21,76.8,3.63,3.256
groundnut,MP,1039.7,28.6,43.0,6.11,62.2,11.8,3.065
soybean,AP,1335.1,22.5,60.9,6.5,126.5,7.18,5.967
soybean,Telangana,711.1,22.9,64.3,6.44,92.8,4.76,4.327
cotton,Maharashtra,1266.7,36.9,73.2,6.35,154.9,12.92,5.609
rice,Maharashtra,972.0,26.0,37.9,5.6,109.1,10.83,7.922
maize,Karnataka,946.3,31.7,81.4,6.66,180.7,6.62,12.611
cotton,Telangana,942.1,37.6,67.3,6.52,103.1,3.58,4.308
groundnut,MP,552.7,31.7,39.6,5.62,82.7,9.92,2.469
tomato,Punjab,576.5,23.6,74.1,6.5,207.7,11.21,59.67
groundnut,Maharashtra,1088.3,29.3,72.2,6.62,109.0,6.15,4.132
cotton,Punjab,1224.9,27.8,51.8,6.06,149.2,4.33,4.407
tomato,Maharashtra,787.0,26.4,48.1,6.78,179.3,6.83,54.033
wheat,Karnataka,857.9,24.3,82.8,6.51,144.0,12.07,8.907
maize,AP,860.4,27.8,39.1,5.84,151.3,2.51,8.648
wheat,AP,1041.8,13.0,43.3,6.8,154.9,13.9,7.464
cotton,Maharashtra,1202.3,29.3,63.3,7.36,133.3,10.82,4.51
tomato,Maharashtra,1183.2,28.3,62.5,6.62,153.9,10.74,59.129
maize,Karnataka,500.7,25.3,81.0,5.94,208.3,4.21,10.808
wheat,Maharashtra,1187.1,18.5,68.3,6.75,130.0,14.34,8.118
tomato,Maharashtra,416.3,24.7,84.6,6.89,257.0,13.69,56.994
groundnut,Punjab,840.6,33.2,55.5,5.67,96.5,9.82,2.919
tomato,AP,692.8,20.3,78.9,6.51,196.0,3.39,60.5
maize,Karnataka,1071.5,23.0,47.5,6.33,187.6,2.15,10.867
rice,Punjab,1807.4,23.6,64.8,6.16,144.5,5.35,12.095
maize,Karnataka,512.0,21.8,38.0,6.48,141.6,5.2,8.233
tomato,Telangana,450.1,27.0,32.9,6.07,251.3,13.85,46.408
wheat,Punjab,575.0,19.7,56.7,7.38,124.6,3.95,5.432
groundnut,Telangana,514.4,25.5,48.2,6.52,100.9,13.34,3.156
cotton,Maharashtra,956.2,36.0,31.6,7.49,148.9,3.16,3.344
tomato,Maharashtra,815.6,25.6,62.3,6.54,248.2,2.76,66.569
wheat,Punjab,608.2,23.8,43.9,7.14,135.3,2.11,6.164
groundnut,Maharashtra,726.8,34.6,34.1,6.42,106.8,5.12,3.28
groundnut,Maharashtra,730.8,31.5,50.2,5.92,86.7,11.16,3.387
maize,AP,825.5,20.3,33.6,5.93,146.5,9.24,8.964
groundnut,MP,570.6,35.7,65.4,5.68,100.2,13.59,3.012
groundnut,MP,1138.1,35.2,78.6,6.58,92.0,7.02,4.203
soybean,MP,1353.8,23.4,63.5,6.08,88.8,9.3,5.279
cotton,AP,1126.4,36.7,47.1,7.51,100.6,7.44,3.439
soybean,Karnataka,867.7,25.7,55.5,6.16,88.8,11.1,4.413
groundnut,Punjab,769.0,27.5,55.6,5.72,107.5,11.96,3.48
cotton,Punjab,774.5,32.7,59.8,6.89,113.9,14.74,3.939
tomato,Karnataka,800.7,28.8,76.9,6.91,174.5,7.48,54.606
wheat,Maharashtra,1028.0,11.4,78.1,7.32,147.1,14.92,7.412
soybean,MP,829.5,27.5,81.8,6.67,113.7,10.74,5.229
maize,Telangana,1003.9,27.0,45.6,6.75,203.3,12.41,11.57
maize,Punjab,797.9,32.8,38.4,6.3,219.1,7.22,10.397
wheat,AP,739.1,19.8,50.5,6.41,85.1,12.91,6.568
tomato,MP,692.1,24.0,83.0,7.0,227.8,0.74,59.002
groundnut,Karnataka,1061.8,31.9,63.7,6.09,92.3,2.67,3.516
groundnut,MP,563.9,27.1,79.2,5.74,82.4,3.49,3.024
groundnut,MP,1021.4,28.6,43.1,6.79,60.1,1.18,3.308
tomato,Maharashtra,545.1,20.8,55.2,6.48,220.3,11.64,51.984
cotton,Punjab,913.6,39.4,63.5,6.02,104.4,11.85,4.178
cotton,Punjab,701.5,36.2,42.3,6.5,80.1,0.95,3.723
groundnut,AP,623.3,35.3,67.1,5.59,113.0,5.87,3.262
soybean,Maharashtra,924.4,25.3,34.9,7.24,103.7,13.71,3.84
rice,AP,1046.6,27.8,75.2,6.35,171.5,11.52,12.118
cotton,Punjab,1242.6,35.1,35.6,7.16,148.9,4.86,4.218
soybean,AP,1462.7,20.9,79.4,6.51,144.8,13.05,6.911
groundnut,MP,716.9,27.6,57.4,6.71,108.3,8.14,3.535
maize,MP,869.2,31.7,68.3,6.07,198.7,10.35,12.04
wheat,AP,943.3,24.8,80.8,6.0,131.0,13.02,7.938
maize,MP,1029.6,20.1,72.1,6.75,150.9,14.2,11.057
cotton,Telangana,1089.6,25.1,79.4,6.78,152.5,3.46,5.131
cotton,AP,1104.3,37.8,73.9,7.06,157.5,14.32,4.982
tomato,Telangana,603.1,20.8,52.5,6.8,162.7,12.4,47.235
rice,AP,966.5,28.3,80.4,6.22,132.4,9.97,10.385
rice,Maharashtra,1114.3,35.0,60.9,6.81,154.6,0.6,9.846
soybean,Telangana,1325.7,20.4,34.8,6.26,137.5,14.16,5.148
maize,Punjab,1230.4,26.0,43.3,6.48,149.3,5.2,11.911
rice,Punjab,1437.7,31.7,51.3,5.52,190.0,13.1,9.598
tomato,Maharashtra,409.0,25.7,72.8,5.7,273.5,7.75,50.223
cotton,Karnataka,740.6,27.9,79.0,7.25,159.3,9.1,4.393
maize,MP,920.1,33.6,64.9,6.08,129.8,1.89,9.91
cotton,AP,981.2,33.2,50.7,7.98,97.7,2.42,3.433
maize,Karnataka,1120.9,28.1,53.9,6.01,160.6,14.75,11.014
rice,MP,1654.0,22.8,37.4,6.89,146.6,6.67,10.693
wheat,Karnataka,604.7,19.5,64.7,7.36,118.9,4.04,6.657
soybean,Punjab,1127.2,20.6,50.3,7.09,126.9,6.46,4.941
maize,MP,1084.7,25.7,67.4,5.92,137.4,0.74,10.488
rice,Punjab,1505.5,22.6,32.0,5.86,159.4,11.81,9.661
cotton,Karnataka,1012.7,35.7,71.9,6.45,88.8,14.39,4.53
wheat,Punjab,786.0,18.0,82.1,6.72,124.2,7.46,7.832
rice,AP,817.6,30.6,52.5,5.5,106.3,12.69,6.991
rice,MP,1465.5,30.8,80.1,5.84,151.2,7.93,11.239
cotton,Punjab,1157.0,29.6,42.0,6.56,107.3,11.48,4.179
wheat,AP,1094.2,13.3,51.5,6.08,155.7,12.46,7.978
groundnut,MP,772.2,29.0,67.5,5.7,75.1,6.1,3.376
maize,Punjab,1049.1,23.7,53.7,6.43,122.4,8.8,10.111
wheat,Karnataka,456.4,15.2,55.3,7.47,115.4,9.97,5.132
groundnut,Maharashtra,1100.3,35.3,63.9,6.93,73.8,13.36,3.683
groundnut,Telangana,807.5,37.7,31.7,6.07,104.4,10.58,3.14
wheat,AP,706.2,10.3,69.7,6.04,169.2,2.05,7.466
cotton,Punjab,751.1,31.4,48.2,7.29,102.7,2.27,3.452
tomato,Maharashtra,867.1,19.4,67.3,6.42,209.7,5.07,64.778
maize,Karnataka,1256.9,22.0,60.9,6.96,204.4,13.41,12.891
cotton,AP,651.8,26.9,45.8,6.9,96.9,9.89,3.638
tomato,Punjab,535.2,18.9,64.0,5.85,158.7,12.04,40.034
cotton,Telangana,948.4,37.2,57.6,6.45,89.5,9.87,4.406
rice,MP,1313.8,25.1,45.5,6.64,187.3,1.88,11.264
groundnut,Karnataka,565.9,32.7,39.3,6.09,89.8,9.91,2.699
soybean,Telangana,1404.9,29.3,33.7,6.34,141.5,6.5,5.582
soybean,Karnataka,1431.8,20.5,62.0,6.23,144.1,12.03,5.968
wheat,MP,725.3,21.7,61.0,7.06,99.2,11.27,6.255
cotton,Punjab,1140.0,36.1,45.0,6.11,138.5,8.79,4.503
cotton,Maharashtra,1314.7,38.4,77.0,7.46,91.9,9.47,4.11
rice,Maharashtra,1905.6,25.2,71.3,5.86,151.3,6.98,11.761
rice,AP,892.2,23.4,45.1,6.9,170.3,5.25,9.707
maize,AP,575.1,31.1,76.5,6.01,200.5,9.76,10.335
soybean,MP,867.2,21.2,65.6,7.34,127.4,1.35,4.586
groundnut,Telangana,1028.4,26.3,32.1,6.82,92.2,9.83,3.141
groundnut,Punjab,1153.5,29.2,81.1,6.24,67.7,5.12,4.068
tomato,Telangana,782.7,18.5,37.0,5.88,160.1,2.13,47.793
wheat,Punjab,1014.7,23.0,60.2,6.51,146.0,4.54,8.334
cotton,AP,1464.6,36.9,66.6,6.29,139.1,9.87,5.26
cotton,Karnataka,1366.7,32.3,53.7,6.32,146.0,6.16,5.132
wheat,MP,1006.9,10.9,62.4,7.15,153.4,5.41,7.088
rice,Telangana,898.2,30.7,77.3,6.2,143.8,0.84,9.642
maize,Telangana,621.4,20.5,44.9,6.13,218.8,10.12,10.072
maize,Telangana,791.8,32.7,47.0,7.0,178.9,10.27,9.324
maize,Punjab,671.4,26.8,77.3,6.18,148.3,6.61,10.664
soybean,AP,806.9,26.2,33.0,6.61,100.6,8.05,3.86
wheat,AP,1081.1,13.5,52.5,6.9,165.6,14.02,7.975
tomato,Telangana,544.4,20.4,32.9,6.86,289.7,9.11,52.375
soybean,Punjab,951.5,27.6,36.6,7.42,91.9,0.98,3.49
wheat,Punjab,1059.6,20.5,62.3,6.58,118.5,6.26,7.66
soybean,Telangana,698.9,27.7,69.4,6.2,117.8,2.9,4.572
cotton,Telangana,1481.3,26.1,59.7,6.43,140.5,5.25,5.57
maize,Maharashtra,780.5,26.4,35.9,6.01,216.4,14.79,9.882
rice,Telangana,1191.6,29.0,65.3,6.39,156.5,14.13,11.321
cotton,Maharashtra,871.0,25.6,48.4,6.29,88.5,9.34,3.912
soybean,Punjab,630.2,24.7,73.6,6.16,86.8,6.68,4.289
wheat,AP,618.2,13.8,74.8,6.38,141.6,7.06,7.613
tomato,MP,726.8,19.2,78.2,5.9,154.3,9.31,49.423
rice,Maharashtra,1425.9,29.8,35.0,6.55,190.8,5.3,11.033
tomato,Karnataka,747.1,20.3,70.1,6.9,165.7,9.57,51.132
rice,Telangana,1656.2,28.6,58.5,6.5,111.1,6.19,11.301
soybean,MP,1279.2,24.0,49.2,6.44,99.0,5.68,5.145
maize,Punjab,1167.5,20.7,71.3,6.2,148.0,2.62,11.076
rice,AP,1713.2,28.2,42.6,5.74,104.7,14.21,8.944
maize,MP,940.2,27.2,78.4,6.88,179.1,7.63,12.054
soybean,AP,1201.6,21.9,48.3,6.97,106.8,10.24,4.575
rice,Telangana,1578.9,34.5,63.7,6.55,164.1,6.28,12.066
wheat,AP,634.5,12.2,48.0,6.19,143.5,4.49,6.949
groundnut,Punjab,518.0,28.2,60.0,6.01,102.5,12.91,3.004
wheat,AP,1161.4,17.5,45.9,6.75,172.3,5.32,8.054
rice,Karnataka,1742.2,31.1,77.5,6.68,157.5,8.48,13.08
tomato,Karnataka,922.9,20.9,84.1,5.56,187.9,3.17,51.07
maize,Maharashtra,1368.1,31.0,40.6,5.83,188.7,6.63,11.446
wheat,Maharashtra,1046.8,21.7,68.5,6.62,130.1,0.95,8.445
maize,Maharashtra,749.4,34.7,47.8,6.02,211.4,11.57,10.864
tomato,AP,615.6,19.2,68.2,6.8,194.4,12.39,51.991
maize,MP,810.1,26.7,53.9,6.6,195.4,5.8,10.795
cotton,Maharashtra,923.8,39.1,70.6,6.92,157.1,12.53,4.799
wheat,MP,765.2,11.2,35.5,7.05,87.5,3.34,5.759
rice,AP,1974.4,25.2,74.1,6.41,184.7,1.81,14.399
soybean,Karnataka,963.4,22.4,31.4,7.31,129.3,0.64,3.922
wheat,Maharashtra,931.0,24.1,30.3,7.43,145.9,5.71,6.067
rice,Telangana,1399.0,29.8,36.0,6.94,188.5,4.36,10.446
wheat,AP,937.6,17.1,67.3,6.3,168.9,2.95,8.64
maize,MP,804.2,33.2,66.4,6.46,177.9,4.85,11.978
soybean,Punjab,630.9,20.5,51.3,6.64,126.2,14.99,4.354
cotton,Karnataka,771.1,38.3,53.1,6.29,118.3,10.15,4.012
rice,Punjab,1589.8,31.2,55.6,6.99,138.7,12.17,10.337
maize,Telangana,1343.1,20.8,34.3,6.0,130.2,0.87,9.714
wheat,Punjab,501.2,19.9,53.0,6.34,81.9,5.0,5.652
groundnut,Punjab,811.7,33.7,58.5,6.42,116.2,7.35,3.962
groundnut,AP,843.8,30.5,82.1,6.49,115.1,2.93,4.186
groundnut,MP,629.0,31.1,80.7,6.52,93.9,1.08,3.773
groundnut,Maharashtra,952.9,37.6,68.0,6.43,82.8,10.06,3.821
maize,Maharashtra,967.3,31.1,54.8,6.4,198.0,14.76,11.573
soybean,AP,914.2,22.9,64.7,7.01,106.4,11.8,4.57
groundnut,Punjab,1179.5,25.3,64.1,5.89,92.9,4.48,3.759
soybean,Maharashtra,1457.2,24.7,33.5,7.44,99.5,11.7,4.407
tomato,AP,793.7,18.9,76.7,6.48,177.3,4.47,57.9
maize,Karnataka,621.7,24.7,47.0,6.59,135.7,10.69,9.497
maize,Punjab,591.0,28.7,55.3,5.98,145.2,2.09,9.022
wheat,AP,742.9,23.1,56.4,7.44,97.3,1.37,5.973
groundnut,AP,907.0,27.7,74.3,6.7,62.2,0.89,3.573
cotton,Punjab,1249.7,29.2,32.7,7.02,153.2,12.26,4.43
maize,AP,626.8,21.8,79.3,6.99,138.0,14.87,10.151
rice,Maharashtra,1271.2,24.1,72.9,6.15,177.2,3.84,10.915
soybean,Maharashtra,639.6,28.8,79.8,6.07,138.7,4.81,4.905
rice,AP,1598.0,24.7,65.4,6.04,178.3,5.23,11.602
rice,MP,1718.4,29.7,74.2,5.86,100.0,12.43,10.243
wheat,Punjab,1056.8,15.8,75.4,6.3,138.8,1.21,8.595
rice,AP,1571.8,29.8,37.2,6.48,163.1,3.91,11.03
wheat,AP,932.3,13.6,44.3,6.9,133.4,7.21,6.942
wheat,MP,1161.4,16.2,77.7,7.32,124.8,2.4,8.115
rice,Maharashtra,1336.4,30.9,60.5,5.86,159.6,5.12,10.559
maize,Maharashtra,580.9,22.6,61.6,6.37,209.2,12.71,11.396
rice,MP,1778.2,27.2,80.6,6.34,117.6,10.67,12.316
cotton,Punjab,787.1,26.0,74.1,6.67,121.3,6.27,4.332
maize,Maharashtra,836.2,34.7,62.4,6.01,195.3,3.88,10.195
rice,Karnataka,1337.0,30.9,76.2,6.49,111.1,10.38,10.774
soybean,Karnataka,600.2,28.4,42.8,6.84,94.7,12.26,4.172
groundnut,Telangana,989.0,30.9,61.1,5.86,118.2,2.4,3.483
wheat,Punjab,1146.8,23.2,71.9,6.3,115.2,3.52,8.053
tomato,Maharashtra,959.8,25.8,83.1,6.56,256.0,5.52,72.918
wheat,AP,851.1,21.9,30.8,7.11,146.1,1.62,6.398
soybean,Maharashtra,1420.6,27.2,64.3,6.35,102.4,9.16,5.693
wheat,Karnataka,1128.8,14.6,79.6,6.76,93.2,11.37,8.069
groundnut,AP,978.3,27.4,63.4,5.96,89.2,13.93,3.862
rice,AP,982.8,33.2,46.1,6.13,173.2,5.34,9.02
maize,MP,907.8,27.2,75.1,6.92,187.0,2.18,11.417
groundnut,Telangana,842.2,30.8,83.2,5.82,78.0,4.69,3.351
rice,MP,1443.5,30.7,32.0,6.59,175.4,6.21,10.707
groundnut,Maharashtra,525.8,36.5,74.1,6.77,75.1,12.05,3.272
tomato,MP,725.2,23.6,60.1,6.57,205.4,4.9,59.126
groundnut,Maharashtra,1006.1,32.3,57.0,6.71,86.6,10.21,3.475
cotton,Karnataka,947.3,34.4,62.9,6.06,115.0,14.53,4.136
cotton,Karnataka,650.8,28.6,44.2,7.55,89.9,14.19,3.131
groundnut,Maharashtra,1047.3,36.2,58.4,6.62,67.2,6.94,3.783
soybean,Telangana,654.3,23.3,65.6,6.34,142.1,8.63,4.812
tomato,AP,799.9,27.7,31.0,6.48,245.6,5.1,58.198
groundnut,Telangana,1192.5,30.3,52.0,6.52,71.6,7.63,3.981
groundnut,MP,1134.8,34.3,45.8,5.93,68.1,9.53,3.302
tomato,Karnataka,599.5,22.1,42.9,6.45,187.0,4.65,51.682
wheat,Karnataka,763.8,16.8,82.7,6.81,143.5,9.96,7.989
groundnut,Punjab,548.9,26.7,73.9,6.37,83.7,8.38,3.63
soybean,Karnataka,1475.1,21.8,46.8,6.59,126.5,4.37,5.701
wheat,MP,1176.0,13.8,37.4,6.63,99.7,9.21,7.505
rice,Karnataka,1249.6,23.1,55.2,6.6,100.6,9.67,9.01
wheat,Maharashtra,659.2,12.0,47.8,6.83,81.9,11.38,5.727
cotton,Maharashtra,781.2,33.7,37.1,6.78,141.9,6.84,3.797
wheat,AP,961.1,14.1,78.1,6.35,110.3,8.01,8.405
tomato,Punjab,1019.6,20.5,62.1,6.12,235.2,1.5,62.075
rice,Telangana,1660.9,34.9,70.0,6.18,114.1,11.78,11.398
wheat,Punjab,659.8,11.1,33.4,7.21,179.7,6.77,5.976
wheat,Karnataka,797.0,13.7,34.5,6.0,169.9,14.48,6.26
soybean,Maharashtra,962.2,25.3,70.0,6.74,126.3,11.76,5.481
groundnut,MP,1085.8,30.0,56.2,6.29,86.0,4.64,3.909
groundnut,Telangana,573.4,30.9,37.3,5.69,74.7,2.08,2.669
wheat,MP,915.2,22.7,59.1,6.83,126.3,5.14,7.647
wheat,MP,1117.7,21.7,84.2,6.69,175.4,7.65,9.68
groundnut,Maharashtra,989.7,34.2,34.8,6.55,111.3,2.07,3.366
maize,Karnataka,1453.9,27.0,79.7,6.95,213.8,13.69,14.53
groundnut,AP,1055.4,31.3,48.6,5.71,113.1,10.63,3.602
cotton,Punjab,1050.1,37.2,33.9,6.31,158.2,8.24,4.298
soybean,Karnataka,1473.1,31.5,50.1,6.33,95.8,5.0,5.242
groundnut,Punjab,923.7,35.5,45.3,6.91,64.1,4.2,2.99
wheat,Punjab,1161.7,16.6,69.9,6.83,154.9,8.95,8.158
cotton,Telangana,1161.8,38.1,75.1,6.61,90.6,6.05,4.885
tomato,Karnataka,804.1,28.7,72.0,6.82,262.4,13.52,66.498
soybean,Telangana,949.0,30.1,66.1,6.57,138.2,7.89,5.499
cotton,Karnataka,1220.0,34.3,53.7,6.88,99.2,13.16,4.269
rice,Maharashtra,1929.7,26.0,81.9,6.08,101.9,5.28,12.067
rice,AP,1479.4,24.3,60.7,6.25,191.8,4.2,11.994
maize,Maharashtra,542.6,29.1,31.6,6.43,198.3,11.82,8.511
maize,Punjab,660.1,28.1,60.4,6.19,172.7,1.8,10.236
wheat,MP,1072.2,15.6,65.4,6.06,159.4,12.13,8.079
wheat,AP,1006.7,19.0,39.1,7.48,111.6,11.19,6.284
wheat,AP,1168.8,24.8,63.9,7.39,174.5,10.54,8.21
rice,MP,1808.4,34.5,56.6,5.82,107.8,11.98,9.857
wheat,AP,957.5,22.3,63.3,6.26,145.2,2.72,8.413
soybean,Telangana,1119.4,20.1,40.6,7.07,109.0,11.41,4.366
maize,Karnataka,717.5,20.2,46.0,6.3,126.4,9.83,8.453
soybean,Karnataka,1064.6,30.6,37.0,6.35,98.5,12.38,4.393
maize,Punjab,847.9,34.7,37.8,6.91,217.2,13.42,10.416
rice,MP,1445.2,32.7,48.6,6.07,135.3,13.88,8.947
soybean,Telangana,1000.6,23.2,52.6,7.34,86.7,6.4,4.021
rice,MP,1893.3,28.5,31.5,6.23,143.8,2.91,10.941
tomato,Telangana,957.1,23.0,65.4,5.6,253.6,10.94,55.917
soybean,MP,1335.4,22.6,80.7,6.81,114.0,8.51,5.896
cotton,MP,887.6,39.4,60.6,7.22,80.4,5.78,3.532
wheat,Punjab,749.8,20.4,63.9,6.05,102.3,12.78,6.489
tomato,AP,607.0,24.2,78.2,6.43,213.0,8.09,62.895
maize,Telangana,1476.3,24.8,78.7,6.44,121.9,11.94,12.649
rice,Punjab,1261.3,28.6,64.6,6.97,169.0,8.1,11.061
rice,MP,1450.2,27.5,39.3,6.71,180.0,3.93,11.339
maize,MP,944.1,27.8,70.9,6.17,168.1,7.49,11.109
soybean,AP,1384.5,29.5,79.4,7.04,116.1,11.98,5.659
cotton,Telangana,878.6,31.4,57.2,7.41,109.7,9.87,3.907
cotton,Punjab,1246.3,27.2,73.7,7.88,105.1,8.06,3.875
soybean,MP,1463.1,24.5,32.6,6.79,131.4,3.99,5.274
wheat,AP,699.9,21.4,44.2,6.44,91.7,6.12,6.367
soybean,Maharashtra,1030.8,28.9,54.2,6.77,85.0,10.78,4.368
maize,Maharashtra,1181.3,24.6,64.2,6.19,163.5,13.52,11.541
wheat,Karnataka,467.5,16.1,68.5,6.37,137.6,5.01,6.604
soybean,Karnataka,750.7,25.0,41.4,6.56,109.3,2.67,4.637
groundnut,AP,671.6,33.9,31.6,6.85,81.0,0.86,2.763
maize,Punjab,542.5,24.4,40.5,6.08,147.7,9.46,8.704
wheat,AP,1055.3,12.6,40.3,7.08,128.6,10.63,6.611
soybean,MP,1171.5,21.7,37.6,6.52,121.0,12.86,5.034
maize,AP,602.8,21.7,52.2,6.43,182.0,4.69,9.813
groundnut,MP,614.1,35.1,60.1,6.51,79.6,6.94,3.231
wheat,AP,1125.7,18.5,34.4,7.32,162.4,3.51,7.057
maize,Maharashtra,1028.0,21.6,81.1,5.96,201.4,3.39,12.158
soybean,AP,897.9,20.4,65.3,7.24,114.4,6.47,4.236
tomato,AP,956.4,22.3,33.5,5.98,150.2,9.54,43.981
soybean,Telangana,991.3,29.9,38.9,6.76,106.9,12.4,4.331
groundnut,Punjab,797.5,35.5,70.2,6.88,96.0,1.32,3.646
groundnut,Punjab,1028.7,31.5,40.9,6.39,113.9,1.92,3.962
tomato,AP,913.3,28.0,71.9,6.55,163.1,3.1,59.753
cotton,Maharashtra,955.2,29.7,46.2,6.64,93.5,0.79,4.268
tomato,Telangana,535.9,28.2,76.8,6.66,241.7,5.3,59.665
wheat,Karnataka,892.9,12.4,74.4,7.28,142.7,11.72,7.155
rice,Maharashtra,911.4,25.2,78.0,6.19,190.7,10.92,10.753
cotton,Maharashtra,907.3,35.2,80.3,6.26,144.1,5.63,4.735
cotton,AP,619.3,27.3,65.3,7.42,136.9,7.42,3.78
tomato,Telangana,1019.0,29.6,68.2,6.83,269.2,8.83,69.83
tomato,MP,854.7,19.4,38.6,6.82,171.8,3.3,49.271
soybean,MP,696.5,29.3,53.9,6.09,87.7,6.0,3.903
soybean,AP,762.1,22.4,49.8,6.61,91.8,9.86,4.64
wheat,Telangana,641.5,14.2,75.0,7.17,118.1,14.9,6.362
cotton,MP,1480.2,26.0,35.6,6.01,146.5,1.68,4.657
rice,AP,895.5,23.5,52.0,6.35,175.7,6.6,9.764
groundnut,MP,579.5,32.6,70.7,6.69,105.8,11.68,3.956
soybean,Telangana,940.7,31.2,40.3,6.43,113.0,8.06,4.567
tomato,Punjab,1129.0,18.9,39.6,6.63,188.3,9.22,57.662
maize,AP,894.8,20.6,44.9,6.89,193.1,7.7,10.338
groundnut,AP,862.1,27.7,61.9,6.67,77.9,4.44,3.598
groundnut,AP,1004.0,36.6,74.4,6.98,90.4,8.72,4.265
soybean,Karnataka,978.9,28.7,69.2,6.37,123.1,13.44,5.158
soybean,AP,953.5,23.8,50.9,7.43,123.9,11.98,4.087
wheat,MP,853.0,22.4,47.1,6.69,161.5,8.84,7.494
wheat,MP,1086.0,13.2,31.9,7.22,108.3,2.09,5.882
tomato,AP,959.4,22.1,82.1,6.21,210.6,5.14,65.944
soybean,MP,929.0,28.0,78.5,7.05,144.7,4.68,5.656
soybean,Punjab,903.4,25.3,56.4,7.35,105.1,13.62,4.136
groundnut,Punjab,670.4,29.2,84.9,6.03,114.8,11.72,3.763
cotton,Telangana,950.4,34.5,81.9,7.21,118.5,0.84,4.32
wheat,Karnataka,1173.6,18.0,59.3,7.49,124.5,4.36,6.951
wheat,Karnataka,597.6,18.7,63.2,7.08,113.1,12.46,6.543
cotton,Telangana,1239.6,29.8,42.4,6.25,123.7,12.41,4.933
soybean,Maharashtra,1415.1,26.1,78.3,6.46,115.8,10.53,6.377
rice,AP,905.0,34.9,45.6,5.84,163.6,9.97,8.667
rice,Karnataka,1902.1,23.8,36.2,6.12,108.9,13.61,9.751
rice,AP,1452.8,25.6,50.5,5.83,157.6,2.54,9.181
rice,Karnataka,1544.7,27.7,31.7,6.11,123.2,12.79,9.567
wheat,Karnataka,944.9,24.2,44.8,6.85,119.7,14.04,7.318
groundnut,Punjab,1091.5,34.3,53.7,5.92,96.0,0.6,3.796
tomato,Maharashtra,689.2,20.1,34.3,6.59,282.5,11.88,53.472
maize,Telangana,879.0,29.2,32.2,6.39,185.4,2.04,10.554
rice,AP,1994.5,31.7,41.8,5.88,195.3,11.11,12.087
wheat,Maharashtra,1087.7,21.0,67.3,7.39,132.1,5.86,7.091
wheat,Maharashtra,1005.4,23.0,39.0,6.26,82.9,13.48,6.175
maize,Punjab,1449.2,34.8,76.3,6.08,187.0,3.89,13.166
maize,AP,912.0,33.5,41.2,6.88,132.8,6.42,9.332
cotton,AP,1168.0,30.0,79.1,7.62,140.3,5.48,4.683
rice,Maharashtra,826.2,25.3,57.0,6.05,194.6,8.57,9.223
groundnut,Maharashtra,608.4,37.8,36.5,5.98,66.5,5.0,2.702
soybean,Karnataka,1060.3,22.6,53.6,6.78,89.9,9.17,4.609
soybean,Telangana,1024.4,20.1,32.4,6.24,87.2,10.85,4.047
maize,Telangana,961.1,25.0,83.6,6.74,129.4,2.19,10.886
cotton,Punjab,666.8,30.6,84.2,6.67,159.5,3.25,5.048
rice,MP,1442.6,24.0,54.9,5.75,198.9,2.32,10.557
groundnut,MP,734.9,30.9,33.9,5.75,79.6,13.4,2.646
wheat,Karnataka,1005.5,15.2,68.3,6.71,109.1,12.75,7.35
maize,AP,695.2,29.6,58.2,5.91,182.0,2.15,9.463
rice,Karnataka,1335.9,24.8,35.0,6.03,149.2,14.39,9.004
maize,Maharashtra,822.6,29.0,69.8,6.13,193.3,8.5,11.462
maize,MP,753.7,25.7,67.6,5.97,153.8,12.55,9.408
tomato,Maharashtra,1112.6,22.9,73.1,5.54,254.2,0.76,60.629
wheat,Maharashtra,1166.2,11.3,63.8,6.01,147.3,11.2,8.275
rice,Karnataka,1730.0,25.0,59.7,6.2,164.2,2.8,12.185
soybean,MP,720.5,30.0,40.3,7.32,115.1,2.34,3.857
maize,Maharashtra,805.2,26.0,53.3,5.83,181.0,13.84,10.81
rice,MP,1278.4,25.4,48.0,6.86,101.6,14.18,9.017
soybean,Punjab,1350.0,22.5,38.7,6.37,93.4,14.32,5.323
maize,Maharashtra,1137.8,34.3,62.9,6.08,120.6,7.86,9.977
tomato,Punjab,630.0,21.3,49.4,5.83,199.9,4.98,46.588
cotton,Maharashtra,1439.5,33.6,49.6,7.96,159.3,6.96,4.141
wheat,Karnataka,951.5,13.1,43.5,6.51,102.8,0.57,7.076
wheat,MP,1028.4,24.7,50.7,7.43,159.3,1.46,7.214
wheat,AP,433.6,13.5,36.1,7.21,163.4,14.62,5.865
wheat,Telangana,618.1,16.8,46.0,6.45,95.0,8.91,6.045
groundnut,Karnataka,1061.1,27.6,32.1,5.61,62.7,7.59,3.04
tomato,Karnataka,605.5,23.1,83.1,6.83,236.0,2.0,55.098
soybean,Telangana,1330.8,30.1,82.2,7.01,124.9,6.06,5.602
maize,Punjab,1421.5,27.4,38.7,6.67,157.7,9.0,11.446
rice,AP,1641.8,34.0,55.8,6.64,108.4,6.81,10.039
wheat,Karnataka,1118.7,13.3,75.5,6.64,177.2,2.06,9.979
rice,MP,1713.0,27.9,65.6,5.76,146.5,9.32,11.017
rice,AP,956.7,22.4,37.1,5.91,190.1,5.29,9.21
tomato,Telangana,889.3,22.9,50.6,6.33,159.4,12.9,50.399
tomato,MP,871.8,19.8,67.1,5.65,228.5,2.14,54.821
maize,MP,1446.8,32.7,44.5,6.51,160.1,8.79,12.193
groundnut,AP,616.9,28.6,46.0,5.86,89.9,7.98,3.139
rice,Telangana,1046.7,23.5,34.7,6.31,119.9,8.14,8.635
soybean,AP,1280.5,23.8,33.2,7.47,133.1,7.88,4.772
maize,Punjab,983.4,25.5,47.5,6.13,214.6,1.42,11.56
soybean,Punjab,647.1,31.4,77.3,6.86,113.4,14.08,4.782
wheat,MP,443.5,20.7,66.8,6.09,139.5,5.82,6.431
cotton,Karnataka,1320.5,38.9,74.6,6.63,81.7,3.73,4.97
soybean,AP,880.7,25.3,30.5,6.41,112.3,3.58,4.337
soybean,Maharashtra,636.5,22.8,61.6,7.33,137.3,7.26,4.108
wheat,MP,1070.8,20.5,56.8,6.49,163.1,3.03,9.413
rice,Karnataka,1932.3,32.2,71.8,5.8,163.7,3.54,12.173
rice,MP,1714.5,29.5,74.3,5.55,154.3,4.5,10.78
soybean,Punjab,668.8,21.9,73.8,7.26,109.2,8.2,4.519
groundnut,Maharashtra,1061.4,26.3,79.5,6.45,102.2,3.75,4.399
cotton,Telangana,1157.5,39.2,66.2,7.85,132.3,4.08,3.968
groundnut,Karnataka,960.5,28.9,62.2,5.78,64.6,4.62,3.438
soybean,Maharashtra,1288.4,20.9,63.5,6.89,118.5,10.59,5.49
cotton,AP,1160.0,38.2,73.9,6.2,148.0,7.8,5.004
wheat,Telangana,1052.9,12.7,33.2,7.09,145.2,0.83,7.181
wheat,Karnataka,932.4,22.1,33.4,6.15,137.7,3.05,6.541
soybean,Telangana,1236.7,31.7,44.2,6.51,116.5,10.29,5.181
groundnut,Punjab,980.4,25.8,37.4,6.33,85.9,3.52,3.083
soybean,Punjab,1384.6,20.4,81.7,7.03,118.8,13.67,5.52
groundnut,MP,1029.0,35.6,49.5,5.83,103.7,10.17,3.502
wheat,AP,964.5,24.6,36.8,6.07,89.4,6.74,6.514
cotton,Telangana,840.1,37.7,30.6,6.88,101.0,13.13,3.356
groundnut,Maharashtra,1182.8,34.3,30.9,5.62,95.3,8.59,3.375
tomato,Karnataka,609.1,19.9,54.0,6.11,298.0,11.36,55.85
rice,MP,1701.4,28.9,47.2,6.27,176.4,1.81,11.513
groundnut,Karnataka,904.3,30.8,52.9,6.87,114.0,13.18,3.621
soybean,MP,1397.1,23.7,84.2,6.85,98.9,1.54,6.2
soybean,Telangana,1153.7,22.7,71.5,7.31,136.0,12.79,4.951
tomato,Karnataka,801.1,22.5,78.9,5.84,233.6,9.11,58.402
tomato,MP,918.9,26.0,37.9,6.47,183.2,14.69,54.769
soybean,Punjab,1132.5,24.6,44.4,6.91,91.2,8.69,4.412
groundnut,Telangana,555.9,31.0,79.5,6.09,109.5,13.65,3.354
tomato,Punjab,643.7,23.4,41.7,6.02,257.8,10.05,51.949
soybean,Maharashtra,729.2,21.5,41.9,6.17,89.7,8.66,4.019
maize,Telangana,626.9,33.1,53.4,6.81,192.7,0.52,10.231
tomato,Maharashtra,559.5,27.9,80.4,6.51,220.7,6.18,61.216
tomato,AP,1159.5,24.4,79.0,6.37,242.3,1.37,73.016
soybean,AP,1191.5,31.7,59.1,6.09,109.8,4.16,5.13
rice,Telangana,1569.2,33.0,60.4,6.12,135.4,6.81,10.385
groundnut,AP,920.1,31.6,58.8,6.54,86.6,6.28,3.912
soybean,Punjab,1388.9,30.1,80.2,7.18,81.0,4.49,5.12
cotton,MP,1086.4,29.8,31.4,7.1,97.5,9.25,3.669
soybean,Punjab,1391.8,29.3,71.0,7.39,149.0,13.08,5.392
wheat,Maharashtra,1154.4,20.1,55.3,7.18,113.1,1.08,7.267
maize,Karnataka,1353.0,31.8,48.4,5.87,137.4,4.31,10.174
maize,Telangana,1071.4,26.4,52.7,6.09,216.0,11.05,12.031
soybean,Telangana,1340.5,22.6,38.1,7.01,115.5,0.86,4.989
groundnut,AP,911.8,31.2,46.9,6.36,93.6,1.91,3.793
cotton,Telangana,1203.9,28.5,73.6,6.51,137.6,5.89,5.357
rice,Karnataka,1664.5,31.2,49.2,6.55,191.6,8.64,13.034
soybean,MP,1481.5,23.7,72.0,7.43,90.4,9.68,5.305
wheat,Karnataka,774.1,11.0,72.7,6.31,80.8,12.33,7.203
cotton,Punjab,971.0,25.3,82.9,6.47,127.0,2.0,5.124
tomato,Maharashtra,600.4,27.8,41.1,5.69,288.9,1.68,50.006
cotton,Telangana,769.1,32.9,66.3,7.37,119.3,5.79,4.126
tomato,Telangana,862.4,24.4,71.7,5.81,171.2,5.18,50.421
cotton,AP,1262.5,29.1,49.0,7.75,135.1,6.7,3.786
maize,AP,1313.3,25.6,77.3,6.36,188.5,6.53,14.121
cotton,Karnataka,1477.6,25.6,30.5,6.9,130.9,9.15,4.694
groundnut,MP,621.1,28.8,71.1,5.87,86.9,8.53,2.944
maize,Punjab,970.1,24.9,66.6,5.97,155.5,11.14,11.396
cotton,AP,1047.2,25.0,36.5,7.23,108.5,6.95,3.585
maize,AP,1461.7,25.6,48.4,6.45,205.1,2.56,13.743
soybean,MP,1336.3,29.8,47.5,6.32,111.3,14.57,5.214
rice,Maharashtra,1099.9,26.1,75.3,6.29,127.9,12.38,10.529
rice,Punjab,1412.0,29.9,34.0,6.64,142.5,5.58,10.268
tomato,Maharashtra,553.9,19.8,70.9,5.94,154.8,4.25,46.713
soybean,Punjab,617.9,22.8,81.6,7.42,107.0,4.48,3.999
tomato,AP,854.3,20.0,55.7,5.6,232.9,2.24,51.576
cotton,Maharashtra,1309.4,38.7,65.9,6.61,142.1,14.85,5.461
cotton,Maharashtra,1482.0,27.3,65.4,7.85,121.8,13.23,3.953
groundnut,AP,513.4,31.5,34.8,5.94,115.7,7.16,2.634
maize,Punjab,1401.0,30.5,50.2,6.51,148.1,1.81,11.803
groundnut,Punjab,750.3,31.0,41.6,6.33,108.1,6.28,3.604
tomato,Karnataka,1074.1,21.2,36.6,6.04,271.4,7.19,59.609
groundnut,Karnataka,862.3,35.3,75.6,6.51,90.6,3.8,3.799
tomato,Punjab,666.0,19.8,46.2,6.81,181.8,10.75,49.914
rice,Telangana,1222.7,23.6,67.9,6.31,129.3,0.5,10.504
wheat,Karnataka,746.0,24.4,52.9,7.34,179.4,1.18,7.33
cotton,Telangana,870.0,25.8,35.0,6.95,96.7,6.46,3.333
maize,Maharashtra,1037.5,31.2,31.4,5.94,199.1,6.92,10.305
tomato,MP,527.0,24.2,40.8,6.09,221.9,7.76,47.977
maize,Punjab,1244.0,28.9,63.9,5.89,209.0,5.08,12.457
maize,Telangana,1407.6,20.5,83.1,5.85,214.9,0.9,13.58
groundnut,MP,655.0,34.1,43.1,6.8,66.0,0.85,2.838
rice,Karnataka,1745.4,28.4,61.2,6.14,101.2,2.31,10.913
maize,MP,757.7,30.1,44.7,6.58,181.7,4.37,10.505
tomato,Telangana,686.7,25.8,64.2,6.34,159.7,12.3,49.053
cotton,MP,626.7,34.9,63.8,6.83,80.8,2.28,3.333
rice,Maharashtra,1391.2,26.7,64.9,6.33,123.9,12.88,10.365
rice,Telangana,1409.5,30.4,65.3,6.35,136.6,0.91,11.197
tomato,MP,923.4,27.1,63.3,5.67,298.6,5.77,58.48
rice,Telangana,1487.5,33.5,49.7,6.28,166.1,6.13,11.394
maize,MP,690.7,25.5,48.4,6.82,193.8,13.65,9.647
tomato,AP,439.8,19.5,66.4,5.67,163.2,9.21,44.682
maize,AP,1001.2,30.1,30.4,6.02,186.8,12.58,10.314
soybean,Maharashtra,854.9,26.9,36.0,6.09,147.2,1.48,4.52
tomato,Telangana,448.2,25.2,39.1,6.82,224.0,2.18,45.992
cotton,Punjab,1231.5,39.5,76.5,6.16,152.2,13.45,5.63
rice,AP,1691.2,35.0,66.0,6.57,167.8,10.58,13.24
groundnut,Maharashtra,724.2,35.2,74.8,5.58,105.6,8.06,3.313
cotton,Karnataka,925.3,38.6,39.2,7.99,113.7,4.65,3.203
wheat,Maharashtra,679.4,11.1,61.5,7.12,136.1,4.65,6.949
wheat,Karnataka,587.7,18.1,32.8,6.81,167.4,6.65,6.112
maize,AP,521.5,22.2,81.4,6.97,141.5,3.48,9.46
wheat,AP,763.8,11.1,53.4,7.34,97.4,6.79,5.934
cotton,Punjab,1444.6,25.6,62.5,6.03,114.0,4.53,4.984
tomato,MP,1107.6,26.2,36.2,6.04,252.5,7.29,56.876
wheat,Telangana,670.7,12.3,38.2,6.95,147.4,0.86,6.3
cotton,Maharashtra,1354.7,35.9,43.6,6.49,137.6,3.61,4.562
soybean,Karnataka,647.7,20.7,63.2,7.18,140.2,6.72,4.482
maize,MP,819.8,23.0,48.7,6.3,148.7,7.98,10.058
wheat,MP,1044.9,12.2,56.7,6.72,154.6,5.73,8.46
rice,Punjab,1557.4,32.3,82.5,5.52,188.0,8.84,11.522
cotton,Maharashtra,999.6,36.8,38.1,6.98,117.7,12.84,3.8
maize,Karnataka,1480.3,28.3,66.6,6.93,201.3,5.57,13.424
soybean,Telangana,1179.1,25.2,47.2,7.2,133.2,10.69,4.397
groundnut,Telangana,764.5,35.6,79.2,6.24,111.5,9.17,3.905
cotton,AP,613.8,31.1,51.1,7.02,103.8,2.43,3.326
tomato,Punjab,639.2,24.7,58.1,5.88,291.1,2.37,55.973
soybean,Maharashtra,1256.8,20.2,58.7,7.41,111.2,14.83,4.789
maize,Telangana,1088.7,21.0,51.3,6.39,219.3,9.11,12.424
tomato,AP,512.9,28.5,51.3,5.95,195.8,14.51,48.244
maize,Telangana,848.7,21.9,38.0,5.97,195.9,4.28,9.58
wheat,Maharashtra,684.5,11.1,52.7,7.29,166.0,9.38,6.957
wheat,MP,808.3,19.5,48.2,7.05,114.7,4.41,6.618
cotton,Telangana,924.1,33.1,34.0,6.81,146.9,8.8,3.747
tomato,Maharashtra,687.4,26.4,75.6,5.58,268.3,6.32,59.59
soybean,Karnataka,1470.0,23.4,63.8,6.23,100.1,3.19,5.521
cotton,Karnataka,824.3,29.7,57.0,6.12,100.6,14.22,4.049
maize,Karnataka,927.7,20.7,78.6,6.4,126.6,11.42,11.543
groundnut,Punjab,601.6,33.9,35.4,6.91,94.3,1.29,2.729
groundnut,Maharashtra,1145.9,32.1,66.2,5.59,84.2,6.08,3.275
groundnut,Maharashtra,912.0,25.1,74.7,5.93,98.6,5.03,3.78
soybean,Punjab,838.7,28.3,66.6,7.05,89.1,5.34,4.381
groundnut,MP,1041.7,26.1,41.4,6.68,66.4,7.98,3.188
tomato,AP,1191.1,25.1,47.2,5.99,285.0,4.47,67.91
rice,Telangana,1671.3,30.6,39.7,6.64,119.3,5.75,10.256
maize,Maharashtra,1214.5,28.5,74.2,5.82,143.6,4.02,10.781
soybean,Punjab,908.1,24.1,65.6,6.2,127.2,1.97,5.164
maize,Punjab,1167.1,27.4,67.7,6.61,201.6,9.43,12.812
wheat,Punjab,571.0,23.9,62.4,6.03,172.1,11.73,7.113
maize,Karnataka,727.6,24.0,55.1,5.86,214.0,10.29,10.53
soybean,MP,1105.8,28.5,36.0,7.13,93.0,1.59,4.255
wheat,Maharashtra,987.6,18.9,61.0,6.87,147.8,7.13,8.299
wheat,Karnataka,766.5,10.6,34.0,7.25,117.7,7.14,5.927
rice,Punjab,1163.3,31.8,73.9,6.21,189.9,13.57,11.734
rice,Punjab,1690.9,28.6,47.8,5.52,126.1,12.85,8.901
rice,Karnataka,829.1,26.1,46.0,5.69,115.5,1.58,7.0
cotton,Telangana,1211.0,29.2,49.1,6.48,81.4,8.14,4.242
wheat,MP,729.4,14.7,51.9,7.41,106.3,6.04,5.518
rice,Karnataka,1837.1,32.0,57.9,6.52,145.7,4.37,12.127
soybean,Punjab,897.9,25.9,44.5,6.09,86.2,5.82,3.963
cotton,AP,835.5,26.0,68.7,6.65,85.8,6.1,4.07
soybean,MP,713.9,22.7,75.9,6.35,149.0,0.72,4.998
groundnut,Telangana,993.9,26.7,60.5,6.17,97.9,14.68,3.91
cotton,Telangana,1296.8,30.3,85.0,6.02,138.8,6.39,5.158
rice,Telangana,1756.4,26.4,55.6,6.86,154.5,11.91,11.421
wheat,Telangana,1019.0,13.6,79.6,6.42,139.9,8.89,9.091
wheat,Maharashtra,471.1,19.0,63.3,6.14,95.7,6.94,6.193
groundnut,MP,967.4,32.5,72.3,6.47,80.6,2.38,3.699
soybean,MP,891.3,29.5,39.7,7.34,132.0,4.49,4.27
groundnut,MP,806.1,37.2,80.9,6.09,117.1,10.08,3.859
groundnut,MP,904.5,36.0,36.4,6.74,114.4,2.61,3.3
wheat,Karnataka,1148.2,17.1,49.3,6.1,112.2,12.24,7.511
groundnut,Telangana,1137.5,27.8,34.5,6.44,63.7,0.64,3.633
tomato,Telangana,440.4,21.5,41.9,6.78,165.2,6.65,41.545
tomato,AP,684.2,22.6,43.4,5.68,252.0,9.62,50.948
cotton,Telangana,1371.0,36.1,64.6,6.31,128.6,1.81,4.826
rice,Karnataka,1732.5,24.1,82.4,5.68,126.9,11.34,10.922
soybean,Karnataka,960.9,23.1,83.0,6.96,112.2,3.68,5.463
rice,Telangana,1288.4,30.9,79.3,5.95,143.5,14.27,10.856
wheat,Telangana,602.0,16.0,44.0,7.41,147.4,1.31,6.159
rice,Maharashtra,1113.4,28.7,33.8,6.04,181.8,4.49,9.84
groundnut,Maharashtra,563.3,37.6,48.6,6.45,119.2,14.58,3.416
wheat,Telangana,809.7,14.9,39.0,6.5,143.6,11.62,6.999
tomato,Karnataka,663.8,25.6,84.5,6.26,219.2,7.81,60.943
maize,Maharashtra,1301.9,28.4,33.3,5.88,189.3,12.35,10.582
maize,Punjab,637.4,24.1,36.5,6.56,217.6,2.57,10.692
tomato,AP,657.3,24.7,48.3,5.89,210.2,12.16,47.802
groundnut,Karnataka,1031.7,30.7,71.1,6.26,67.5,9.15,3.893
wheat,Karnataka,933.9,23.9,32.6,7.38,152.0,13.15,6.741
maize,Maharashtra,810.4,22.8,71.5,5.94,125.0,3.92,9.448
cotton,MP,752.3,25.7,34.5,6.38,134.3,8.55,3.864
wheat,Punjab,556.6,15.9,49.2,6.15,97.3,5.28,5.786
cotton,MP,1334.6,36.5,40.1,6.62,145.8,2.3,4.851
tomato,Karnataka,1047.6,28.7,34.0,5.57,277.4,11.32,54.186
rice,Karnataka,1294.1,22.6,73.3,6.75,185.4,12.79,11.475
soybean,Punjab,864.0,23.1,74.5,7.26,93.5,12.01,4.057
rice,AP,1357.9,22.1,38.5,6.3,195.3,8.81,10.795
groundnut,AP,1102.4,36.1,79.0,6.73,78.5,14.15,3.677
maize,Punjab,834.2,23.2,55.4,6.54,176.3,1.89,10.922
tomato,Telangana,539.9,19.4,33.3,6.43,209.8,5.66,48.908
groundnut,Karnataka,634.3,33.2,74.7,6.83,98.8,8.06,3.771
tomato,MP,1117.0,27.3,79.7,6.86,214.7,9.51,68.854
maize,Karnataka,1161.8,32.4,61.3,6.15,160.5,8.03,11.53
groundnut,Telangana,569.1,26.3,70.8,5.89,74.8,8.8,2.778
rice,AP,1649.3,33.3,59.7,5.57,172.1,12.46,10.558
soybean,AP,1086.2,20.6,31.1,7.0,99.1,1.46,4.14
soybean,Telangana,1473.1,31.8,34.7,6.79,139.2,8.2,5.453
cotton,Punjab,1108.3,28.5,65.6,6.13,110.9,14.88,4.552
cotton,Telangana,1437.9,37.5,32.8,6.04,103.9,14.93,4.111
rice,Punjab,1212.7,33.3,51.1,6.26,124.0,2.03,9.328
cotton,Telangana,912.8,37.5,31.7,6.51,86.1,9.29,3.818
groundnut,Telangana,810.5,35.6,76.5,5.87,78.5,7.65,3.341
groundnut,Telangana,617.0,36.9,52.1,6.85,119.1,12.37,3.542
cotton,Telangana,1008.9,37.4,47.3,6.35,97.6,11.93,3.794
wheat,Telangana,815.4,16.7,46.1,7.42,108.0,2.53,5.41
soybean,MP,889.2,29.6,84.6,7.46,83.1,4.18,4.603
rice,Punjab,1359.6,33.9,82.2,6.68,130.9,14.44,11.111
groundnut,Telangana,810.4,33.3,69.0,5.97,64.8,7.16,3.001
maize,Karnataka,1058.7,33.8,49.5,6.41,149.3,8.07,11.616
tomato,AP,936.5,26.3,63.5,5.71,229.9,3.2,56.654
maize,MP,834.4,27.2,33.1,5.81,123.2,8.3,8.431
groundnut,Punjab,1125.2,32.3,58.6,6.64,101.2,11.3,3.712
wheat,Telangana,1070.8,18.4,57.2,6.57,98.0,4.16,7.781
rice,Punjab,1389.2,22.1,35.1,5.64,128.4,13.46,8.654
groundnut,Karnataka,983.5,33.1,62.4,6.75,110.2,9.67,4.173
wheat,MP,1056.9,22.3,50.3,6.9,82.2,3.82,7.022
groundnut,Karnataka,515.6,30.7,76.7,6.69,61.8,6.07,2.992
maize,Karnataka,1067.5,34.3,74.9,6.45,188.7,12.09,12.96
cotton,AP,1230.6,37.5,67.2,6.97,105.5,7.64,4.444
tomato,Telangana,1179.5,27.8,79.3,6.99,202.3,5.28,65.699
maize,MP,1421.7,27.4,75.7,6.91,127.9,11.51,11.629
cotton,Karnataka,1138.8,34.6,84.0,7.63,103.1,6.87,3.919
soybean,AP,1322.0,26.9,33.1,7.44,105.9,11.82,3.99
cotton,AP,803.3,26.5,60.0,6.77,153.5,5.14,4.348
groundnut,AP,1014.0,25.1,84.9,5.91,65.5,9.1,3.618
groundnut,Punjab,824.1,37.5,54.6,6.49,70.1,11.73,3.151
wheat,MP,1148.5,24.1,54.3,6.2,103.4,12.57,7.263
groundnut,Karnataka,733.1,37.5,82.7,6.66,61.2,11.74,3.681
maize,Punjab,775.9,26.7,58.4,6.05,125.1,5.53,8.588
cotton,Maharashtra,1451.9,27.2,55.4,6.0,86.2,10.75,4.383
soybean,AP,637.5,26.0,43.9,7.34,137.3,13.69,4.484
tomato,MP,439.2,18.3,34.4,6.23,231.9,13.87,48.189
soybean,Punjab,1197.2,24.7,65.6,7.02,148.5,5.45,5.662
groundnut,AP,1174.3,27.4,54.4,6.71,87.9,11.34,3.896
wheat,Telangana,735.2,16.3,74.4,6.16,124.3,4.85,6.922
groundnut,AP,1172.7,25.4,71.8,6.39,104.6,10.88,4.374
wheat,Telangana,532.8,13.1,71.0,6.53,116.6,9.19,6.949
rice,MP,1915.2,28.3,74.6,6.63,166.9,11.92,13.703
rice,Karnataka,1772.9,28.4,47.2,6.37,182.7,1.23,12.235
maize,Punjab,1413.7,31.9,65.0,6.24,126.5,12.6,11.37
groundnut,Karnataka,820.6,27.1,44.7,6.77,62.7,8.04,3.442
cotton,AP,1307.4,30.5,59.6,7.43,154.5,7.2,4.28
maize,AP,1297.3,30.6,46.4,6.51,216.9,4.61,13.416
tomato,Telangana,1037.8,25.2,32.2,6.48,202.3,4.18,58.621
groundnut,MP,625.6,25.7,51.6,6.78,64.5,1.87,3.093
wheat,AP,690.7,13.0,39.2,6.89,116.3,10.65,5.895
rice,Maharashtra,890.3,28.9,55.3,6.75,125.1,2.83,9.05
groundnut,Karnataka,671.4,29.0,51.0,6.36,61.7,4.07,3.163
soybean,Punjab,983.1,24.4,82.8,7.18,85.0,6.56,4.672
cotton,AP,1476.7,39.0,71.2,7.28,81.5,5.37,4.136
cotton,Karnataka,1270.1,29.1,33.6,7.88,95.6,9.84,3.235
wheat,Karnataka,1013.7,13.0,39.0,7.47,171.9,8.6,6.156
tomato,Telangana,447.7,25.5,72.9,5.81,229.1,4.08,54.488
rice,AP,1741.8,28.9,58.8,6.4,101.3,8.85,10.581
wheat,MP,1004.8,12.5,60.0,6.62,105.0,14.81,7.56
soybean,Maharashtra,1426.8,30.8,46.4,6.24,138.0,8.39,5.453
rice,MP,1152.0,23.2,34.9,6.14,161.4,8.02,9.444
rice,MP,1895.8,32.0,34.6,6.98,147.6,14.36,10.537
rice,Maharashtra,818.4,30.9,83.1,6.74,152.6,0.56,10.283
tomato,Telangana,667.9,25.8,84.7,6.54,195.9,2.0,59.82
tomato,MP,1033.2,29.5,82.2,6.68,276.7,8.53,73.801
maize,Punjab,1261.6,22.5,82.3,5.88,198.5,6.92,12.922
groundnut,AP,760.7,33.2,77.8,5.76,82.8,11.08,3.153
tomato,Karnataka,811.1,19.1,81.3,6.94,186.7,12.59,52.609
rice,Karnataka,1058.2,30.7,57.1,5.78,166.2,6.11,9.485
groundnut,AP,1163.3,31.6,66.0,6.34,117.0,14.39,4.54
maize,AP,771.5,26.1,71.6,6.67,129.9,2.1,9.984
groundnut,Maharashtra,693.4,32.5,52.2,5.68,76.2,7.56,3.21
soybean,AP,1146.6,26.4,33.7,6.25,96.7,1.46,4.008
soybean,Punjab,798.4,28.2,37.3,6.47,104.0,8.84,4.624
groundnut,Karnataka,705.5,25.0,48.9,5.91,73.1,2.64,2.788
rice,Punjab,1194.2,23.2,77.7,6.32,186.0,9.27,12.455
soybean,MP,970.5,25.7,73.5,7.02,141.4,0.82,5.033
soybean,AP,1367.5,30.0,79.8,6.58,120.9,13.72,6.106
maize,AP,601.1,33.4,63.6,5.98,186.2,11.77,10.056
soybean,Maharashtra,1235.3,24.6,62.5,6.48,149.4,10.81,6.354
rice,Punjab,1532.7,32.9,63.9,6.24,152.0,5.88,11.454
tomato,MP,425.8,22.0,79.5,6.23,150.2,4.65,48.982
cotton,MP,991.5,32.8,43.4,7.98,110.8,8.84,3.083
wheat,MP,1152.4,13.9,74.7,7.48,121.9,9.9,7.319
rice,Maharashtra,1583.4,32.2,41.0,6.85,126.7,1.0,10.079
soybean,Punjab,809.7,24.3,72.6,6.22,93.7,4.3,4.438
rice,Maharashtra,1673.9,26.7,68.1,6.68,124.0,11.08,11.493
wheat,MP,453.2,20.8,59.7,7.14,168.2,10.26,5.989
tomato,Punjab,1048.1,28.6,73.4,6.89,263.0,6.85,68.182
tomato,MP,699.0,18.6,30.5,6.76,246.1,4.38,48.579
tomato,Karnataka,487.9,28.1,42.9,5.63,153.8,5.33,36.295
cotton,AP,718.6,31.6,32.5,6.41,148.4,5.66,4.097
groundnut,Maharashtra,709.3,28.6,65.3,6.36,79.8,10.51,3.552
maize,AP,616.8,27.0,46.5,6.67,190.3,4.45,9.436
cotton,Telangana,910.4,38.8,44.0,7.82,109.2,11.68,3.132
cotton,Maharashtra,1069.1,26.7,45.6,6.77,86.3,10.15,3.507
maize,Karnataka,1110.1,30.9,68.5,5.98,195.7,3.36,11.45
soybean,Maharashtra,943.9,27.1,38.7,6.56,108.1,8.81,4.336
maize,MP,1473.1,30.7,61.6,6.38,211.6,2.46,14.357
groundnut,Maharashtra,626.7,35.0,53.9,6.95,81.6,6.61,3.218
soybean,Telangana,657.6,30.1,50.7,6.28,148.5,9.44,4.548
wheat,Telangana,675.7,22.0,61.6,6.72,170.5,13.96,7.742
wheat,AP,1067.9,13.3,69.9,7.29,139.2,1.66,7.605
soybean,Telangana,879.7,29.7,82.4,6.76,99.2,11.59,5.287
groundnut,AP,526.8,28.8,82.8,6.86,85.4,3.6,3.686
wheat,MP,958.1,21.6,60.0,6.6,170.7,10.37,8.675
maize,Maharashtra,1331.7,32.5,36.9,5.99,175.0,13.09,10.51
maize,AP,1349.3,30.6,51.7,6.36,160.5,1.46,11.982
maize,MP,1379.3,32.4,47.8,6.51,130.2,9.25,11.654
tomato,Karnataka,434.1,26.1,39.2,6.83,278.3,13.71,53.619
maize,Telangana,1216.0,30.6,74.6,6.51,155.7,14.09,13.167
wheat,Telangana,594.4,16.7,75.7,6.51,150.7,3.63,7.864
tomato,Punjab,696.9,19.3,68.1,6.4,175.4,11.19,54.596
groundnut,MP,565.7,32.9,58.2,6.06,117.0,1.55,3.538
soybean,Telangana,1004.2,28.9,67.2,6.03,82.0,11.01,4.722
rice,Karnataka,1261.9,27.3,48.6,5.98,125.8,2.87,9.396
rice,Telangana,1621.3,23.8,81.5,6.03,132.1,6.71,11.44
maize,Telangana,1102.5,22.1,32.5,6.93,154.6,4.86,9.39
rice,Karnataka,1361.5,23.7,32.0,6.85,123.1,13.9,8.78
maize,Maharashtra,652.6,23.7,53.1,6.0,187.4,8.3,9.481
wheat,Maharashtra,509.4,20.0,60.4,7.04,147.7,14.31,6.22
soybean,MP,1004.5,23.0,47.3,6.15,118.4,8.1,4.791
groundnut,Punjab,725.7,36.0,48.8,6.81,119.8,11.46,3.407
wheat,Karnataka,1005.5,14.1,72.2,6.79,157.2,9.98,8.368
cotton,MP,618.1,25.4,59.8,6.33,130.2,10.06,4.068
soybean,Karnataka,1009.5,20.5,32.7,7.15,136.8,4.02,4.221
wheat,MP,1120.1,17.0,70.4,6.36,174.5,9.78,9.695
cotton,AP,668.4,26.0,53.1,6.31,91.8,2.78,3.742
groundnut,MP,1128.7,37.5,78.3,6.13,84.8,6.73,4.179
wheat,AP,646.3,13.3,46.4,6.71,172.3,13.63,6.855
cotton,MP,722.7,30.0,68.6,6.56,138.9,14.35,4.646
soybean,Telangana,1225.3,28.3,46.5,7.32,100.7,11.25,4.47
tomato,MP,1171.8,21.2,50.8,6.02,172.4,9.72,54.239
groundnut,Telangana,860.8,36.1,34.1,5.78,66.3,7.85,2.901
groundnut,Maharashtra,1065.2,35.2,84.2,5.69,83.8,14.84,3.552
groundnut,AP,1165.9,30.8,82.8,5.71,100.1,10.61,3.942
wheat,Maharashtra,535.1,24.7,82.5,6.74,81.2,7.72,6.979
maize,Punjab,1048.5,21.5,31.9,6.54,219.7,12.71,11.262
cotton,MP,1408.9,32.6,32.7,6.89,145.4,1.75,4.34
groundnut,Telangana,981.6,31.8,42.2,6.81,89.9,12.17,3.507
rice,Punjab,1001.3,28.4,57.3,5.58,103.6,3.62,7.641
tomato,Punjab,636.8,23.7,61.9,6.09,170.3,10.8,46.911
groundnut,Maharashtra,849.6,36.6,35.1,6.2,71.7,14.19,3.317
tomato,Punjab,650.4,21.5,59.4,6.84,176.6,10.85,48.653
rice,Karnataka,1882.2,28.8,81.9,6.72,155.6,13.68,13.533
groundnut,Maharashtra,722.8,32.8,75.2,6.51,89.9,3.16,3.999
soybean,Maharashtra,873.8,20.3,71.6,6.1,134.3,6.04,4.829
tomato,Punjab,798.5,22.0,33.5,6.06,189.1,11.97,49.43
soybean,Karnataka,1486.5,31.6,71.4,6.41,107.1,11.76,6.104
maize,AP,862.0,20.7,44.0,6.96,199.5,6.43,10.05
tomato,AP,827.9,22.8,31.2,6.46,221.0,12.31,55.614
groundnut,Maharashtra,824.9,32.5,70.5,6.56,84.6,2.4,3.949
tomato,MP,863.7,21.8,59.7,5.75,201.8,3.35,52.754
tomato,Telangana,1177.3,27.8,48.2,6.67,227.6,0.78,63.976
soybean,Maharashtra,1378.1,22.1,35.2,7.35,90.6,9.97,4.008
wheat,Telangana,889.5,20.7,84.3,6.02,83.4,7.13,7.13
rice,AP,981.0,34.7,67.5,6.38,119.2,1.83,9.498
cotton,Punjab,1460.9,27.0,82.4,7.95,115.3,7.15,4.57
groundnut,AP,1149.4,30.0,46.4,5.88,91.2,4.3,3.534
groundnut,MP,1126.5,34.8,77.5,6.58,117.9,12.32,4.532
rice,Punjab,1651.5,25.9,72.4,5.64,131.1,13.22,10.361
tomato,MP,703.1,22.5,66.6,6.11,206.4,5.7,54.454
soybean,Telangana,625.9,25.7,45.3,6.31,111.7,9.25,4.129
tomato,AP,469.6,20.6,59.3,6.42,200.7,12.09,52.22
wheat,Karnataka,460.9,23.5,74.5,7.42,179.0,2.56,7.058
groundnut,Telangana,642.3,36.7,80.5,5.97,79.6,0.69,3.284
maize,AP,1147.6,30.0,58.7,6.86,132.1,11.02,10.077
soybean,Karnataka,615.4,20.7,36.5,6.18,104.0,6.68,3.945
maize,Punjab,889.6,27.7,84.7,6.94,173.6,2.56,11.379
maize,Punjab,997.2,20.3,51.1,6.97,216.5,14.34,11.441
groundnut,Punjab,974.8,27.2,38.0,6.63,74.2,1.11,3.251
groundnut,Punjab,700.8,37.8,47.4,5.87,112.0,11.36,3.29
soybean,MP,966.6,26.6,48.7,6.88,98.7,0.76,4.853
cotton,Telangana,1280.4,27.8,48.4,6.72,113.7,12.07,4.748
maize,Telangana,1095.2,29.2,77.8,6.67,188.1,11.67,13.317
cotton,Karnataka,1435.5,35.2,49.7,6.25,141.8,12.19,5.09
groundnut,Maharashtra,769.4,26.4,57.5,6.23,66.3,12.39,3.363
soybean,AP,778.2,22.5,80.4,7.22,112.8,11.65,4.481
groundnut,Maharashtra,721.7,27.8,58.8,6.57,87.0,12.3,3.592
groundnut,Telangana,881.4,36.0,58.7,6.15,65.0,8.9,3.042
rice,Karnataka,1243.7,24.2,64.8,6.5,161.5,3.76,11.329
maize,Maharashtra,1287.4,30.4,60.1,6.85,160.4,11.21,11.353
rice,Punjab,1636.6,31.8,58.1,6.49,136.5,14.06,11.871
tomato,Telangana,542.2,28.3,35.7,6.81,219.8,13.32,42.328
soybean,AP,928.5,26.3,79.3,6.91,112.7,5.11,4.977
rice,AP,1159.9,31.8,74.1,5.65,118.9,3.16,9.081
groundnut,Maharashtra,631.2,29.2,69.8,6.74,81.1,11.77,3.445
tomato,MP,1026.6,21.8,39.2,6.27,253.0,4.47,63.082
maize,AP,517.4,30.8,61.1,5.92,171.9,0.52,9.632
cotton,Telangana,871.9,26.2,31.4,7.71,92.2,7.67,2.894
tomato,AP,648.9,18.8,56.1,5.52,192.4,0.51,45.767
cotton,Maharashtra,900.3,30.9,42.7,6.52,122.3,2.45,4.164
wheat,MP,584.3,14.6,56.3,7.15,82.2,6.41,5.797
soybean,Telangana,762.1,27.5,60.5,6.3,118.4,1.59,4.362
maize,Telangana,777.2,23.4,62.4,5.81,120.2,4.73,7.884
cotton,Telangana,1216.3,32.9,70.0,7.83,146.5,2.34,4.429
wheat,MP,610.5,19.6,66.5,6.93,118.5,1.76,6.967
wheat,Punjab,568.5,22.3,34.2,7.31,101.0,9.25,4.371
cotton,Telangana,961.2,27.4,60.1,7.38,86.3,11.71,3.513
maize,MP,947.1,30.0,58.1,5.88,208.4,13.22,11.555
wheat,Punjab,1155.3,10.6,47.0,6.6,86.1,3.03,6.639
tomato,Karnataka,1024.6,24.2,75.1,6.69,151.9,3.09,53.476
cotton,Maharashtra,1469.4,28.8,57.7,6.13,132.0,8.7,4.801
soybean,Karnataka,1297.8,22.8,82.0,6.5,96.0,2.95,5.691
tomato,Maharashtra,481.2,19.2,38.4,6.32,247.8,7.35,51.834
groundnut,AP,1186.7,35.9,56.7,6.17,101.3,5.62,4.152
maize,Maharashtra,1326.6,22.6,40.7,6.25,151.3,6.93,11.168
groundnut,Maharashtra,700.5,29.6,59.6,6.42,81.2,4.48,3.676
rice,Punjab,1270.1,29.3,80.2,6.56,195.3,1.33,12.457
groundnut,Punjab,534.4,33.0,77.0,6.57,78.5,7.07,3.406
wheat,Maharashtra,1025.9,10.8,43.9,7.12,85.3,12.7,5.892
groundnut,MP,1179.0,33.1,46.2,6.12,108.2,4.35,3.646
wheat,Karnataka,453.6,21.8,79.3,7.01,121.2,6.46,7.044
soybean,Telangana,1255.6,29.1,68.7,7.28,93.2,0.98,4.879
groundnut,MP,914.7,32.6,53.2,6.62,114.4,2.16,3.797
soybean,MP,907.5,21.6,56.1,6.92,120.5,12.97,4.228
cotton,Maharashtra,1407.7,26.1,84.3,7.13,147.7,10.63,5.555
soybean,Karnataka,970.6,24.2,75.1,6.91,131.8,6.54,5.37
groundnut,MP,992.8,33.3,36.8,6.3,71.0,7.54,3.325
cotton,Punjab,1119.3,34.7,33.2,7.05,82.9,2.14,3.339
maize,Karnataka,1135.3,29.8,74.0,6.01,211.9,3.84,12.418
soybean,AP,1012.6,24.2,52.8,7.23,87.6,6.71,4.419
wheat,Maharashtra,482.3,19.3,53.5,6.26,87.5,3.68,5.784
soybean,Punjab,697.0,26.7,63.2,6.7,127.8,2.3,5.005
groundnut,Maharashtra,781.7,37.4,30.4,6.77,95.1,6.77,3.367
rice,Maharashtra,1637.9,33.1,83.4,6.94,147.4,6.47,12.089
maize,AP,958.0,28.5,82.4,6.3,172.5,7.75,11.653
maize,Telangana,837.6,32.2,35.2,5.87,153.2,1.74,8.237
cotton,Telangana,865.8,35.8,65.4,7.25,144.0,2.92,4.425
groundnut,Telangana,774.1,31.0,63.7,6.88,81.6,5.77,3.4
tomato,MP,726.0,22.7,46.3,6.73,154.5,12.27,45.405
tomato,AP,933.5,29.8,31.0,5.53,294.9,12.7,55.693
wheat,Telangana,740.3,14.6,34.8,6.59,150.2,14.97,6.825
maize,MP,1337.8,30.5,63.3,5.82,143.2,7.78,10.342
rice,Telangana,1119.7,27.1,35.0,6.05,167.2,3.48,9.175
rice,Telangana,1049.1,29.9,56.1,6.6,166.0,1.26,10.527
maize,Karnataka,718.0,24.7,63.7,5.84,181.3,11.02,9.981
groundnut,MP,955.4,29.6,51.8,6.45,101.3,2.01,4.047
rice,Punjab,1067.7,31.1,30.7,5.54,197.0,5.7,8.604
rice,Telangana,1545.2,26.4,53.1,6.6,148.6,5.55,11.25
wheat,Karnataka,443.3,17.7,69.8,7.45,110.7,11.31,6.317
wheat,Karnataka,814.3,22.1,59.2,7.06,104.4,8.56,6.173
wheat,Karnataka,624.8,10.2,67.9,7.38,148.6,8.8,6.396
tomato,Telangana,921.9,23.2,64.3,6.12,167.6,3.05,54.237
groundnut,Telangana,599.5,25.3,57.1,6.07,72.9,8.1,3.061
cotton,Telangana,1274.9,38.6,37.2,6.42,146.9,3.82,4.4
tomato,MP,635.9,28.9,69.7,5.76,264.6,2.04,57.737
soybean,MP,770.4,20.3,39.1,6.26,94.1,1.82,3.647
maize,Maharashtra,687.2,29.0,58.4,6.88,124.7,7.03,9.14
wheat,AP,993.3,12.2,81.9,6.56,167.0,7.08,9.184
cotton,MP,1180.9,31.0,61.9,7.76,132.1,14.71,3.941
maize,MP,565.3,27.7,64.1,6.31,165.4,9.42,10.38
soybean,Karnataka,1400.9,31.0,47.5,6.25,127.6,12.63,5.419
cotton,AP,658.5,35.3,73.4,6.91,145.8,12.1,4.257
rice,AP,1062.4,23.5,63.0,6.47,198.4,10.52,10.836
rice,AP,1738.8,34.7,77.3,6.32,141.7,14.56,12.545
wheat,MP,570.4,15.6,71.0,7.37,91.5,10.69,5.411
groundnut,Karnataka,981.9,32.4,75.8,5.93,78.7,3.85,3.972
groundnut,Maharashtra,1152.6,28.4,34.3,5.98,100.0,9.6,3.51
groundnut,Punjab,779.2,35.9,44.6,6.87,74.2,3.7,3.272
cotton,Punjab,1307.3,33.7,30.5,6.52,98.2,11.82,4.145
groundnut,Maharashtra,1188.8,26.9,50.4,5.55,94.7,12.03,3.295
maize,Maharashtra,532.4,26.6,36.5,6.66,161.5,1.39,9.029
maize,Punjab,1391.3,25.1,60.0,6.0,217.9,7.41,12.842
tomato,MP,1112.1,18.3,82.3,6.51,232.7,4.25,73.816
soybean,MP,878.1,25.2,40.7,6.32,140.5,12.96,5.018
cotton,AP,1099.5,32.6,35.2,6.71,133.0,9.52,4.246
groundnut,Karnataka,590.3,36.8,34.9,6.19,105.8,1.33,2.715
rice,Punjab,1062.5,25.8,67.4,6.82,142.1,0.77,9.871
rice,MP,1835.2,29.7,51.1,6.22,101.7,9.79,10.478
rice,Karnataka,1659.8,29.1,82.7,6.3,104.4,13.96,11.263
groundnut,Karnataka,569.3,27.7,41.4,5.78,91.2,10.59,2.767
groundnut,MP,510.4,33.1,82.8,6.86,66.2,14.53,3.233
maize,Maharashtra,962.5,25.7,33.8,6.65,151.9,13.57,9.32
wheat,Karnataka,978.8,22.8,65.7,6.61,88.1,4.81,7.563
cotton,AP,616.9,25.1,55.2,6.41,119.5,8.99,3.861
rice,AP,1760.1,26.3,81.4,5.93,176.4,13.77,13.341
tomato,Punjab,802.5,19.1,40.9,6.94,182.3,13.39,47.763
cotton,MP,1115.2,27.0,59.0,6.34,149.1,10.73,4.791
groundnut,Maharashtra,592.5,31.8,82.5,6.3,62.6,12.2,3.274
maize,Maharashtra,1394.3,22.0,31.8,6.22,169.4,4.39,10.888
maize,Punjab,824.0,33.1,59.3,6.92,164.2,9.65,9.918
wheat,Telangana,417.9,18.6,65.7,6.78,149.0,13.51,6.829
rice,Telangana,1853.4,23.1,62.1,6.7,164.0,3.84,12.949
wheat,AP,875.5,24.0,79.1,6.7,118.8,13.71,7.896
wheat,Maharashtra,873.6,24.5,58.4,6.08,84.0,4.72,7.048
tomato,Karnataka,1105.9,21.3,76.2,6.07,200.6,2.97,63.909
groundnut,Karnataka,1079.0,26.9,57.7,6.15,116.0,11.01,3.935
cotton,MP,1282.7,36.3,51.9,6.12,105.8,12.52,4.47
soybean,Punjab,1433.3,32.0,51.6,7.17,126.6,1.47,4.803
groundnut,Punjab,981.4,31.0,38.3,6.63,83.9,7.19,3.623
groundnut,Telangana,1061.1,27.7,36.8,6.09,115.7,4.18,3.704
tomato,Maharashtra,463.9,25.6,57.9,5.65,241.0,7.66,44.548
cotton,Punjab,1175.3,31.5,63.3,6.82,127.7,0.72,4.696
maize,AP,1214.1,32.2,60.6,7.0,147.3,2.44,10.714
tomato,Punjab,436.0,20.5,78.9,6.26,174.6,10.8,50.085
soybean,Karnataka,837.1,21.0,57.7,6.74,83.5,4.16,4.441
maize,Punjab,805.1,26.7,66.6,6.37,203.4,6.78,11.918
rice,Karnataka,984.5,23.1,57.7,5.98,143.6,12.85,9.084
wheat,AP,742.6,16.2,36.7,7.42,104.1,2.56,4.668
soybean,Karnataka,1248.1,27.5,65.4,6.77,101.0,13.67,5.405
rice,Punjab,960.7,23.6,82.3,6.88,166.3,8.95,10.992
maize,Punjab,881.3,27.0,34.3,6.16,157.1,3.37,9.311
cotton,AP,1316.3,27.7,60.6,6.69,85.2,9.36,4.615
wheat,Karnataka,403.4,11.4,53.0,7.42,98.7,12.82,5.101
groundnut,Telangana,1147.6,25.7,58.6,5.76,61.7,14.17,3.417
tomato,Punjab,1003.8,21.2,68.4,6.71,281.6,1.96,72.864
cotton,Karnataka,668.4,34.8,49.2,6.22,152.4,7.92,4.094
maize,MP,563.9,25.7,75.9,6.12,168.1,11.21,9.57
tomato,AP,706.1,25.9,43.3,5.79,165.4,2.3,44.795
cotton,Punjab,1336.5,33.0,38.3,7.27,93.6,2.86,3.799
tomato,AP,549.7,25.9,37.0,6.82,170.9,4.91,41.688
cotton,Karnataka,1104.3,26.5,66.9,7.84,145.6,14.83,4.156
rice,Telangana,1293.3,33.2,38.7,6.15,100.5,6.79,8.161
tomato,Maharashtra,410.2,23.7,54.2,6.84,239.5,2.85,51.364
soybean,MP,668.9,28.9,71.2,6.12,106.9,10.84,4.859
wheat,Karnataka,693.9,11.4,54.9,7.23,148.4,4.09,7.035
soybean,MP,1132.1,24.2,48.0,6.38,130.5,2.47,5.496
rice,Telangana,1819.2,27.5,55.3,6.69,185.0,5.12,12.898
groundnut,Karnataka,1047.0,35.7,73.1,5.54,104.0,10.66,3.815
groundnut,Karnataka,660.6,32.5,64.0,6.71,105.1,0.77,3.544
groundnut,AP,1188.2,31.0,42.2,6.61,111.4,9.5,4.263
cotton,Telangana,1107.3,32.9,58.2,6.66,100.1,8.88,4.467
cotton,Punjab,1430.3,33.4,33.2,7.05,114.9,13.29,4.386
rice,Punjab,1501.4,28.8,58.8,5.77,128.1,11.95,9.264
rice,Maharashtra,1044.7,23.1,36.9,6.49,142.3,10.28,9.168
maize,Maharashtra,1431.7,23.4,47.5,6.3,215.9,9.85,12.662
soybean,Punjab,699.6,27.5,64.4,7.37,111.7,9.33,4.473
wheat,Karnataka,702.4,16.6,64.9,7.3,114.8,3.59,5.865
maize,Telangana,1148.4,31.4,80.1,6.35,153.5,2.47,12.805
rice,MP,1922.5,31.5,51.5,5.95,135.3,0.95,11.402
cotton,AP,941.3,34.2,68.9,6.29,94.0,2.95,4.159
maize,AP,995.7,30.0,55.2,5.98,169.7,13.78,10.533
rice,Maharashtra,1585.4,33.1,53.8,6.47,187.6,9.32,12.443
rice,Telangana,1751.2,32.6,62.9,6.08,125.8,13.25,11.298
groundnut,Maharashtra,830.5,34.8,44.5,6.54,114.8,2.23,3.32
wheat,Punjab,1146.7,24.3,55.9,6.08,169.0,11.61,8.324
tomato,AP,1164.2,25.3,59.5,6.85,250.9,3.0,66.853
maize,MP,615.2,35.0,43.9,6.85,159.3,13.87,8.354
wheat,Punjab,677.8,11.3,48.5,7.43,141.8,4.49,5.693
maize,Telangana,1010.9,30.9,41.6,6.08,170.4,12.33,10.114
wheat,Maharashtra,590.4,24.1,70.3,6.61,145.4,11.71,7.288
soybean,MP,1094.1,27.2,81.2,6.0,98.1,4.71,5.34
tomato,Telangana,549.3,19.7,80.5,5.81,233.0,5.23,55.194
rice,Telangana,1892.5,26.9,73.0,6.24,153.3,8.68,12.345
rice,MP,948.8,34.2,75.2,6.7,102.3,9.06,9.013
tomato,Karnataka,769.3,19.3,65.0,6.31,164.5,2.75,52.637
soybean,AP,855.3,31.9,42.1,6.87,119.7,6.43,4.463
groundnut,MP,984.2,33.0,61.6,5.97,81.0,10.94,3.427
soybean,AP,728.4,25.5,65.7,7.44,95.0,14.75,4.116
rice,Karnataka,1206.9,23.3,82.8,5.77,136.6,4.48,9.841
tomato,Punjab,545.1,29.6,33.8,5.94,245.0,4.85,48.101
groundnut,Maharashtra,1005.8,33.7,75.1,6.7,112.0,7.0,4.042
groundnut,Punjab,851.6,32.0,35.8,5.97,92.4,3.85,3.005
wheat,Telangana,636.3,16.4,73.1,7.45,145.3,5.22,6.728
rice,MP,1108.1,25.3,77.2,6.37,134.1,14.83,11.017
maize,Karnataka,694.5,33.8,49.1,6.04,193.7,5.82,9.4
groundnut,MP,598.2,25.7,67.8,6.1,63.3,11.52,3.197
cotton,Karnataka,1273.5,39.0,84.7,6.39,120.0,10.38,5.417
tomato,Maharashtra,424.3,28.5,31.4,6.55,175.6,4.27,43.96
cotton,AP,1001.5,39.0,38.3,6.93,96.3,14.91,3.793
wheat,Punjab,528.0,10.1,59.4,6.43,168.9,9.67,7.295
groundnut,Punjab,1184.0,26.0,40.5,6.59,99.6,6.14,4.014
groundnut,Telangana,909.4,37.9,32.2,6.34,92.7,2.52,3.36
groundnut,Punjab,738.1,32.1,67.8,6.33,101.1,11.95,3.721
tomato,MP,516.8,25.6,45.2,5.99,178.3,4.96,41.711
rice,AP,1165.9,28.3,66.4,6.48,154.4,5.18,11.164
cotton,Telangana,1013.1,29.8,67.7,6.59,83.4,4.31,4.652
cotton,Karnataka,1099.9,39.0,34.3,7.35,82.3,10.97,3.371
rice,Punjab,952.6,30.0,43.5,6.72,175.3,4.24,9.84
tomato,AP,557.5,20.2,61.8,5.63,278.2,4.25,51.542
soybean,Punjab,989.0,24.8,74.6,6.39,149.4,4.38,6.182
cotton,AP,744.9,28.9,64.3,7.44,155.2,8.66,3.671
groundnut,MP,1079.4,32.0,84.2,5.85,68.2,0.75,3.51
wheat,Maharashtra,834.8,12.1,78.7,6.4,112.0,11.62,8.001
cotton,Telangana,647.0,33.7,36.6,8.0,142.8,10.34,2.976
rice,Punjab,1618.7,33.2,67.4,6.06,199.3,6.65,13.155
wheat,MP,817.3,11.7,73.8,7.19,136.4,2.75,7.587
wheat,Maharashtra,1091.5,13.7,40.9,7.26,96.9,2.1,6.251
rice,MP,929.9,23.8,78.4,5.87,157.3,6.56,9.162
cotton,Telangana,720.5,31.1,76.5,7.18,102.7,14.73,3.884
tomato,AP,414.3,27.5,51.7,5.79,203.0,13.79,43.428
rice,Telangana,1039.5,26.1,47.3,6.23,183.8,5.96,10.007
soybean,Telangana,608.1,31.5,37.1,6.21,100.1,7.61,3.779
tomato,AP,913.0,26.4,52.5,6.21,286.1,7.95,64.922
tomato,AP,827.2,23.9,68.4,6.95,273.1,3.33,64.795
rice,Telangana,1066.4,33.6,52.4,6.54,110.5,10.27,9.355
cotton,MP,1156.7,33.5,69.0,7.6,105.6,14.87,4.184
wheat,Maharashtra,625.5,24.0,56.6,6.04,101.7,6.33,6.059
groundnut,Karnataka,634.9,25.9,60.9,6.05,91.5,9.22,3.02
cotton,Punjab,679.0,28.0,57.1,7.48,102.4,5.24,3.409
maize,Punjab,846.7,34.9,78.9,6.23,182.7,9.75,12.38
soybean,AP,1326.8,20.6,76.7,7.33,121.0,0.65,5.631
tomato,Karnataka,496.1,26.7,64.6,6.12,252.2,2.87,51.732
maize,MP,1286.1,30.1,43.0,6.15,174.7,2.12,11.352
rice,Karnataka,1450.0,26.9,61.2,5.79,103.1,9.18,9.322
cotton,AP,1480.5,38.3,38.6,7.61,96.7,6.95,3.524
wheat,Punjab,580.5,15.4,72.2,6.67,109.1,6.44,6.84
cotton,MP,794.3,33.9,71.4,7.91,86.4,13.11,3.404
tomato,MP,432.6,18.5,30.1,6.83,169.0,3.09,40.971
rice,AP,1601.6,28.6,74.7,6.86,105.6,2.97,11.015
maize,Maharashtra,692.0,30.5,68.4,6.61,174.8,9.77,10.585
groundnut,AP,606.1,30.6,69.0,6.55,101.5,4.98,3.784
wheat,Punjab,694.0,24.2,71.3,6.52,140.3,13.64,7.295
maize,AP,823.7,29.8,60.9,6.92,132.6,13.52,9.247
soybean,Punjab,933.8,26.7,43.3,6.04,112.3,7.99,4.734
tomato,AP,891.4,24.4,71.6,6.99,268.7,9.6,65.275
tomato,Punjab,1191.8,28.4,61.3,6.28,196.6,9.76,65.758
soybean,AP,1301.5,20.4,34.8,6.75,140.3,8.01,5.012
rice,Karnataka,1873.8,32.8,70.5,6.9,187.5,3.18,13.301
groundnut,Telangana,1047.5,28.0,38.7,5.69,89.0,10.56,2.876
soybean,Karnataka,1267.0,20.8,47.9,7.45,80.0,10.35,4.163
groundnut,Karnataka,888.8,32.8,31.2,6.02,61.1,13.38,2.77
maize,AP,664.4,30.1,70.4,6.94,156.2,5.59,9.499
wheat,AP,605.9,14.2,53.3,7.5,112.7,14.86,5.33
maize,Punjab,866.2,32.4,53.3,6.17,143.4,10.66,9.728
groundnut,Telangana,671.4,33.5,57.7,5.93,96.4,3.65,3.148
tomato,MP,536.5,18.7,39.1,6.43,250.9,9.42,55.978
wheat,Maharashtra,1022.6,24.7,50.8,6.13,162.2,2.59,7.961
cotton,Telangana,803.4,36.8,60.9,6.21,103.7,8.91,4.041
cotton,Telangana,779.1,34.3,59.7,6.56,132.6,6.64,4.381
wheat,AP,1144.6,11.9,37.4,6.62,131.2,7.8,7.5
groundnut,MP,951.4,33.8,40.5,6.52,66.6,9.64,3.36
tomato,Telangana,1010.3,19.5,57.5,5.79,233.8,4.36,56.2
rice,Karnataka,1574.0,29.7,75.9,6.71,165.7,9.73,12.541
wheat,MP,475.1,20.4,56.3,6.89,139.0,8.38,6.077
groundnut,Punjab,730.1,28.3,31.5,5.54,84.6,0.51,2.828
soybean,Karnataka,883.5,26.8,70.1,6.45,145.1,5.85,5.463
soybean,MP,1007.7,22.8,59.9,7.38,107.3,12.94,4.294
maize,Punjab,519.5,23.2,65.5,5.87,176.9,2.82,8.764
rice,Telangana,1033.6,29.1,66.7,6.67,183.0,4.84,10.478
wheat,MP,871.0,13.8,65.6,7.47,118.8,11.0,6.764
cotton,Maharashtra,1240.8,35.1,32.2,7.89,109.4,13.67,2.879
cotton,Maharashtra,1227.6,38.1,48.3,6.62,146.4,12.02,4.874
maize,Punjab,991.4,30.3,82.9,6.91,193.4,7.0,12.184
tomato,MP,611.0,29.8,46.4,5.58,203.8,6.1,43.958
rice,Maharashtra,1308.0,33.1,54.7,6.28,131.1,6.65,10.236
soybean,Karnataka,767.8,24.0,69.2,6.94,107.1,14.81,4.43
rice,Telangana,1453.0,24.4,53.0,5.92,178.4,0.52,9.87
tomato,MP,448.1,20.1,56.5,6.59,222.1,9.17,50.824
tomato,Telangana,497.1,29.2,42.1,6.37,163.9,11.02,45.73
cotton,Telangana,1253.1,38.7,30.1,6.11,94.9,2.08,3.759
maize,AP,877.5,30.6,72.7,6.92,191.6,11.39,11.539
tomato,Punjab,1005.5,27.4,71.8,6.3,230.5,12.35,68.859
cotton,MP,1131.6,26.9,69.4,6.37,123.0,10.11,4.834
maize,Karnataka,1486.3,23.0,46.0,6.01,205.9,5.32,11.568
maize,Maharashtra,1417.2,21.9,74.4,6.29,120.3,2.94,12.361
wheat,Karnataka,518.9,16.3,47.3,7.09,107.1,10.18,5.79
rice,Telangana,1801.4,28.3,60.3,6.95,191.4,6.95,12.414
tomato,Karnataka,936.4,29.5,38.4,5.66,263.2,11.99,56.688
soybean,Maharashtra,1158.1,31.0,78.0,6.35,148.5,2.06,5.946
tomato,Punjab,1141.6,18.9,31.8,6.18,258.5,11.42,57.23
groundnut,Punjab,881.0,36.4,65.8,6.51,85.3,11.38,3.673
groundnut,Punjab,993.0,32.1,73.6,6.06,113.5,1.62,4.094
soybean,Punjab,1108.5,22.3,38.3,7.06,99.5,1.69,4.666
cotton,MP,950.8,32.3,76.7,7.19,143.2,1.63,4.296
wheat,AP,838.9,22.3,63.4,7.22,88.7,7.51,6.404
maize,Maharashtra,706.0,33.5,46.5,5.98,188.7,8.73,9.017
rice,Karnataka,1269.7,27.6,35.3,6.45,140.7,14.24,10.33
maize,Punjab,842.7,26.7,38.2,6.06,130.0,2.92,8.606
wheat,Telangana,1029.4,18.5,62.2,6.95,86.2,4.86,6.482
maize,MP,722.0,29.2,40.4,5.98,132.3,12.35,8.458
groundnut,MP,661.8,27.5,44.0,5.93,102.0,7.78,3.01
maize,Punjab,961.2,29.4,81.6,5.89,201.5,3.31,11.68
cotton,Telangana,1107.0,25.8,48.1,7.18,140.3,7.58,4.435
wheat,Maharashtra,776.9,24.9,65.9,6.24,150.9,13.15,7.727
maize,Punjab,1433.1,26.4,37.0,6.89,149.4,4.8,10.643
cotton,MP,1360.7,30.8,68.1,7.83,99.5,11.17,3.866
groundnut,Karnataka,1167.5,34.6,34.1,6.59,74.5,12.13,3.487
tomato,Punjab,945.3,27.4,73.7,6.11,171.7,7.08,56.699
groundnut,Punjab,619.7,34.7,57.1,6.36,84.3,8.47,3.501
wheat,Karnataka,702.5,14.4,39.5,6.58,130.1,6.21,6.178
wheat,AP,458.9,19.6,80.3,6.26,164.0,6.32,7.297
soybean,Karnataka,824.9,21.7,51.9,6.47,103.9,5.91,4.942
rice,Maharashtra,822.3,28.4,37.4,6.17,106.0,7.89,7.306
cotton,AP,1389.8,27.6,84.2,6.04,115.8,9.69,4.954
soybean,Maharashtra,1124.7,23.2,62.2,6.1,132.9,12.71,5.263
rice,AP,838.7,23.8,33.1,6.77,193.9,10.67,8.464
groundnut,AP,856.5,33.4,76.6,6.24,87.2,4.77,3.574
rice,Karnataka,1790.0,26.8,34.3,5.78,167.6,6.64,10.387
soybean,Maharashtra,733.2,26.3,34.2,6.89,88.5,2.92,3.655
rice,Telangana,1027.5,25.6,51.9,6.55,124.8,13.97,9.098
maize,Punjab,1165.8,33.5,78.9,6.46,176.1,1.29,13.47
rice,Punjab,1300.0,33.8,45.5,6.94,117.0,4.47,8.924
rice,Telangana,1487.6,30.6,80.3,5.59,162.2,7.1,10.552
groundnut,AP,697.2,34.8,75.1,5.89,108.9,7.13,3.656
wheat,MP,1162.7,19.7,51.2,6.6,130.6,6.48,7.596
rice,AP,872.3,24.3,50.4,5.84,140.8,10.97,8.528
cotton,Karnataka,939.1,37.7,31.7,7.43,133.6,3.17,3.732
wheat,Punjab,428.2,14.7,34.4,6.04,84.0,4.51,4.735
soybean,MP,727.3,21.9,38.5,6.94,120.0,12.86,3.766
soybean,MP,1294.6,29.2,51.7,7.37,120.5,7.47,4.916
soybean,MP,796.3,29.8,56.4,6.97,95.5,14.96,4.412
tomato,Telangana,493.2,18.3,77.2,5.78,178.0,2.76,46.171
tomato,AP,527.8,22.7,49.0,5.63,236.9,12.86,47.179
maize,Punjab,780.0,22.7,40.4,6.48,131.2,10.34,9.307
rice,Punjab,897.1,23.4,45.0,6.8,150.3,11.2,8.672
cotton,Maharashtra,1312.7,29.2,63.8,6.58,149.1,3.9,5.774
wheat,Karnataka,923.9,10.6,38.2,6.46,147.4,3.72,7.411
maize,MP,1408.2,31.2,63.1,6.93,162.4,7.51,12.212
maize,AP,597.0,22.1,62.5,6.03,156.3,5.34,9.533
wheat,MP,479.5,21.8,60.4,6.97,129.0,7.79,5.928
wheat,AP,956.1,13.2,39.9,7.19,125.7,10.04,6.392
soybean,MP,753.4,30.5,52.0,7.28,138.5,12.46,4.264
maize,AP,792.5,27.4,73.3,6.77,192.3,6.01,11.758
wheat,Maharashtra,1187.1,11.0,68.0,6.87,179.0,11.23,8.764
groundnut,Karnataka,759.1,34.7,65.6,6.8,104.8,11.61,3.57
maize,Karnataka,835.9,24.2,62.0,6.62,215.9,13.73,12.132
tomato,Telangana,871.9,20.9,79.9,5.82,233.4,1.55,62.016
wheat,Punjab,1015.8,11.7,45.1,6.18,116.6,3.38,6.831
maize,Maharashtra,591.7,24.5,76.1,6.0,171.1,3.85,9.907
groundnut,Punjab,1034.0,29.4,37.5,5.66,101.0,4.76,3.54
soybean,Punjab,1133.9,28.1,54.1,6.47,128.1,12.93,5.456
tomato,Karnataka,1066.2,28.7,60.0,6.92,212.8,8.86,59.498
rice,Punjab,1809.9,35.0,50.3,6.69,102.5,4.08,10.741
maize,MP,764.2,34.2,35.4,6.93,203.9,0.53,9.9
maize,Karnataka,1443.9,23.2,78.2,6.75,147.0,1.93,13.098
rice,MP,1368.8,25.9,77.4,5.9,195.4,12.34,11.6
wheat,Punjab,547.7,17.6,76.9,6.33,117.8,13.43,6.86
maize,Telangana,1413.1,22.2,30.1,5.87,173.5,11.92,9.074
soybean,Karnataka,937.5,25.2,57.8,6.02,85.8,2.68,4.709
tomato,AP,739.7,28.8,83.1,6.79,168.6,14.95,58.718
rice,Karnataka,824.0,34.1,59.7,6.44,182.8,8.19,10.241
cotton,MP,1024.6,34.1,39.9,7.04,115.7,6.26,3.74
groundnut,Punjab,926.2,28.1,59.1,5.63,104.7,6.91,3.163
maize,Punjab,914.7,32.3,48.3,6.5,129.1,14.71,9.265
tomato,AP,517.8,19.9,32.7,6.34,186.0,13.93,45.297
rice,Telangana,1660.9,26.3,48.4,6.9,198.6,9.07,11.775
maize,Maharashtra,1406.2,22.7,61.3,6.81,131.6,5.42,11.639
cotton,Punjab,870.6,28.9,52.5,7.49,97.8,4.48,3.569
maize,MP,1288.9,28.2,69.0,6.79,141.3,6.6,11.341
soybean,AP,1262.7,20.6,51.0,6.33,108.6,2.4,4.968
rice,Maharashtra,1881.1,26.4,58.9,5.51,151.7,2.24,10.969
wheat,MP,1026.8,10.6,67.9,6.73,133.0,1.04,7.988
groundnut,Punjab,588.6,27.2,64.3,6.5,82.5,14.96,3.182
soybean,Maharashtra,1414.2,21.1,46.2,6.68,106.4,14.92,5.102
rice,Punjab,1419.4,29.4,58.7,6.5,150.0,7.74,11.895
rice,MP,1700.2,27.6,82.4,5.5,161.2,4.23,11.34
maize,Punjab,1390.9,31.6,40.3,6.86,121.0,6.64,10.773
tomato,MP,647.9,26.6,74.3,5.79,211.2,9.37,51.804
soybean,Maharashtra,782.1,26.5,37.5,6.65,119.0,5.74,4.535
rice,AP,1470.2,29.1,81.4,6.27,194.4,5.72,13.429
soybean,Telangana,1451.2,21.8,64.7,7.11,80.1,7.67,4.555
tomato,MP,1090.0,22.7,45.2,5.59,166.0,3.69,48.611
groundnut,MP,1038.9,37.3,39.0,6.4,69.3,8.97,3.511
soybean,AP,1419.2,27.3,57.4,7.01,80.4,6.75,4.755
cotton,MP,1203.2,34.9,40.9,7.84,159.6,12.25,4.086
maize,Punjab,957.0,21.5,64.6,6.55,166.9,10.33,10.915
tomato,Maharashtra,599.3,24.3,76.1,5.79,166.2,10.64,49.548
groundnut,MP,1159.6,25.3,37.8,6.0,61.3,3.11,3.283
tomato,Maharashtra,738.0,26.3,47.3,6.96,154.3,5.29,47.871
maize,Karnataka,1158.2,23.3,70.4,6.29,163.4,9.47,11.999
soybean,Maharashtra,1263.1,28.9,46.1,6.74,88.2,4.19,4.721
maize,Maharashtra,680.0,27.0,85.0,6.6,216.5,14.32,12.886
groundnut,Telangana,1103.8,37.4,55.3,6.17,85.0,10.07,3.813
soybean,MP,1383.5,25.5,42.8,6.55,148.8,3.72,5.631
wheat,AP,1190.5,12.9,56.6,6.81,147.1,7.85,8.378
wheat,Maharashtra,1051.9,15.0,66.4,7.35,128.5,2.04,7.037
groundnut,Maharashtra,928.6,26.2,76.1,6.57,83.4,14.17,3.993
rice,Karnataka,1352.7,29.7,53.8,5.8,192.7,2.92,10.251
groundnut,Maharashtra,894.0,33.7,36.4,6.35,99.4,7.4,3.55
soybean,Punjab,760.4,28.4,41.2,6.32,134.6,9.38,4.583
groundnut,Punjab,1118.3,27.2,63.2,6.01,68.7,9.75,3.971
groundnut,Punjab,1004.1,36.3,47.6,6.66,74.5,6.01,3.393
maize,Karnataka,1495.7,31.7,66.6,6.83,212.2,3.05,13.625
cotton,AP,614.1,26.7,71.4,6.06,90.8,13.34,3.616
soybean,Maharashtra,1182.4,24.2,84.5,7.44,89.2,0.68,4.701
maize,Punjab,1066.3,21.4,62.3,6.85,133.7,0.98,10.111
groundnut,AP,508.4,29.6,33.1,5.95,99.4,12.25,2.733
tomato,MP,762.2,20.7,43.5,6.24,204.6,2.95,50.192
tomato,MP,861.7,20.7,45.1,6.19,232.9,5.48,56.803
wheat,Karnataka,768.3,24.9,65.0,6.54,145.3,11.9,8.194
wheat,Telangana,483.4,14.1,60.4,6.43,167.3,9.32,7.117
wheat,Punjab,460.2,16.3,44.4,6.27,90.4,11.26,5.544
cotton,Maharashtra,841.1,29.5,73.9,7.77,132.0,4.69,3.643
groundnut,Karnataka,1173.4,36.7,72.6,6.33,95.1,4.95,4.37
wheat,MP,912.0,13.4,58.5,7.28,155.0,7.92,7.119
groundnut,AP,1079.8,34.6,64.4,6.78,90.4,12.89,3.831
cotton,Karnataka,1423.6,25.2,48.0,6.43,98.8,4.59,4.429
groundnut,Maharashtra,1119.9,33.3,64.8,5.86,111.8,3.67,4.079
tomato,AP,861.3,19.7,72.4,6.7,196.1,9.89,57.946
soybean,Maharashtra,791.1,21.6,63.9,6.36,91.0,9.18,4.916
cotton,Telangana,1422.2,28.5,36.6,7.18,86.3,9.99,4.119
wheat,Punjab,1006.7,16.4,34.6,6.19,167.2,3.24,7.472
soybean,Karnataka,1435.2,26.8,74.8,6.95,109.9,8.0,5.18
tomato,AP,947.5,25.5,38.8,6.64,234.1,5.13,57.656
groundnut,Punjab,615.0,25.8,39.7,6.75,97.0,12.19,3.139
rice,Karnataka,1103.9,33.8,47.6,5.63,115.4,13.84,7.12
tomato,AP,1070.2,18.3,55.8,5.52,156.9,8.93,49.276
maize,Telangana,1231.1,22.8,38.2,6.11,144.4,4.04,9.518
rice,Maharashtra,1443.7,24.8,77.6,6.2,159.3,12.59,12.329
rice,Punjab,1903.8,33.9,62.1,5.52,110.7,12.8,9.527
cotton,MP,956.6,30.9,64.9,6.42,112.3,0.87,4.634
maize,Maharashtra,1123.6,24.3,63.7,6.27,174.9,11.67,11.98
soybean,MP,1102.0,25.7,47.4,6.32,80.7,4.26,4.882
maize,Karnataka,1261.6,26.6,42.2,6.94,142.1,9.26,10.445
wheat,Karnataka,1045.0,20.0,30.4,7.14,166.6,13.34,7.236
soybean,Punjab,1311.2,21.5,77.1,6.2,87.9,3.54,5.437
soybean,Telangana,775.9,27.6,31.5,6.06,149.5,1.23,4.791
wheat,Maharashtra,1065.3,13.9,34.3,6.71,81.8,9.32,6.549
groundnut,Karnataka,1095.2,26.7,72.5,6.18,116.8,2.2,4.138
maize,MP,1422.4,26.6,35.9,6.8,169.6,2.64,11.504
soybean,AP,1159.5,24.6,58.3,6.33,144.8,7.48,5.771
cotton,MP,772.9,33.0,47.7,6.02,82.5,7.27,3.627
wheat,Punjab,640.0,21.2,52.6,6.82,157.9,1.83,7.121
wheat,Telangana,845.6,24.3,56.1,6.24,145.6,5.99,7.775
soybean,MP,675.2,24.1,65.6,6.07,104.1,8.02,4.456
soybean,Karnataka,1096.3,26.7,54.6,6.77,105.5,2.13,5.021
wheat,Punjab,776.3,13.5,38.0,6.58,179.0,8.37,7.903
tomato,Maharashtra,762.4,25.3,70.2,6.74,232.1,5.54,61.75
groundnut,Telangana,1079.8,29.4,81.2,6.65,68.3,6.57,3.886
cotton,Punjab,1221.5,28.1,63.7,7.44,127.0,4.94,4.39
groundnut,Maharashtra,736.6,28.8,83.6,6.02,89.4,11.57,3.483
cotton,Punjab,872.2,37.3,53.0,7.66,154.6,8.49,3.669
cotton,Maharashtra,1492.8,34.8,38.4,7.97,121.3,3.05,3.78
soybean,Punjab,600.8,27.9,39.0,6.23,148.9,8.51,4.558
soybean,Maharashtra,1233.5,20.9,81.3,6.73,116.3,6.61,5.884
wheat,Telangana,403.5,14.0,40.4,7.42,156.3,1.47,5.75
wheat,Karnataka,834.7,14.1,45.2,7.09,80.0,10.35,5.641
soybean,AP,1335.8,26.6,73.5,7.38,114.0,6.41,5.388
cotton,Karnataka,1108.4,35.9,54.6,7.5,127.3,4.28,3.896
tomato,Telangana,695.8,27.6,49.0,5.55,184.8,10.24,43.907
rice,Karnataka,1111.0,24.3,52.7,5.81,176.9,6.38,9.439
soybean,Maharashtra,1002.0,31.1,51.8,6.45,108.0,8.42,4.629
wheat,AP,797.2,10.1,43.8,6.89,159.8,1.05,7.119
wheat,MP,1181.0,11.1,81.8,7.41,115.9,9.91,7.553
tomato,Karnataka,1181.4,22.9,71.4,6.02,166.5,6.98,59.243
groundnut,MP,940.9,27.5,74.6,5.89,111.5,11.94,3.84
groundnut,Maharashtra,771.0,26.3,51.5,6.09,69.5,4.81,3.4
wheat,MP,689.2,20.6,35.0,6.77,171.9,10.47,7.039
tomato,Maharashtra,644.4,20.1,76.1,5.9,225.3,4.62,55.159
maize,Telangana,772.1,21.5,47.0,6.91,207.3,4.08,10.597
maize,MP,718.9,33.8,73.4,5.82,159.5,12.65,9.806
groundnut,Karnataka,1168.1,33.8,50.7,5.64,104.9,13.86,3.48
soybean,MP,831.8,22.2,81.1,6.0,114.2,4.58,4.509
wheat,AP,896.3,10.8,56.1,6.76,118.2,2.86,7.145
rice,Karnataka,1760.5,31.9,38.9,5.8,190.8,12.06,10.787
tomato,AP,546.4,29.3,55.8,6.94,226.7,13.56,48.381
wheat,Telangana,1068.8,22.9,67.4,7.41,108.8,1.49,7.123
rice,AP,1769.9,29.1,70.7,6.01,160.8,5.64,11.964
tomato,Maharashtra,685.1,23.2,61.5,6.13,244.9,6.62,57.18
rice,Punjab,1545.2,33.4,37.6,6.65,198.2,3.73,10.908
cotton,Punjab,962.1,29.3,43.1,6.53,156.3,2.38,4.667
tomato,Maharashtra,971.9,19.6,45.1,5.83,262.1,14.73,54.132
maize,Maharashtra,1421.9,20.4,61.4,6.29,151.2,0.64,12.275
groundnut,Karnataka,738.5,28.2,74.7,6.37,102.3,5.54,3.858
rice,MP,1815.6,29.1,60.8,6.4,193.7,0.58,14.091
rice,Punjab,1141.7,28.5,67.8,5.81,129.7,6.73,9.655
wheat,Maharashtra,854.7,21.7,51.1,7.07,134.0,6.41,6.989
maize,Maharashtra,848.8,30.5,72.8,5.95,216.7,4.82,11.534
cotton,Telangana,1297.6,33.1,47.1,7.54,118.0,4.3,3.904
tomato,AP,401.8,20.1,33.6,5.69,294.1,7.76,46.44
soybean,AP,1268.7,24.2,33.1,6.29,139.3,12.21,5.278
rice,Maharashtra,1550.7,28.2,82.7,7.0,138.8,6.35,11.937
wheat,MP,574.6,19.2,60.0,6.32,91.6,13.0,6.703
maize,Punjab,1318.7,24.0,76.9,6.86,157.7,7.33,12.129
cotton,Karnataka,671.1,39.0,42.8,6.54,106.8,0.54,3.549
rice,Karnataka,1508.7,32.5,48.2,5.56,192.9,13.74,10.299
rice,Punjab,1229.8,23.0,57.6,6.41,102.6,9.26,9.306
maize,Telangana,760.1,24.8,81.3,6.21,193.2,14.63,11.96
rice,Telangana,1069.2,31.6,73.7,5.71,182.2,14.6,9.815
tomato,AP,672.9,23.0,84.7,6.2,244.0,9.2,62.52
groundnut,Karnataka,853.1,29.2,56.3,6.97,103.5,11.39,3.582
groundnut,AP,512.1,32.1,32.2,6.44,118.9,7.93,2.95
cotton,AP,834.6,35.0,58.3,6.15,110.6,14.47,4.102
soybean,Punjab,1425.0,29.8,61.1,6.88,140.3,5.69,6.055
cotton,Telangana,720.3,25.6,75.2,7.58,131.8,14.66,3.44
cotton,MP,1435.8,25.4,47.2,7.26,146.9,2.41,4.638
wheat,AP,583.4,22.5,71.4,7.1,107.6,4.05,6.252
maize,Telangana,1192.2,23.6,69.9,6.49,137.2,1.38,11.8
maize,Maharashtra,750.6,26.9,58.7,6.57,180.0,11.19,10.739
cotton,Karnataka,1499.1,32.0,66.2,7.99,138.4,9.78,4.258
groundnut,Telangana,767.5,28.0,68.5,5.65,95.8,3.34,3.102
rice,Punjab,1879.5,25.2,80.4,5.68,183.5,3.62,12.979
rice,MP,1957.8,28.1,79.6,6.13,190.6,14.89,14.897
groundnut,MP,668.3,25.4,63.4,6.59,74.0,13.79,3.553
cotton,Punjab,1326.8,37.8,55.0,6.89,108.7,9.97,4.411
tomato,Maharashtra,668.5,28.8,73.1,5.71,237.7,4.47,55.74
cotton,AP,706.8,39.6,78.7,7.25,121.4,6.61,4.015
groundnut,Telangana,1100.9,30.1,68.6,6.66,75.4,7.9,3.924
groundnut,Punjab,997.6,32.8,76.4,6.78,83.4,1.04,3.888
wheat,MP,458.4,23.8,57.1,6.71,111.6,8.23,6.312
groundnut,Punjab,1172.9,37.6,50.4,5.56,102.4,10.29,3.607
maize,Punjab,830.1,34.8,74.7,6.23,183.2,2.61,11.035
tomato,Karnataka,1041.0,21.1,67.8,5.51,213.5,9.53,53.627
rice,Maharashtra,1162.3,28.2,38.9,5.52,107.4,9.57,7.347
rice,AP,1796.7,29.1,35.0,5.77,195.2,5.82,10.401
tomato,Telangana,881.9,26.0,50.1,5.95,161.8,6.33,46.906
cotton,Maharashtra,1175.5,39.2,46.8,7.41,142.4,2.02,3.937
wheat,Punjab,732.5,23.7,33.9,6.97,136.4,11.09,6.64
soybean,Punjab,1452.1,23.9,71.0,6.23,149.1,6.51,6.606
wheat,Karnataka,1175.0,14.5,84.4,6.29,178.1,1.64,9.574
tomato,AP,1148.5,28.3,41.6,6.03,177.4,7.96,55.449
wheat,Maharashtra,418.5,20.4,63.4,6.03,98.5,1.75,5.518
groundnut,Punjab,1185.1,26.9,50.6,6.75,71.9,10.56,3.839
soybean,Karnataka,617.8,23.1,36.1,7.15,92.1,1.17,3.852
maize,Maharashtra,878.3,34.8,63.3,6.67,150.0,4.08,10.586
groundnut,Punjab,1127.3,32.2,58.8,6.6,87.2,10.58,4.053
cotton,Telangana,1337.8,36.7,53.8,7.69,102.5,8.68,3.986
tomato,Karnataka,1078.0,18.3,33.3,5.81,282.3,3.79,59.956
wheat,MP,676.2,21.9,61.2,6.45,161.5,11.82,7.591
tomato,Telangana,510.7,22.1,43.1,5.58,211.0,8.79,42.39
groundnut,Punjab,518.8,33.8,62.7,5.55,115.3,5.62,3.258
tomato,Punjab,939.3,18.5,37.0,6.95,287.7,2.13,62.177
tomato,AP,1082.4,25.8,84.7,6.02,296.5,11.67,76.252
cotton,Telangana,1284.8,28.9,82.5,6.3,124.3,13.24,5.414
soybean,AP,1105.6,22.7,82.9,7.42,137.9,3.21,5.375
tomato,MP,848.2,21.9,68.0,6.22,291.7,5.72,68.845
maize,Punjab,604.2,23.5,53.0,6.93,166.2,0.69,9.457
soybean,Maharashtra,1201.8,27.1,49.4,6.86,87.7,12.28,4.834
maize,Karnataka,1158.2,28.8,81.2,5.98,144.8,3.18,11.541
tomato,Punjab,935.0,27.1,56.3,6.67,248.0,9.86,63.088
cotton,Telangana,887.9,30.2,56.8,6.46,91.4,12.6,4.059
maize,Maharashtra,629.3,32.3,36.1,6.79,158.9,14.86,7.785
rice,MP,1980.3,25.3,50.7,5.54,151.2,4.29,10.493
tomato,AP,691.4,22.8,36.7,5.53,238.4,3.6,43.941
soybean,Karnataka,1119.7,22.6,70.7,6.41,123.5,11.23,5.839
maize,Maharashtra,954.3,31.8,66.6,6.03,135.2,6.44,9.741
groundnut,Karnataka,1127.7,30.5,39.8,6.39,66.4,1.02,3.637
maize,Punjab,1373.9,29.5,50.3,6.83,179.4,3.02,11.656
soybean,AP,1343.2,21.6,60.4,6.19,95.7,4.15,5.303
groundnut,Maharashtra,711.4,31.6,57.1,5.92,118.8,11.28,3.412
cotton,Maharashtra,1418.6,27.5,41.7,7.12,142.1,4.8,4.928
groundnut,Telangana,1160.8,31.3,61.3,5.6,109.8,1.3,3.343
cotton,Maharashtra,913.8,27.0,54.2,7.83,82.4,14.71,2.885
maize,Punjab,855.4,22.2,67.5,6.96,121.4,13.26,9.963
wheat,AP,999.6,18.8,34.3,6.06,101.3,2.05,6.264
cotton,AP,705.8,37.6,80.4,6.41,158.9,9.27,4.888
groundnut,MP,1124.2,32.5,46.9,6.73,90.8,1.83,4.055
groundnut,AP,1116.1,34.3,36.6,6.68,106.4,2.8,3.529
soybean,Maharashtra,894.4,23.7,46.1,7.27,123.7,10.85,4.026
rice,Maharashtra,1991.2,25.9,59.7,6.9,132.1,7.17,12.292
soybean,Telangana,982.2,28.6,48.5,6.45,111.4,1.83,5.029
maize,Telangana,961.4,32.2,57.5,6.63,125.8,14.87,10.168
maize,Punjab,702.3,30.5,45.6,6.59,157.5,13.83,8.9
maize,Punjab,932.0,31.5,58.9,5.98,213.3,7.82,11.733
wheat,Karnataka,1171.5,16.3,37.3,6.37,141.7,1.55,7.682
groundnut,MP,862.7,35.8,81.5,6.79,92.7,0.94,3.863
tomato,MP,513.1,18.4,71.5,6.53,278.3,3.44,60.985
tomato,Maharashtra,630.0,23.8,30.3,6.97,295.1,8.22,50.436
tomato,Telangana,604.6,20.0,35.4,6.07,229.5,8.79,46.051
wheat,MP,1113.5,23.8,44.0,7.1,126.7,11.29,6.494
tomato,Telangana,724.6,29.4,82.3,5.89,223.9,7.4,57.436
maize,Telangana,996.4,27.2,81.9,6.38,214.9,13.75,13.948
rice,Punjab,964.9,32.7,53.3,6.31,197.9,3.33,10.272
tomato,Maharashtra,989.6,25.9,61.9,6.67,161.0,14.02,54.278
maize,Punjab,1045.4,34.8,44.4,6.87,187.8,4.3,11.217
cotton,MP,1126.8,36.8,48.3,6.9,88.2,2.84,4.069
maize,MP,934.2,30.7,60.3,6.18,191.5,4.06,11.744
rice,Karnataka,1739.6,32.6,31.9,6.98,174.9,3.48,10.623
groundnut,AP,830.8,36.7,42.5,6.62,116.6,8.2,3.473
soybean,Punjab,617.3,22.0,40.3,6.33,115.7,5.74,4.273
groundnut,MP,986.6,32.0,78.3,6.33,117.2,9.92,4.427
rice,AP,1706.7,25.6,53.3,5.51,179.9,9.81,10.339
maize,Karnataka,583.6,34.6,58.9,6.29,151.6,1.44,9.245
tomato,Maharashtra,670.7,26.9,36.7,6.49,190.6,1.12,49.51
cotton,MP,1310.8,28.7,55.5,7.09,87.2,3.08,4.114
rice,Karnataka,1240.2,31.9,36.5,6.62,141.5,4.57,9.886
maize,MP,1137.5,25.3,64.4,6.63,153.6,4.03,11.742
groundnut,Karnataka,552.7,30.5,74.6,6.43,107.3,14.89,3.705
groundnut,AP,1063.2,28.5,84.1,5.6,78.8,13.54,3.51
rice,Karnataka,1737.9,27.7,84.6,6.11,192.0,11.58,13.595
cotton,Punjab,920.5,29.7,49.4,7.76,100.4,2.57,3.402
wheat,MP,972.3,18.0,82.6,6.01,167.4,3.43,8.327
cotton,Punjab,1402.8,30.7,68.6,6.59,134.2,11.81,5.366
tomato,Karnataka,614.7,26.2,63.7,5.7,226.6,2.85,52.669
groundnut,Punjab,1023.9,27.3,47.3,5.66,74.4,8.45,3.107
cotton,MP,983.5,32.8,34.6,6.01,82.7,10.64,3.252
maize,Telangana,1044.6,21.3,45.8,6.57,196.7,10.47,11.563
groundnut,Punjab,1029.7,36.9,52.0,6.16,74.7,4.13,3.608
tomato,Punjab,928.0,29.2,70.1,5.61,212.4,10.18,57.624
groundnut,Karnataka,614.1,35.2,83.0,6.93,106.1,9.27,3.651
maize,Karnataka,661.6,32.2,58.5,6.04,122.7,5.11,8.904
groundnut,MP,822.9,26.6,76.6,6.96,105.6,3.9,3.674
maize,Karnataka,887.3,22.5,77.6,6.33,128.5,1.18,10.627
tomato,AP,650.2,19.4,80.0,6.3,287.4,4.12,66.465
maize,Maharashtra,1298.3,34.0,54.2,5.81,143.3,8.66,9.935
rice,Maharashtra,1685.2,23.3,47.5,6.2,121.2,7.3,10.362
rice,Karnataka,1849.9,24.7,42.4,5.97,140.6,5.31,10.017
wheat,AP,528.0,22.4,45.5,7.46,143.7,9.3,6.105
groundnut,Punjab,606.4,35.1,42.5,6.14,105.0,12.57,2.94
rice,Punjab,1963.0,28.9,71.1,6.66,125.8,8.72,12.778
groundnut,AP,960.2,25.2,71.7,5.95,113.3,8.28,3.89
wheat,Karnataka,871.8,10.8,69.0,7.35,179.8,3.86,7.231
tomato,MP,973.8,21.6,61.5,5.72,151.1,14.55,48.853
maize,Karnataka,712.6,26.9,54.9,6.52,200.1,3.01,11.432
cotton,Karnataka,1248.5,26.2,58.3,6.41,112.7,5.62,4.656
rice,MP,1190.4,30.8,53.7,6.27,170.5,13.21,9.913
cotton,Telangana,1058.3,32.8,78.7,7.59,127.1,9.48,4.024
wheat,Karnataka,1158.9,19.3,69.7,6.35,118.4,4.82,8.154
cotton,Maharashtra,1499.3,26.4,64.1,6.43,101.7,11.31,5.072
wheat,Punjab,406.9,19.8,50.9,6.95,131.8,12.06,5.611
wheat,Punjab,845.0,14.2,83.9,6.4,103.8,6.29,7.524
wheat,Maharashtra,883.3,20.9,35.8,6.37,116.6,14.82,7.093
soybean,Karnataka,1204.1,24.5,34.3,6.59,118.2,12.1,4.932
rice,MP,1752.3,33.4,47.3,5.8,131.9,2.08,9.755
rice,Maharashtra,1730.5,33.8,62.8,6.65,182.5,13.37,13.058
cotton,AP,693.1,37.1,69.9,7.28,126.5,12.68,3.771
soybean,Maharashtra,724.9,27.8,62.4,7.36,88.0,1.73,3.955
tomato,Karnataka,1127.4,25.5,34.0,6.53,158.3,3.11,55.041
tomato,MP,537.5,18.6,35.5,5.57,178.1,8.56,37.09
soybean,AP,1000.5,27.1,44.3,6.99,125.4,12.24,4.577
soybean,AP,1409.2,31.1,74.9,6.08,80.3,4.87,5.418
soybean,Punjab,795.1,30.3,83.5,6.1,98.2,3.85,5.022
tomato,AP,712.6,18.8,32.9,6.24,186.5,5.29,43.899
cotton,Karnataka,1121.8,32.6,50.4,7.58,101.4,10.49,3.982
tomato,Karnataka,881.8,22.6,78.0,5.92,255.9,4.68,63.998
tomato,Punjab,747.2,21.6,49.3,6.43,290.9,11.51,65.169
maize,Telangana,1497.7,22.1,62.5,6.27,183.1,11.82,13.074
groundnut,AP,1016.4,25.8,74.1,6.31,74.7,1.22,3.923
tomato,Maharashtra,808.8,20.5,54.8,6.02,204.1,6.6,51.288
rice,Punjab,1179.3,32.0,65.7,5.98,123.9,1.17,9.284
tomato,MP,677.7,19.3,52.8,6.04,269.7,9.0,53.852
wheat,Telangana,455.8,23.2,78.3,6.5,115.0,10.76,7.309
rice,MP,1949.6,33.8,52.5,5.85,180.4,10.41,12.308
maize,Maharashtra,1427.8,20.8,56.8,6.72,153.7,12.62,11.804
soybean,Telangana,1445.3,24.0,52.3,6.15,119.5,9.06,5.874
wheat,AP,1040.7,15.7,84.4,6.25,158.0,4.55,8.645
maize,Punjab,1418.9,31.5,62.6,6.45,212.8,12.82,13.89
maize,MP,1419.2,21.0,57.0,6.5,166.8,7.17,12.644
maize,Telangana,1457.4,24.3,70.7,5.93,215.4,13.42,14.033
soybean,Telangana,1035.7,31.2,68.8,6.69,127.0,12.64,5.372
tomato,Karnataka,937.0,29.6,77.1,6.84,250.1,1.74,66.901
soybean,Telangana,611.8,22.1,64.8,6.95,142.0,10.13,4.638
maize,Telangana,1151.4,24.9,60.7,6.5,162.4,2.63,11.792
maize,Karnataka,874.3,31.0,64.8,6.65,210.9,5.06,12.091
maize,Punjab,1247.4,22.0,72.4,6.01,195.9,11.97,13.255
cotton,Telangana,1379.9,35.8,61.9,7.67,136.7,2.09,4.482
soybean,Telangana,1075.9,24.4,71.4,7.18,143.9,11.02,5.468
groundnut,Maharashtra,1083.8,25.5,56.8,6.64,72.7,10.58,3.812
wheat,MP,691.0,17.2,76.5,7.26,165.3,9.16,7.398
groundnut,Maharashtra,717.9,25.0,48.1,6.65,76.6,12.73,3.101
groundnut,AP,1127.1,30.7,43.2,6.54,118.8,12.4,4.045
cotton,Punjab,983.7,29.2,46.7,6.89,80.4,6.96,3.999
cotton,AP,863.7,39.2,60.5,6.78,97.4,11.36,4.208
tomato,Maharashtra,621.1,27.9,81.2,6.26,211.3,1.8,55.504
maize,Telangana,713.7,29.4,82.6,5.83,179.2,12.03,11.023
rice,AP,965.8,28.0,84.4,6.09,197.2,6.45,11.289
soybean,Punjab,1003.3,30.8,31.0,6.28,136.5,13.85,4.972
soybean,AP,672.4,23.8,82.1,7.12,115.7,2.53,4.438
wheat,Maharashtra,1154.7,16.7,78.0,6.72,95.8,10.54,7.764
soybean,Punjab,1390.2,30.9,31.5,6.07,88.4,8.94,4.638
wheat,Punjab,844.5,21.9,66.7,6.56,174.5,9.13,8.511
maize,Karnataka,1366.0,24.9,32.3,5.98,183.9,6.0,10.66
tomato,MP,1164.7,27.8,61.3,6.98,229.6,12.62,65.695
wheat,Punjab,725.4,19.2,66.8,6.99,155.1,11.31,7.313
cotton,Telangana,1306.9,25.5,66.9,7.99,146.3,14.52,4.502
soybean,MP,650.8,26.7,55.3,6.42,105.9,11.73,3.756
tomato,Telangana,831.9,21.0,48.8,5.89,263.6,1.25,57.027
tomato,MP,910.9,27.8,53.6,6.94,261.9,4.84,61.847
rice,Telangana,1613.2,25.1,73.9,5.99,129.2,2.98,10.706
soybean,Maharashtra,1082.9,28.5,43.6,6.92,109.7,3.95,4.827
cotton,Telangana,1357.4,38.7,62.0,7.82,141.6,8.64,4.089
cotton,Karnataka,1250.3,28.4,84.3,7.66,124.3,3.55,4.532
rice,AP,1119.2,22.8,47.1,6.32,152.2,14.8,10.279
maize,AP,1097.2,30.5,69.5,6.83,204.0,7.75,12.853
groundnut,Punjab,1086.5,26.8,76.1,5.97,85.5,13.45,3.827
groundnut,Punjab,980.5,26.0,72.1,6.11,89.2,13.43,3.892
groundnut,Karnataka,730.1,37.8,57.9,6.81,77.8,3.85,2.928
tomato,Punjab,468.4,28.4,31.4,6.39,298.4,12.56,53.45
rice,AP,1422.1,27.2,56.0,6.86,109.3,9.96,9.823
maize,Telangana,774.7,23.0,78.0,5.98,171.2,9.05,11.083
tomato,Karnataka,844.5,20.9,41.6,6.61,282.3,2.83,61.021
wheat,Telangana,689.0,16.5,42.7,6.33,122.5,10.16,6.968
wheat,MP,804.5,13.9,39.5,7.4,132.2,4.46,5.927
soybean,Maharashtra,625.0,26.3,39.4,6.51,147.5,12.01,4.365
cotton,MP,1166.7,29.2,65.5,7.51,90.9,14.85,3.757
cotton,MP,727.8,32.0,57.5,7.29,82.1,1.71,3.495
maize,Maharashtra,1229.7,21.0,56.1,6.74,163.2,6.59,11.181
soybean,MP,815.9,25.0,41.6,6.87,129.1,12.63,4.505
groundnut,AP,1069.1,27.9,37.6,6.7,117.2,14.69,3.965
soybean,Karnataka,806.6,29.9,61.1,6.37,83.8,5.1,4.412
groundnut,MP,630.8,29.6,69.7,6.22,113.4,2.6,3.703
tomato,Maharashtra,834.3,26.4,72.1,6.36,218.6,5.98,63.814
rice,Maharashtra,1497.8,25.5,59.5,6.83,147.1,13.04,11.045
tomato,Punjab,465.8,21.8,60.8,5.95,299.4,13.26,59.204
rice,Maharashtra,1894.1,27.9,68.1,6.71,125.6,6.37,12.009
wheat,AP,840.0,12.3,48.9,6.28,126.5,6.89,6.604
soybean,AP,1304.2,29.8,44.5,6.81,91.0,14.35,4.787
maize,Telangana,1050.0,23.9,83.1,6.95,177.5,11.89,12.439
cotton,Punjab,1233.7,32.2,32.5,6.27,101.2,5.72,4.174
cotton,Telangana,943.9,33.7,67.3,7.46,128.4,13.05,3.905
wheat,Maharashtra,1189.7,21.6,79.8,7.08,101.7,7.37,7.649
groundnut,AP,572.2,37.6,82.7,6.67,103.6,6.41,3.553
tomato,Telangana,411.3,19.5,55.4,6.14,151.8,8.08,43.741
tomato,Maharashtra,480.3,20.2,31.4,6.42,248.7,8.34,46.212
soybean,Punjab,665.8,24.0,44.0,6.61,114.7,13.65,4.136
soybean,Karnataka,1366.4,25.3,60.0,7.08,87.8,14.43,5.118
rice,Maharashtra,1760.2,26.6,56.7,6.23,118.8,7.98,11.179
groundnut,AP,732.3,29.8,60.4,5.63,98.5,1.09,3.279
rice,Karnataka,1454.9,27.9,66.0,6.81,139.9,9.42,11.169
soybean,MP,678.2,20.3,75.2,6.64,113.7,6.51,4.746
rice,Punjab,1583.0,23.9,76.0,6.23,196.4,10.99,12.547
cotton,Karnataka,954.8,31.8,72.1,7.53,124.3,14.56,4.213
cotton,Maharashtra,777.1,30.6,56.2,7.04,82.8,13.0,3.857
soybean,AP,1370.0,22.1,42.4,6.23,107.5,10.3,5.021
soybean,Maharashtra,1135.9,29.6,49.3,7.39,147.5,12.91,4.604
soybean,Punjab,1442.2,30.7,73.4,6.62,80.4,13.27,5.607
soybean,Maharashtra,1000.5,26.8,71.1,6.48,91.2,0.52,5.321
soybean,Telangana,1378.2,22.7,43.6,6.5,121.1,12.79,5.712
wheat,Telangana,433.1,12.6,62.3,6.07,126.9,1.15,5.605
rice,Punjab,1382.6,32.4,78.8,6.44,110.5,13.8,11.339
wheat,MP,807.0,24.4,73.0,6.3,114.6,11.86,7.088
cotton,AP,1373.7,35.5,55.7,7.27,116.7,6.39,4.113
rice,AP,927.8,34.0,54.5,5.54,110.5,4.31,8.045
groundnut,MP,582.2,26.7,35.7,6.7,105.5,10.18,3.385
cotton,Maharashtra,843.0,35.0,52.5,6.74,97.5,11.57,4.021
maize,Karnataka,799.9,32.5,50.6,6.86,163.3,9.38,9.874
rice,MP,1276.9,24.3,44.8,5.54,163.7,7.23,8.778
tomato,Punjab,539.9,24.1,43.9,6.19,243.6,3.61,52.512
tomato,Telangana,498.6,20.7,79.1,6.36,278.6,12.56,64.68
groundnut,Telangana,588.9,26.5,52.8,6.92,106.4,3.97,3.682
cotton,Telangana,1130.3,31.0,65.7,7.69,110.2,3.45,3.912
wheat,MP,1145.1,13.8,55.7,6.67,175.1,1.64,8.497
rice,AP,1147.8,34.8,50.2,5.98,101.2,14.96,8.325
maize,Karnataka,1022.8,23.4,56.7,6.59,125.2,10.87,10.814
cotton,Maharashtra,1047.7,27.8,74.3,6.12,105.1,6.58,4.486
maize,Maharashtra,1041.7,29.0,60.4,6.33,134.6,14.67,11.051
soybean,Punjab,1236.3,20.4,82.0,7.19,114.6,5.19,5.469
cotton,Punjab,1460.5,29.1,68.0,6.94,140.2,12.66,4.934
wheat,Punjab,680.0,12.6,32.0,6.83,84.8,1.44,5.559
soybean,AP,966.3,25.9,49.7,6.52,97.8,3.3,4.629
wheat,Maharashtra,781.5,14.5,61.3,6.15,150.3,12.24,7.499
groundnut,Punjab,606.6,35.1,84.5,5.67,103.7,14.39,3.379
rice,Punjab,1673.7,22.1,30.4,5.65,159.7,13.68,9.895
maize,Punjab,740.9,29.3,84.7,6.85,213.4,11.56,12.199
groundnut,AP,566.2,26.4,35.8,5.7,96.9,8.77,2.905
tomato,Maharashtra,1123.1,25.5,68.7,6.98,154.6,0.88,54.574
tomato,Karnataka,647.6,19.9,40.1,6.59,285.7,13.85,60.936
maize,MP,1235.7,34.4,48.6,5.98,163.5,6.13,11.031
wheat,Maharashtra,548.4,18.1,30.6,6.67,171.9,14.84,6.924
rice,Punjab,1070.7,22.0,82.6,6.5,115.7,9.26,10.5
rice,Telangana,1326.0,28.5,41.3,6.7,164.0,9.34,10.447
rice,Punjab,873.6,27.0,35.8,5.84,183.9,5.73,8.667
wheat,AP,885.2,15.6,65.0,6.3,112.6,10.89,7.455
rice,MP,906.6,25.0,72.9,5.78,174.6,11.77,8.581
rice,AP,1533.5,25.8,76.7,6.35,199.2,4.58,13.41
wheat,Punjab,1185.2,13.5,32.2,7.34,168.3,10.21,7.344
cotton,Karnataka,1048.9,31.2,33.4,7.84,157.9,13.88,3.342
groundnut,Telangana,736.1,34.9,32.2,6.67,103.5,2.43,3.005
rice,Telangana,1861.0,34.9,44.4,5.57,155.4,12.57,10.624
groundnut,AP,889.8,35.9,45.9,6.9,76.7,4.43,3.184
wheat,MP,969.7,23.5,72.2,6.53,137.2,13.52,8.203
soybean,Telangana,1416.2,25.3,42.2,7.35,134.4,13.98,4.955
wheat,Telangana,933.9,11.6,48.5,6.1,176.8,12.74,7.612
cotton,Karnataka,1216.7,26.3,77.7,6.82,128.6,10.86,5.104
tomato,Maharashtra,1162.6,24.9,83.9,5.87,193.9,9.43,67.282
cotton,Telangana,1049.9,26.5,58.2,6.15,127.4,5.71,4.356
wheat,Karnataka,737.2,13.0,73.2,6.53,168.5,5.92,8.378
tomato,Karnataka,748.7,29.1,38.7,5.94,269.2,3.09,51.064
wheat,Maharashtra,440.6,19.0,70.3,6.91,86.6,7.3,5.837
cotton,Telangana,1344.2,29.8,41.1,6.97,100.9,0.51,4.189
groundnut,MP,506.3,28.7,33.5,5.52,82.5,1.07,2.57
wheat,Maharashtra,820.5,11.3,52.0,6.01,150.3,4.68,6.773
maize,Maharashtra,814.7,32.0,57.5,6.01,195.6,1.69,10.509
tomato,MP,608.1,25.0,70.2,6.85,289.6,11.05,61.955
tomato,AP,522.3,24.3,51.8,6.2,277.2,7.78,55.53
wheat,Maharashtra,566.3,22.5,50.3,6.72,103.1,4.63,6.003
cotton,Maharashtra,843.5,26.4,52.8,6.38,159.4,13.95,4.61
wheat,AP,846.3,15.2,74.6,6.97,122.2,6.76,6.787
wheat,Punjab,923.8,16.0,81.9,6.41,141.4,2.42,8.826
cotton,Karnataka,1088.7,32.9,75.7,7.92,128.5,7.96,4.055
soybean,Telangana,1357.1,22.4,61.4,6.48,116.2,3.31,5.552
soybean,AP,1282.9,28.8,47.0,7.26,145.3,12.96,5.094
wheat,Karnataka,615.7,20.6,70.0,7.39,162.5,6.12,6.826
cotton,Karnataka,761.5,32.1,54.8,7.26,121.6,14.62,3.714
soybean,Maharashtra,684.2,23.3,49.0,6.98,102.1,13.44,4.141
rice,Karnataka,923.4,26.0,39.5,5.61,155.6,12.93,7.633
rice,AP,1539.6,26.4,49.3,6.27,190.9,5.37,11.829
groundnut,MP,723.1,26.0,81.3,5.77,116.9,3.76,3.483
wheat,Punjab,548.2,10.7,36.0,7.24,112.5,12.59,5.318
rice,Karnataka,1620.5,33.8,33.4,6.23,112.8,5.12,9.475
soybean,Punjab,688.5,27.7,82.8,6.21,138.7,2.47,5.012
wheat,Punjab,1149.8,17.1,41.6,6.8,154.8,14.7,7.659
wheat,MP,1148.0,20.3,32.6,6.06,94.2,14.62,6.618
wheat,Maharashtra,748.8,17.0,51.8,7.17,102.0,14.39,5.842
wheat,Telangana,416.4,14.0,49.9,6.07,95.5,0.8,5.182
wheat,Maharashtra,1036.5,16.2,70.9,7.48,147.9,3.29,7.6
cotton,Telangana,874.7,32.1,33.4,6.2,93.8,8.62,3.387
rice,AP,1899.3,29.0,78.7,5.89,105.9,7.44,10.552
tomato,Maharashtra,1069.3,24.5,46.3,5.84,260.4,11.47,59.13
tomato,MP,810.9,24.0,81.6,6.93,173.0,8.65,55.742
soybean,Karnataka,1274.6,29.9,63.8,6.72,127.5,6.4,5.704
maize,Punjab,692.4,22.5,47.5,6.68,183.7,9.71,9.737
cotton,Karnataka,1342.2,31.2,75.7,7.14,86.3,12.04,4.601
tomato,Telangana,946.5,22.5,38.0,6.81,267.1,9.22,60.648
wheat,AP,582.3,13.5,72.8,7.15,81.9,8.14,6.409
cotton,Punjab,798.7,38.4,69.7,7.97,100.1,7.83,3.381
cotton,Maharashtra,724.8,28.6,66.1,7.84,83.2,9.77,2.97
maize,MP,968.2,32.8,58.2,6.0,143.2,6.44,10.264
tomato,Karnataka,1163.9,23.6,63.4,5.78,257.7,12.33,64.338
tomato,Punjab,435.9,26.9,69.4,6.98,230.7,6.9,54.85
groundnut,Punjab,533.0,25.5,38.5,6.47,92.9,8.45,2.954
groundnut,MP,941.6,30.8,52.8,6.74,72.8,8.15,3.598
maize,Telangana,556.5,33.7,59.2,6.06,157.9,14.65,9.105
wheat,Karnataka,665.7,20.4,49.8,6.82,147.5,3.31,6.763
groundnut,AP,949.2,34.6,40.7,5.68,75.4,12.7,3.151
rice,Karnataka,1340.9,32.7,34.2,6.58,191.4,7.88,10.393
wheat,AP,735.2,21.9,53.7,6.74,129.3,3.81,7.21
tomato,Karnataka,696.3,26.5,57.4,5.61,223.0,9.43,47.545
wheat,Telangana,915.6,17.4,43.8,7.15,150.1,11.87,6.592
groundnut,Punjab,918.9,37.1,79.8,6.67,95.7,9.21,3.668
tomato,Punjab,498.2,23.7,65.9,6.31,233.2,7.83,55.882
wheat,Punjab,1085.6,19.9,65.0,7.29,107.6,10.86,7.37
wheat,Telangana,875.9,19.2,39.2,6.8,143.0,10.43,6.866
wheat,Maharashtra,761.6,15.0,76.1,6.71,142.2,7.51,7.793
rice,Punjab,1216.0,27.4,41.5,6.34,129.4,2.54,8.645
cotton,Punjab,660.3,25.9,63.5,6.88,126.8,1.03,3.894
groundnut,Maharashtra,733.5,28.4,56.6,5.94,116.2,6.8,3.522
groundnut,Maharashtra,1151.5,29.0,57.0,5.77,95.7,1.4,4.069
wheat,Karnataka,1196.4,16.3,75.7,6.77,87.5,1.92,8.132
groundnut,Punjab,744.0,29.4,83.9,5.99,117.0,14.61,3.778
tomato,Telangana,631.4,26.5,30.5,6.24,242.5,11.85,51.323
soybean,Telangana,669.1,29.5,67.0,6.88,114.3,7.83,4.705
cotton,Maharashtra,1193.6,34.2,48.5,7.06,93.8,10.55,4.043
groundnut,MP,784.3,34.9,56.9,5.51,100.7,5.96,2.929
cotton,AP,952.3,31.6,73.8,7.34,116.3,9.78,4.012
rice,Telangana,1414.2,31.8,69.8,5.9,134.8,8.42,10.347
soybean,MP,946.6,22.9,74.2,6.82,129.5,13.87,5.203
rice,Telangana,1919.1,30.0,61.9,6.08,188.7,7.09,13.019
maize,Telangana,655.2,24.7,48.1,6.92,153.8,9.9,8.838
cotton,AP,1475.5,29.1,45.1,7.57,103.0,1.33,3.977
groundnut,Punjab,1071.1,25.8,49.7,6.03,72.0,5.64,3.251
groundnut,Karnataka,1034.8,34.0,58.5,6.01,68.8,13.82,3.488
tomato,Punjab,645.3,20.7,56.0,6.6,261.8,14.23,58.37
wheat,Punjab,1164.8,17.8,56.6,7.41,144.3,9.84,6.879
cotton,Karnataka,1232.9,37.6,60.3,6.61,81.2,7.59,4.728
rice,Maharashtra,1559.0,34.2,74.7,6.1,189.4,2.84,12.559
tomato,Maharashtra,551.5,19.5,47.6,5.86,158.9,4.6,44.67
groundnut,Karnataka,601.3,33.1,69.0,5.84,67.3,0.83,2.849
tomato,Punjab,1014.7,23.7,68.2,6.93,236.9,13.9,62.856
groundnut,AP,1139.4,30.8,63.5,6.85,114.4,7.11,4.199
rice,MP,1784.1,34.4,58.5,6.12,169.8,2.12,12.096
groundnut,MP,971.5,32.6,44.3,5.55,63.7,11.3,2.844
cotton,AP,1091.5,34.3,43.7,6.91,104.0,9.04,3.926
tomato,Punjab,722.4,26.3,76.2,6.11,155.5,5.12,52.847
maize,Karnataka,1355.1,29.2,70.5,6.92,171.8,13.8,12.719
tomato,AP,421.1,19.4,56.6,6.96,281.0,14.43,49.928
soybean,Punjab,1260.7,21.8,84.3,7.17,105.2,12.23,5.59
soybean,Telangana,806.5,31.5,32.0,6.05,95.6,14.51,3.849
maize,MP,784.1,24.3,42.2,6.76,145.6,10.62,9.556
soybean,Telangana,611.8,31.2,55.8,6.47,133.5,2.44,4.46
maize,Punjab,532.4,20.2,41.5,6.42,125.8,13.9,8.611
maize,Karnataka,790.8,30.9,40.2,6.86,124.6,6.12,8.118
soybean,Karnataka,841.8,21.6,46.1,6.24,122.5,6.3,4.363
wheat,Punjab,788.0,18.8,42.5,7.12,111.9,14.49,6.188
tomato,Punjab,512.7,25.8,48.2,6.69,292.5,9.51,59.79
tomato,Punjab,846.3,20.0,77.5,6.37,277.4,7.51,71.295
soybean,AP,939.4,31.1,69.4,7.48,107.7,8.93,4.272
rice,Punjab,985.0,26.8,81.0,5.59,161.3,8.62,9.81
cotton,Punjab,718.0,32.5,54.6,6.39,125.7,10.36,4.369
wheat,Punjab,688.8,19.3,74.0,7.3,89.3,3.97,6.19
wheat,Karnataka,943.2,19.2,56.9,6.12,146.7,11.42,7.629
rice,Karnataka,1109.9,29.1,71.0,6.22,138.6,8.69,9.905
wheat,Punjab,461.9,19.1,47.7,6.92,118.1,1.41,6.005
tomato,Maharashtra,669.3,29.4,71.5,6.51,219.0,11.79,58.888
rice,MP,917.2,31.3,55.9,6.88,116.2,11.21,8.438
wheat,AP,974.2,23.4,69.2,6.12,87.2,6.28,7.883
tomato,Punjab,1035.7,25.8,45.9,5.93,255.2,1.05,58.407
soybean,MP,1039.8,29.2,54.7,7.3,104.8,7.32,4.627
rice,Punjab,1896.7,30.5,50.5,5.82,116.5,5.53,9.913
maize,AP,837.4,23.7,32.0,6.59,185.8,14.24,10.337
tomato,Telangana,922.1,29.5,30.3,6.73,171.0,4.97,48.457
tomato,Telangana,969.4,24.2,78.3,5.88,263.5,10.15,63.491
wheat,Karnataka,978.5,10.3,48.4,6.96,156.7,1.6,7.514
maize,AP,641.8,25.6,77.4,6.65,201.7,8.19,12.05
groundnut,Punjab,551.4,31.0,66.9,5.92,64.6,14.67,2.956
maize,Punjab,797.3,21.3,48.9,6.07,148.5,9.69,9.624
groundnut,AP,1020.1,36.2,74.1,6.04,99.6,10.64,3.683
wheat,Punjab,795.7,22.0,31.0,7.36,135.7,12.36,5.785
groundnut,Karnataka,861.3,37.3,68.5,6.11,110.9,14.53,3.954
wheat,Maharashtra,1126.1,18.5,60.4,6.71,110.6,8.8,7.855
groundnut,Karnataka,515.9,36.3,47.1,6.42,77.7,7.25,3.125
maize,MP,504.3,20.4,31.2,6.23,132.4,12.96,7.769
soybean,AP,1153.9,24.6,56.0,6.19,94.8,14.6,4.506
rice,Telangana,1183.3,22.1,61.5,6.95,151.7,10.16,10.078
maize,Punjab,948.7,25.6,37.6,6.79,206.5,8.37,11.277
cotton,Punjab,1045.0,35.5,67.5,6.01,85.8,4.71,4.349
maize,AP,1332.7,22.2,44.3,6.68,149.3,12.41,10.689
tomato,Maharashtra,1046.7,18.1,62.2,6.67,179.2,6.99,56.325
groundnut,Punjab,525.9,25.5,72.8,6.49,117.1,7.3,3.8
groundnut,Telangana,531.5,27.1,76.4,6.96,83.9,10.72,3.376
wheat,Maharashtra,763.9,23.0,41.5,6.83,104.6,11.42,6.331
cotton,Telangana,1422.8,25.3,61.8,7.26,128.4,7.38,4.757
maize,Punjab,615.5,20.7,66.7,5.83,134.7,7.66,9.077
groundnut,MP,630.3,34.8,30.8,5.95,85.5,12.73,2.833
rice,MP,1757.5,23.5,84.0,5.87,134.6,11.84,11.751
groundnut,Maharashtra,841.0,34.3,78.3,6.6,94.1,2.79,3.938
cotton,Maharashtra,654.3,31.3,61.9,6.4,143.2,5.73,4.27
wheat,Maharashtra,850.5,16.5,57.5,6.08,146.5,4.52,7.217
cotton,Maharashtra,980.7,37.6,81.2,6.85,146.4,0.8,4.591
rice,Telangana,960.8,23.6,82.9,6.18,176.4,6.56,11.202
groundnut,Punjab,1004.8,32.7,49.8,6.64,71.6,10.23,3.756
soybean,AP,720.1,23.9,44.9,6.36,84.3,13.72,3.896
wheat,Maharashtra,613.3,15.9,82.8,7.07,91.7,1.12,6.846
groundnut,MP,697.5,26.5,46.0,6.78,100.8,0.75,3.301
tomato,Karnataka,1129.5,22.3,75.1,6.19,254.8,1.95,72.247
maize,Karnataka,759.3,27.5,56.5,6.83,168.7,9.47,10.439
wheat,Karnataka,446.6,13.6,43.3,6.58,172.8,5.8,7.086
maize,Punjab,802.1,30.3,70.4,6.32,139.6,0.89,10.074
soybean,AP,1211.9,25.5,50.5,6.89,121.7,14.04,4.803
cotton,Karnataka,1228.2,26.1,44.4,7.67,83.3,11.56,3.489
maize,Telangana,1485.7,26.2,33.6,6.25,206.5,8.56,12.532
groundnut,MP,570.1,32.0,62.3,5.7,113.4,3.9,3.185
maize,Telangana,987.5,22.8,74.5,6.65,131.8,6.24,10.272
rice,Karnataka,1213.6,30.7,66.9,6.83,170.1,11.48,10.331
tomato,Telangana,918.8,21.8,41.4,5.91,225.0,13.23,52.729
tomato,AP,522.0,29.0,49.4,5.7,280.5,2.03,49.323
rice,AP,1751.0,27.0,47.4,5.75,195.2,11.68,11.134
rice,Punjab,1738.0,28.3,44.3,6.89,180.0,6.74,12.503
cotton,Karnataka,1380.4,39.5,37.8,7.5,127.9,1.57,3.923
rice,MP,1446.9,33.0,53.3,5.98,104.0,14.55,9.178
wheat,MP,876.1,18.0,37.9,6.98,137.4,4.23,6.967
groundnut,AP,964.3,30.8,47.2,5.77,60.5,1.3,3.241
wheat,MP,773.2,17.1,36.6,6.37,140.2,9.7,6.818
groundnut,Karnataka,1032.5,33.4,59.1,6.76,103.8,8.06,3.873
rice,Telangana,1154.9,30.1,57.8,5.88,177.2,1.75,9.632
wheat,Punjab,855.4,15.1,52.3,6.02,100.1,3.4,6.918
maize,MP,1147.0,30.3,44.4,6.53,218.5,4.36,12.794
rice,Maharashtra,1382.8,23.3,82.7,5.91,148.3,14.48,10.734
rice,Maharashtra,1850.5,33.8,35.0,6.46,120.2,13.76,11.156
wheat,Telangana,636.7,17.3,45.8,6.03,170.7,0.91,6.774
wheat,Maharashtra,491.3,22.8,73.3,7.0,148.1,7.61,7.239
groundnut,Punjab,920.1,33.5,81.6,5.61,61.1,4.44,3.528
wheat,MP,766.6,22.8,75.7,6.42,100.4,5.23,7.122
maize,Maharashtra,1499.2,32.2,72.6,6.3,155.4,7.89,13.156
maize,MP,686.0,26.0,43.2,6.07,133.6,13.08,8.645
maize,Karnataka,1472.5,20.1,81.4,6.59,205.7,2.59,14.851
tomato,Telangana,985.5,22.2,33.7,5.97,167.4,2.17,47.878
cotton,MP,610.1,35.4,70.2,7.54,125.4,9.96,3.145
cotton,Punjab,1474.7,34.8,57.3,6.39,115.8,11.49,4.921
tomato,Punjab,811.9,26.2,41.6,5.54,266.5,10.02,48.183
wheat,Karnataka,900.9,19.3,44.2,6.73,80.8,2.08,6.72
tomato,Maharashtra,1067.0,28.4,43.2,6.46,188.5,4.53,58.744
groundnut,Punjab,850.4,33.9,49.2,5.87,118.1,14.02,3.421
soybean,Maharashtra,766.5,23.9,84.2,6.2,134.2,8.42,5.491
maize,Karnataka,912.3,28.9,55.9,6.82,145.4,11.4,10.458
cotton,MP,1214.3,36.3,39.1,7.94,122.4,14.1,3.694
maize,Telangana,1087.5,33.3,59.2,6.4,179.0,4.59,12.041
soybean,Telangana,1058.5,22.8,33.0,7.34,146.5,9.52,4.509
rice,MP,1369.2,26.2,66.9,5.68,130.2,1.23,8.663
cotton,Karnataka,685.3,26.9,43.3,6.36,96.3,4.2,3.769
wheat,MP,483.4,24.0,53.9,6.2,179.9,1.57,6.178
groundnut,Karnataka,565.0,27.3,36.7,6.13,100.6,9.53,2.945
tomato,Karnataka,601.9,28.0,76.4,6.07,217.6,1.77,56.614
soybean,Punjab,1120.4,25.1,55.6,7.24,146.0,7.11,5.334
rice,Maharashtra,1067.4,22.8,65.1,6.92,126.1,12.51,9.264
rice,Punjab,929.5,34.6,59.5,5.59,143.8,11.96,8.157
soybean,AP,604.9,29.0,64.5,7.22,143.1,5.34,4.19
soybean,Karnataka,1472.8,30.6,75.3,6.7,146.0,13.57,6.692
rice,AP,1898.4,30.2,49.4,5.72,172.5,7.6,11.392
tomato,Punjab,980.6,20.6,68.8,6.08,261.7,3.43,62.003
maize,Maharashtra,924.7,33.9,54.7,6.91,157.2,4.02,10.221
tomato,MP,1009.8,25.1,79.7,6.05,186.5,14.56,58.674
cotton,AP,1203.6,27.6,83.0,7.56,153.8,0.64,4.713
cotton,Telangana,792.5,28.2,43.0,6.59,87.6,13.86,3.684
tomato,Telangana,638.7,26.7,48.8,6.47,159.7,14.3,50.202
soybean,Telangana,757.4,31.7,80.5,6.06,111.3,14.18,4.783
groundnut,Telangana,1040.9,34.2,80.1,6.37,113.3,10.41,4.47
maize,MP,595.5,26.1,63.6,6.15,133.3,10.41,8.771
rice,Karnataka,1038.9,29.8,46.3,6.35,150.3,3.94,9.68
wheat,Telangana,439.1,19.8,45.9,6.03,99.4,13.35,5.658
wheat,Telangana,1124.2,17.9,42.8,6.56,138.6,4.46,8.188
wheat,MP,1035.1,17.7,61.4,6.62,160.8,6.52,8.081
cotton,AP,1490.2,39.5,75.5,6.84,121.2,11.02,5.257
maize,Maharashtra,874.6,23.8,32.6,6.99,194.9,13.55,9.604
cotton,Telangana,1213.8,35.9,82.5,7.39,124.8,7.93,4.669
tomato,Telangana,464.3,18.2,79.2,6.14,191.0,13.07,51.109
cotton,AP,1182.7,25.7,30.2,6.75,86.6,14.43,3.864
cotton,Karnataka,1100.0,28.6,77.0,7.82,153.8,8.39,3.957
soybean,Maharashtra,1326.3,28.8,44.4,6.92,96.2,11.0,4.671
soybean,MP,704.5,22.2,61.0,7.02,107.2,9.41,4.387
wheat,Karnataka,833.0,11.9,46.5,7.26,164.5,2.83,6.914
soybean,AP,1117.5,21.1,63.8,7.02,127.5,13.21,5.259
wheat,MP,490.2,16.2,61.2,6.89,83.2,4.96,5.681
cotton,Maharashtra,1080.0,33.8,54.1,7.89,141.1,7.41,3.511
maize,MP,540.9,29.8,60.0,6.56,198.4,9.53,10.814
tomato,Telangana,657.6,28.8,82.2,6.18,227.1,14.7,61.203
maize,Karnataka,815.1,28.4,78.6,6.53,164.0,6.69,11.782
groundnut,MP,903.5,30.0,48.0,5.54,114.3,7.85,2.946
maize,Karnataka,760.9,23.7,62.7,5.84,215.8,2.07,10.856
rice,MP,1433.3,22.7,81.0,6.99,142.4,11.0,10.777
rice,MP,1726.6,25.2,46.7,5.6,169.7,3.71,10.089
groundnut,Punjab,975.5,31.3,79.1,6.91,100.8,3.26,3.908
wheat,Maharashtra,772.6,21.1,66.4,7.37,80.9,1.51,5.842
rice,Maharashtra,1518.7,25.5,64.3,5.8,127.4,2.62,9.818
soybean,Maharashtra,1326.5,26.1,50.3,6.57,141.5,12.96,6.112
soybean,AP,1151.5,23.4,43.3,6.22,86.1,11.18,4.564
groundnut,Punjab,962.7,28.0,32.2,6.43,113.2,14.79,3.673
tomato,Maharashtra,1009.3,26.3,72.4,6.66,299.2,5.6,72.321
groundnut,Karnataka,1130.1,32.4,43.4,6.67,114.6,8.9,4.102
maize,MP,1271.6,25.7,36.1,6.65,160.3,2.05,11.813
wheat,Telangana,889.5,19.0,71.5,6.22,120.4,0.74,7.745
soybean,Telangana,1391.8,25.8,33.3,6.86,123.5,11.48,5.023
wheat,Karnataka,1156.6,16.5,36.5,6.56,170.7,1.07,8.467
tomato,Telangana,921.9,20.1,46.6,5.54,286.4,7.26,55.056
soybean,Maharashtra,1250.3,25.2,78.1,6.86,128.3,13.38,5.653
rice,MP,1772.9,23.9,78.3,6.62,181.5,13.91,14.667
wheat,AP,858.2,17.1,73.9,7.44,170.2,1.33,7.484
rice,Punjab,1635.3,22.4,37.1,5.85,188.8,1.24,10.755
maize,MP,1474.8,31.3,53.5,6.32,214.7,5.58,13.817
soybean,Maharashtra,1327.6,23.1,48.4,6.22,107.3,11.66,5.126
rice,Punjab,1262.2,24.6,46.7,6.84,113.9,11.47,8.559
groundnut,Karnataka,1066.1,36.6,67.9,5.96,88.5,12.02,3.783
rice,MP,1258.4,33.6,65.4,5.82,188.4,9.21,11.555
soybean,AP,739.3,30.4,36.0,6.08,98.9,2.05,3.695
cotton,Telangana,1164.4,38.2,43.6,6.6,104.7,11.84,4.208
cotton,MP,1076.4,28.5,81.3,6.23,125.6,2.5,4.895
rice,Punjab,910.0,25.2,54.9,5.81,125.3,1.41,8.747
tomato,Karnataka,647.6,18.9,73.6,6.63,248.0,14.12,64.232
cotton,Karnataka,1005.4,34.3,34.9,6.81,91.9,11.29,3.783
wheat,AP,439.6,13.0,74.5,6.44,139.4,1.37,6.885
maize,AP,1045.3,27.2,49.6,6.18,171.7,5.48,10.319
tomato,Karnataka,935.0,20.6,31.6,6.21,161.8,13.45,46.605
wheat,Telangana,794.9,17.8,49.1,6.2,157.5,0.96,7.555
soybean,Karnataka,1346.9,31.0,62.4,7.01,93.4,13.72,5.141
wheat,Punjab,982.4,11.8,47.9,7.2,89.8,11.76,6.061
wheat,Karnataka,1106.1,16.0,68.3,7.49,81.9,13.78,6.491
soybean,AP,986.6,26.2,60.6,7.32,147.0,4.95,4.833
wheat,Maharashtra,781.6,14.4,56.0,6.63,163.4,9.79,7.788
cotton,Maharashtra,1424.0,30.5,70.5,7.05,93.0,8.62,4.605
rice,AP,1936.6,33.6,61.1,6.49,192.2,12.49,13.764
maize,MP,910.5,20.6,46.7,6.23,135.0,1.89,9.45
wheat,MP,501.4,10.7,82.2,6.44,174.1,12.78,7.802
wheat,Punjab,1006.9,12.0,35.6,6.16,134.4,12.46,6.443
maize,Maharashtra,688.3,22.8,39.0,5.85,184.2,3.88,8.736
maize,Karnataka,1039.3,22.9,66.7,6.56,170.2,14.73,11.834
cotton,Punjab,1199.3,37.5,37.2,7.91,129.8,1.28,3.516
rice,Telangana,1495.2,29.9,82.5,6.0,118.2,11.45,10.768
groundnut,Telangana,763.7,31.3,43.8,5.55,74.8,6.96,2.674
tomato,Punjab,453.7,20.5,57.5,6.66,272.4,10.58,55.119
rice,Maharashtra,1819.4,32.8,32.6,6.54,191.6,3.85,11.753
soybean,Punjab,645.4,31.1,77.9,6.13,120.6,6.6,4.65
tomato,Maharashtra,1043.1,18.7,53.2,6.12,253.7,8.4,60.064
tomato,Karnataka,422.8,19.8,38.0,6.27,236.0,11.46,48.283
cotton,Maharashtra,1428.6,30.8,61.2,6.3,140.6,6.11,5.146
soybean,MP,626.4,26.0,31.6,7.35,135.7,13.28,3.633
maize,Karnataka,1282.7,22.2,32.4,6.2,141.4,11.22,9.456
tomato,Punjab,508.0,27.9,30.4,5.72,200.7,6.83,39.964
wheat,MP,860.6,16.9,46.5,6.27,109.9,14.88,6.414
rice,Telangana,1934.6,30.0,82.0,5.54,165.1,5.7,11.968
maize,AP,689.8,22.2,62.4,6.01,189.9,7.11,10.345
rice,Telangana,1140.3,22.7,40.3,5.91,192.3,3.46,9.429
wheat,MP,853.6,12.6,77.4,6.23,91.7,9.99,7.643
cotton,AP,656.7,38.7,67.6,6.83,92.4,12.06,3.694
groundnut,Punjab,1044.1,27.2,65.6,5.64,91.1,12.61,3.516
maize,AP,1144.1,27.6,39.1,6.56,208.7,2.24,12.153
wheat,AP,1185.4,10.9,46.1,7.48,176.8,13.42,7.318
rice,MP,1797.1,30.8,45.0,6.9,144.5,2.28,10.82
groundnut,Punjab,821.2,25.2,35.2,6.76,65.5,13.3,3.308
tomato,AP,844.3,21.4,43.9,6.89,185.7,5.64,48.443
groundnut,Telangana,855.3,33.9,39.5,6.96,107.0,11.93,3.18
maize,Karnataka,1443.1,26.9,48.3,6.47,138.5,10.7,12.163
tomato,AP,856.4,26.3,33.1,5.5,275.6,4.08,51.765
maize,Maharashtra,666.5,30.0,48.3,6.94,127.7,7.35,8.97
maize,AP,1240.9,30.3,50.3,5.94,176.9,3.81,10.361
soybean,Karnataka,777.8,30.5,44.1,7.45,118.4,13.21,3.376
rice,Karnataka,1387.9,25.4,79.8,6.27,176.7,14.57,12.409
rice,AP,808.4,32.0,80.8,5.77,105.2,11.98,8.179
rice,Karnataka,1812.8,33.8,71.9,6.32,170.3,10.49,13.461
rice,Karnataka,1915.9,22.1,40.4,6.73,127.9,7.01,11.615
wheat,Maharashtra,1028.7,24.5,30.7,6.81,131.1,3.12,7.461
tomato,Punjab,626.6,26.5,68.3,6.74,206.2,6.84,55.304
soybean,Maharashtra,606.0,25.0,45.8,6.4,139.5,8.39,4.5
cotton,Karnataka,638.3,25.3,75.4,7.91,131.5,7.47,3.736
tomato,Telangana,434.8,27.5,76.9,6.37,222.1,6.95,58.452
tomato,MP,785.3,18.6,60.0,6.86,227.6,0.7,53.232
wheat,AP,863.5,15.6,35.8,6.25,85.5,13.57,5.937
maize,Punjab,575.3,21.1,32.3,6.55,179.1,7.18,9.068
maize,Punjab,1411.0,29.8,84.1,6.83,158.6,10.35,12.817
rice,Punjab,1181.7,22.6,47.6,5.92,117.9,9.39,8.311
maize,MP,681.2,33.5,54.2,5.9,146.0,9.13,8.815
wheat,Telangana,859.4,16.1,54.4,7.27,121.6,9.09,5.82
wheat,MP,703.1,10.2,60.6,6.49,96.9,7.93,6.901
tomato,Karnataka,1115.4,18.1,51.0,6.48,247.9,3.68,68.733
cotton,AP,1320.4,26.0,44.6,7.13,104.5,7.83,4.189
groundnut,Karnataka,920.5,34.1,57.6,6.15,115.6,8.5,3.912
groundnut,Punjab,1133.6,30.9,62.4,5.7,83.4,5.75,3.497
soybean,Maharashtra,798.9,21.0,46.8,6.68,141.5,4.25,4.806
wheat,AP,781.5,10.5,35.8,6.43,93.1,6.76,5.892
maize,AP,1284.0,31.0,70.3,6.1,146.3,8.58,11.538
cotton,Karnataka,749.9,32.1,53.5,8.0,108.5,6.77,3.204
tomato,AP,889.4,18.6,66.9,6.83,186.6,12.07,53.866
wheat,Maharashtra,669.9,24.7,38.6,6.42,174.9,6.14,7.207
tomato,Maharashtra,1009.3,18.0,51.9,5.84,250.5,12.56,57.414
tomato,Karnataka,768.4,18.4,52.9,6.88,206.4,4.7,51.877
rice,AP,1400.7,32.2,46.7,6.06,165.2,10.94,10.528
groundnut,AP,976.5,33.4,62.2,5.73,113.3,6.04,3.692
maize,Karnataka,647.3,33.8,63.6,5.93,172.4,14.99,9.362
maize,AP,1167.3,32.6,48.9,6.22,149.7,8.49,10.871
maize,Punjab,868.1,34.0,61.8,6.82,205.2,13.06,10.872
wheat,MP,1162.6,11.0,81.1,6.04,97.5,9.28,7.895
wheat,Maharashtra,1143.3,20.9,55.7,7.14,112.0,13.34,6.33
wheat,Karnataka,947.4,11.0,62.0,6.06,93.0,8.28,6.775
tomato,AP,529.2,28.2,61.1,6.19,248.0,2.06,56.265
soybean,Telangana,1354.6,25.9,84.2,7.28,118.5,10.07,5.803
wheat,AP,1044.8,22.5,52.2,6.93,167.2,1.33,7.848
soybean,Maharashtra,1288.0,20.9,36.4,7.16,124.7,8.33,4.583
groundnut,MP,570.6,31.0,70.5,6.41,116.4,2.52,3.623
soybean,Karnataka,1030.2,24.4,62.2,6.19,145.3,14.83,5.406
maize,AP,1024.3,33.3,67.5,5.93,147.0,1.61,9.92
tomato,Punjab,666.4,28.1,68.7,5.57,279.5,4.81,52.398
rice,AP,998.9,29.8,75.9,6.27,175.8,6.26,11.148
groundnut,AP,1054.1,32.2,48.1,6.97,107.8,6.71,3.671
rice,AP,1713.1,24.0,30.5,5.62,163.1,12.13,8.946
groundnut,Telangana,867.0,34.6,39.7,5.86,66.2,12.89,2.771
cotton,Punjab,1342.4,37.5,84.6,7.72,82.9,7.79,4.15
wheat,Karnataka,1080.0,22.3,51.0,6.46,139.7,0.65,7.686
groundnut,Karnataka,587.8,36.2,69.4,6.54,72.4,1.7,3.477
soybean,Telangana,1068.9,26.7,71.8,7.42,83.8,3.87,4.244
soybean,MP,1323.8,21.2,35.7,6.41,106.1,11.55,4.926
soybean,Karnataka,1352.3,27.0,66.0,6.76,98.4,6.95,5.404
rice,Karnataka,1823.2,31.5,75.8,6.56,128.0,8.9,12.909
cotton,AP,1378.9,30.9,62.6,7.31,117.3,1.09,4.898
soybean,Punjab,1362.7,23.7,68.2,7.33,108.2,1.76,4.732
maize,Punjab,1261.2,20.2,79.6,6.96,139.1,7.98,11.317
soybean,Karnataka,1073.3,26.6,55.7,7.06,141.5,3.88,5.071
maize,MP,604.6,28.5,35.7,6.65,179.8,12.89,8.826
wheat,MP,809.5,20.8,77.3,6.62,149.8,14.4,8.516
groundnut,AP,923.8,28.5,47.7,6.81,113.4,9.86,3.694
rice,Karnataka,1761.0,33.3,64.6,6.27,194.2,2.7,13.581
groundnut,Karnataka,1066.2,37.7,55.0,6.8,79.5,14.76,3.815
soybean,Maharashtra,839.5,30.6,45.0,6.58,99.5,5.94,4.395
groundnut,Maharashtra,502.4,27.2,52.7,6.82,64.5,7.12,2.793
maize,AP,514.3,33.5,78.8,6.62,146.3,1.76,10.284
rice,Karnataka,1476.3,28.6,71.7,6.48,129.8,6.38,11.732
groundnut,AP,755.1,32.7,40.9,6.53,109.9,8.76,3.418
rice,MP,1542.2,30.5,31.6,6.23,121.3,4.35,9.936
soybean,AP,970.1,29.9,65.4,6.12,106.2,11.68,4.811
rice,Telangana,1277.0,34.9,58.1,5.56,149.5,3.98,8.568
tomato,MP,745.3,27.3,84.5,6.91,180.4,14.13,57.096
tomato,Punjab,1129.9,24.8,77.2,6.82,291.8,6.34,75.118
wheat,MP,804.6,15.9,40.1,6.96,131.4,12.25,7.137
soybean,Karnataka,737.9,22.0,57.9,7.2,129.2,4.94,4.751
cotton,MP,1100.3,29.2,65.8,6.09,94.0,2.83,4.193
tomato,MP,959.2,21.7,54.1,6.5,237.2,13.51,61.565
wheat,Punjab,990.5,21.9,49.2,6.96,117.9,9.99,7.417
tomato,AP,1055.9,22.4,58.6,6.45,224.9,11.2,61.995
wheat,Karnataka,1072.2,23.3,45.5,6.25,110.9,14.09,7.442
rice,Telangana,999.8,24.4,51.6,6.59,188.8,2.47,9.908
maize,Telangana,1386.2,33.1,46.2,6.97,167.4,11.66,11.453
maize,MP,1290.7,22.7,46.8,5.94,120.8,12.33,10.027
tomato,AP,419.2,22.6,56.3,5.51,155.4,5.72,39.117
cotton,MP,659.5,33.8,49.4,6.13,113.9,3.75,3.58
wheat,Karnataka,459.5,24.3,73.3,6.74,131.3,10.58,6.869
wheat,Punjab,807.3,13.2,32.1,7.1,115.8,13.23,5.909
wheat,Telangana,846.4,16.9,82.7,6.29,103.7,0.8,7.779
rice,Maharashtra,846.6,24.5,63.0,6.9,115.0,5.53,8.804
tomato,Telangana,462.9,20.5,81.8,6.16,227.3,0.73,56.146
maize,Punjab,572.5,21.2,45.8,6.58,210.9,4.4,10.732
soybean,Maharashtra,824.7,28.9,40.5,6.46,118.1,2.62,4.703
maize,Punjab,1047.2,20.1,47.9,6.75,189.1,7.23,10.459
maize,AP,1043.9,33.5,31.6,6.5,189.0,7.92,10.755
cotton,Punjab,709.7,35.2,83.8,6.17,144.6,9.59,4.592
rice,AP,1919.7,22.6,73.5,6.66,113.3,13.39,11.877
rice,MP,1839.3,34.5,66.6,6.22,122.1,7.06,11.639
cotton,Karnataka,995.9,36.3,76.4,7.16,110.0,14.98,4.279
soybean,AP,1298.6,29.0,57.1,6.98,139.8,3.14,5.503
cotton,Maharashtra,882.4,29.6,63.3,6.2,122.0,11.07,4.352
tomato,Telangana,1120.9,18.6,82.0,5.68,273.9,4.96,70.44
cotton,Karnataka,791.4,38.4,49.9,6.31,140.7,10.11,4.062
tomato,Maharashtra,663.8,23.3,34.7,5.63,262.6,9.65,44.925
wheat,Telangana,854.1,16.1,44.7,6.42,130.8,1.99,6.799
tomato,MP,906.4,24.9,81.3,6.54,171.6,4.63,63.516
soybean,AP,1391.1,23.6,34.2,7.12,121.9,6.51,5.086
maize,Telangana,815.3,27.2,78.6,6.39,181.8,3.02,10.856
maize,Punjab,1419.6,20.1,44.5,5.95,193.3,10.99,11.724
rice,Karnataka,1105.5,24.5,44.7,5.72,120.0,13.1,7.663
tomato,Telangana,1007.8,23.6,33.7,6.4,213.8,11.22,57.047
cotton,Karnataka,767.3,33.2,40.8,6.76,82.2,3.48,3.47
maize,MP,912.4,28.2,69.0,5.94,176.2,13.18,10.565
tomato,Telangana,997.9,25.3,64.1,6.25,287.9,5.81,70.131
wheat,Karnataka,707.0,12.7,63.3,7.25,147.3,6.98,6.43
wheat,AP,821.5,19.1,37.2,6.15,127.1,1.28,6.2
maize,Karnataka,1105.5,29.7,58.9,6.04,132.9,13.92,10.681
groundnut,Telangana,855.7,27.6,35.3,6.67,100.9,9.44,3.419
wheat,AP,1191.7,18.5,82.3,6.56,101.4,9.59,8.725
rice,AP,871.3,34.2,64.3,6.57,110.3,6.58,8.673
tomato,Punjab,533.9,21.0,32.5,5.78,153.6,12.62,39.815
cotton,Karnataka,726.7,35.0,34.9,7.49,84.1,8.66,3.192
maize,Telangana,531.0,30.3,70.5,6.04,151.3,11.68,8.956
cotton,Maharashtra,680.3,36.5,47.5,7.74,157.1,2.3,3.363
rice,Maharashtra,1845.5,27.4,42.8,6.64,147.1,3.99,11.791
soybean,Karnataka,700.3,22.1,61.8,6.75,146.8,6.42,4.728
soybean,Punjab,1238.3,23.0,65.0,6.16,94.8,7.3,4.986
groundnut,MP,699.5,29.7,60.1,6.29,87.6,5.03,3.52
cotton,Telangana,932.7,26.3,31.7,7.47,109.2,1.6,3.238
groundnut,AP,1095.9,37.7,81.9,6.8,106.6,6.59,4.174
soybean,Karnataka,1306.8,28.6,60.0,7.27,108.9,0.65,5.045
tomato,Maharashtra,915.4,24.7,48.9,5.8,186.5,10.89,48.435
soybean,MP,836.4,28.1,34.4,6.19,149.9,11.26,4.626
soybean,AP,677.3,20.3,32.3,6.54,136.2,10.71,4.079
wheat,Maharashtra,1147.3,11.9,42.6,6.46,165.1,5.99,8.559
maize,Maharashtra,947.6,35.0,80.3,6.26,154.8,5.28,11.166
rice,Karnataka,902.2,32.0,30.1,6.31,106.1,14.07,7.589
rice,Punjab,1623.7,27.7,63.5,5.86,168.0,11.03,11.418
rice,Karnataka,1978.3,27.4,76.5,6.89,120.2,5.0,12.518
cotton,MP,1477.0,39.0,63.4,7.66,84.0,12.61,4.191
rice,AP,1012.1,30.4,45.6,6.16,121.8,9.47,8.286
wheat,Punjab,1164.2,10.1,56.3,7.05,109.1,8.76,7.576
wheat,MP,458.7,20.5,63.5,6.6,161.9,0.65,7.343
wheat,Punjab,839.0,15.1,67.9,7.04,178.8,1.36,8.385
cotton,Karnataka,1456.0,25.8,72.2,6.58,97.7,8.09,5.163
tomato,Maharashtra,1163.1,28.2,56.2,6.49,231.0,11.47,66.941
groundnut,Punjab,1140.0,27.6,50.5,6.73,117.0,2.15,4.165
wheat,Maharashtra,922.5,22.8,63.1,6.19,155.7,4.97,7.972
maize,Punjab,1119.4,24.1,76.2,6.71,186.2,11.64,12.415
maize,Telangana,1419.1,25.5,38.0,6.96,160.2,13.33,11.187
groundnut,Karnataka,827.9,31.5,34.6,5.91,78.0,14.01,3.053
soybean,Telangana,1408.7,23.4,37.0,7.19,136.0,0.75,5.201
soybean,Karnataka,1160.1,27.8,69.9,6.04,86.2,11.56,5.008
maize,AP,1090.2,29.2,56.3,5.93,186.8,9.24,11.727
tomato,MP,713.3,27.1,84.1,6.15,176.6,7.65,56.702
maize,Punjab,1170.3,31.1,39.5,6.4,184.6,5.83,11.322
maize,Punjab,1282.4,22.1,53.5,6.1,132.4,6.11,10.193
cotton,Punjab,1496.1,38.4,44.9,7.76,131.7,6.07,3.905
wheat,Telangana,1118.0,21.2,57.5,7.48,99.5,12.0,6.398
maize,Maharashtra,855.1,32.2,44.8,6.32,211.3,13.5,10.644
cotton,AP,899.7,29.8,68.1,6.18,150.6,9.54,4.524
rice,Maharashtra,1275.8,32.7,34.4,6.9,100.6,10.29,8.343
rice,Maharashtra,1241.9,27.4,78.6,6.54,114.1,0.57,10.693
soybean,Maharashtra,750.9,28.9,64.7,6.06,110.2,1.52,4.158
soybean,Punjab,833.9,21.1,30.6,6.31,144.0,2.44,4.388
tomato,AP,1183.9,26.3,56.4,6.88,278.3,5.34,70.58
tomato,Telangana,1165.8,24.8,48.7,6.81,260.2,13.57,70.12
rice,Telangana,1315.7,32.9,36.3,5.91,167.1,13.05,9.099
wheat,Karnataka,711.9,20.1,81.4,6.42,177.3,9.17,8.871
maize,AP,1396.3,32.1,84.0,5.9,167.6,7.08,12.961
maize,Karnataka,660.1,24.1,48.7,6.36,138.1,2.0,9.146
rice,MP,1793.0,29.7,52.0,6.72,113.6,1.07,11.338
soybean,Maharashtra,654.3,20.7,31.1,6.46,134.0,9.43,3.954
tomato,Punjab,1155.5,23.2,56.7,5.57,257.0,13.28,62.393
groundnut,Karnataka,794.2,35.3,65.0,5.58,105.9,8.72,3.445
cotton,MP,702.7,34.7,32.4,6.94,97.4,8.31,3.167
wheat,MP,631.5,13.7,34.7,7.49,95.0,4.93,4.791
wheat,Telangana,1008.3,24.3,84.5,7.15,152.7,11.6,8.363
rice,Telangana,1165.8,24.1,64.4,6.57,127.7,5.18,9.762
cotton,Karnataka,1040.1,38.6,84.2,7.99,155.5,0.72,3.932
wheat,MP,1051.0,16.4,45.9,6.71,106.5,14.73,7.365
maize,Karnataka,691.9,24.1,79.9,5.93,218.9,8.51,11.768
maize,Karnataka,1026.7,21.4,49.4,6.28,180.2,10.64,11.373
rice,Punjab,1726.3,30.4,55.0,6.27,125.4,4.75,11.162
rice,AP,1970.3,28.0,33.8,6.58,151.8,1.18,11.57
groundnut,AP,707.3,28.4,83.4,6.59,103.0,5.0,4.02
cotton,Karnataka,1201.1,35.5,69.9,6.34,140.1,14.96,5.254
wheat,Telangana,947.7,20.7,75.5,7.42,176.7,11.63,8.019
groundnut,Punjab,741.9,29.0,58.8,6.78,106.1,10.13,3.337
cotton,Punjab,1251.9,28.6,81.8,7.07,133.1,12.15,5.261
soybean,Punjab,717.1,24.1,84.1,7.21,146.9,9.77,4.865
